scenario_id,S,K,T,sigma,r,moneyness,num_paths,mc_runtime_ms,mc_price
1,221.807055,199.852938,1.876693,0.150079,0.069276,1.109851,20000,2.294381,49.289041
2,126.871371,119.742922,1.274543,0.273405,0.079692,1.059531,20000,2.294381,25.565844
3,62.648289,65.512471,0.955244,0.455097,0.067669,0.95628,20000,2.294381,11.470557
4,87.718081,89.938219,1.775709,0.330011,0.03675,0.975315,20000,2.294381,16.845862
5,178.260756,164.186299,0.423879,0.220058,0.018624,1.085722,20000,2.294381,19.600706
6,75.657229,70.534897,1.872305,0.338705,0.058383,1.072621,20000,2.294381,20.094262
7,62.950486,87.180419,1.666621,0.223418,0.073509,0.722071,20000,2.294381,2.753932
8,50.788941,57.638885,0.169508,0.345684,0.04379,0.881158,20000,2.294381,0.861433
9,164.763868,135.128551,1.919679,0.173716,0.032246,1.219312,20000,2.294381,39.625848
10,66.13013,57.443977,1.439962,0.263752,0.073193,1.151211,20000,2.294381,16.657711
11,124.645723,112.049109,1.386449,0.571253,0.058116,1.11242,20000,2.294381,41.673754
12,117.545926,91.467689,1.426917,0.130686,0.018274,1.285109,20000,2.294381,28.742771
13,121.245787,138.095121,1.403161,0.284117,0.076943,0.877987,20000,2.294381,15.223761
14,156.733194,138.445022,1.034256,0.594637,0.046258,1.132097,20000,2.294381,49.078383
15,131.479052,156.979224,1.925876,0.257528,0.048987,0.837557,20000,2.294381,13.914614
16,123.187313,109.220183,1.421396,0.250464,0.063389,1.12788,20000,2.294381,28.154491
17,115.102312,114.508987,0.982811,0.416273,0.048257,1.005181,20000,2.294381,21.150666
18,135.513688,147.162293,1.750622,0.136517,0.071321,0.920845,20000,2.294381,12.524212
19,162.981552,133.951222,1.111214,0.247656,0.070224,1.216723,20000,2.294381,42.089967
20,164.306509,170.585061,1.900896,0.593042,0.073239,0.963194,20000,2.294381,57.518861
21,99.121985,111.017851,0.670282,0.260986,0.037913,0.892847,20000,2.294381,5.04838
22,235.198216,192.590379,1.072503,0.343202,0.037882,1.221236,20000,2.294381,60.922513
23,139.014575,131.284529,1.796706,0.427759,0.016542,1.05888,20000,2.294381,35.661456
24,84.572236,104.325817,1.586398,0.179311,0.068267,0.810655,20000,2.294381,4.287091
25,80.422981,69.167864,1.268805,0.181703,0.02773,1.162722,20000,2.294381,15.22403
26,110.807097,90.560581,0.220512,0.539607,0.072601,1.223569,20000,2.294381,24.442342
27,65.243474,74.27452,0.810496,0.490233,0.002508,0.87841,20000,2.294381,8.478166
28,140.024535,195.746314,1.981768,0.389809,0.029733,0.715337,20000,2.294381,17.31183
29,76.74489,98.647361,0.62109,0.371136,0.032591,0.777972,20000,2.294381,3.078718
30,72.732024,63.972496,1.209019,0.582277,0.025914,1.136926,20000,2.294381,22.75735
31,104.676112,131.059484,0.407865,0.433445,0.018914,0.798692,20000,2.294381,3.991054
32,144.376955,155.561312,0.204362,0.206668,0.007041,0.928103,20000,2.294381,1.814107
33,101.94493,121.11822,0.612596,0.331453,0.066782,0.841698,20000,2.294381,5.501415
34,131.822864,170.152905,0.593949,0.270547,0.002292,0.774732,20000,2.294381,1.66185
35,115.77635,102.272209,0.329585,0.267978,0.018795,1.132041,20000,2.294381,16.00645
36,139.467533,147.111909,1.414094,0.153757,0.050416,0.948037,20000,2.294381,11.250085
37,52.600511,52.383062,0.396133,0.296999,0.037324,1.004151,20000,2.294381,4.41486
38,113.970856,102.364397,0.99049,0.42243,0.063875,1.113384,20000,2.294381,27.541035
39,90.702826,81.00457,0.716109,0.103344,0.064477,1.119725,20000,2.294381,13.45415
40,78.926257,82.927522,1.512222,0.206609,0.036022,0.95175,20000,2.294381,8.20148
41,230.887298,199.198007,0.179621,0.581143,0.054175,1.159084,20000,2.294381,41.946526
42,137.718031,181.637117,0.802459,0.592693,0.058925,0.758204,20000,2.294381,17.934462
43,136.923973,187.027375,1.818315,0.513661,0.04254,0.732107,20000,2.294381,26.17421
44,214.78102,167.412789,1.306607,0.535534,0.070495,1.282943,20000,2.294381,80.683682
45,63.342491,70.68105,1.64155,0.468917,0.045691,0.896174,20000,2.294381,14.029349
46,198.23673,169.009441,1.240229,0.36906,0.055169,1.172933,20000,2.294381,53.796778
47,160.609958,124.973648,0.218904,0.153791,0.006651,1.285151,20000,2.294381,35.776337
48,237.039923,190.316793,1.35072,0.160213,0.044748,1.245502,20000,2.294381,58.893268
49,233.941405,180.001589,1.617863,0.432771,0.078619,1.299663,20000,2.294381,90.674846
50,83.857755,99.300891,0.081791,0.473575,0.04396,0.844481,20000,2.294381,0.669412
51,118.901779,149.082294,1.899096,0.579623,0.027403,0.797558,20000,2.294381,29.649468
52,172.353667,153.42459,1.457482,0.375524,0.067619,1.123377,20000,2.294381,47.528226
53,113.064774,107.38044,0.843747,0.564363,0.07879,1.052936,20000,2.294381,28.588891
54,195.606213,172.536974,1.746035,0.585175,0.064082,1.133706,20000,2.294381,75.469341
55,79.496149,96.484299,1.827978,0.103372,0.022257,0.823928,20000,2.294381,0.838418
56,81.906242,114.057614,0.852105,0.593943,0.026079,0.718113,20000,2.294381,8.793482
57,82.510859,95.83622,0.687533,0.564538,0.027535,0.860957,20000,2.294381,11.057957
58,64.581047,50.104546,0.258899,0.293369,0.048122,1.288926,20000,2.294381,15.313393
59,135.605679,139.18988,1.484212,0.153376,0.013212,0.97425,20000,2.294381,9.713929
60,253.377142,195.752272,1.502067,0.328663,0.01312,1.294377,20000,2.294381,76.105318
61,121.912771,158.253907,0.588801,0.395467,0.077268,0.770362,20000,2.294381,5.908601
62,180.482192,172.454959,1.925433,0.581175,0.069282,1.046547,20000,2.294381,67.947217
63,74.518214,67.351511,0.716623,0.375946,0.074067,1.106407,20000,2.294381,14.796762
64,107.137179,83.652571,1.000583,0.57215,0.039151,1.28074,20000,2.294381,37.446906
65,118.886778,132.418729,1.538082,0.266853,0.066659,0.897809,20000,2.294381,15.296902
66,119.64699,118.621725,0.383204,0.4477,0.042372,1.008643,20000,2.294381,14.625668
67,72.187109,63.982406,1.733477,0.454945,0.030832,1.128234,20000,2.294381,22.075316
68,123.786046,104.90682,1.36057,0.106408,0.061976,1.179962,20000,2.294381,27.357702
69,172.149782,184.438084,1.251711,0.512302,0.029945,0.933374,20000,2.294381,37.1445
70,56.926612,58.152322,0.861492,0.207029,0.048821,0.978922,20000,2.294381,4.904912
71,105.540055,82.900402,0.09606,0.539982,0.071809,1.273095,20000,2.294381,23.612404
72,99.586062,88.959937,0.601292,0.176894,0.062199,1.119448,20000,2.294381,14.830549
73,121.824287,99.360307,0.750672,0.436312,0.038342,1.226086,20000,2.294381,31.898473
74,163.378567,175.124706,1.511492,0.151003,0.024492,0.932927,20000,2.294381,9.907798
75,203.791723,186.18648,1.202917,0.121241,0.051938,1.094557,20000,2.294381,30.330682
76,136.432759,186.502243,0.202797,0.162538,0.040557,0.731534,20000,2.294381,0.0
77,114.987384,95.768912,0.931038,0.550484,0.000254,1.200675,20000,2.294381,33.055894
78,256.37846,197.732887,0.147711,0.334065,0.04001,1.29659,20000,2.294381,59.805376
79,160.500804,130.269279,0.123505,0.242007,0.029931,1.232069,20000,2.294381,30.838596
80,76.875939,91.252833,1.841182,0.454958,0.060854,0.84245,20000,2.294381,17.603903
81,167.544941,169.467079,0.462095,0.427619,0.046104,0.988658,20000,2.294381,20.337275
82,90.819696,88.920446,1.986083,0.586202,0.045354,1.021359,20000,2.294381,32.418814
83,150.480879,190.000859,0.559426,0.131357,0.007987,0.792001,20000,2.294381,0.060068
84,148.061507,115.853081,1.269505,0.457707,0.028462,1.278011,20000,2.294381,47.960744
85,54.374957,77.632857,1.400922,0.469727,0.008758,0.700412,20000,2.294381,5.916965
86,155.77225,124.680546,1.665836,0.137674,0.05717,1.249371,20000,2.294381,42.720892
87,87.168045,68.304191,1.20827,0.302771,0.009065,1.276174,20000,2.294381,22.352558
88,159.863808,170.557669,1.547852,0.419512,0.010798,0.937301,20000,2.294381,29.834521
89,225.368008,196.61763,0.478063,0.5183,0.062963,1.146225,20000,2.294381,49.63231
90,217.980493,176.521479,0.617866,0.127768,0.036832,1.234867,20000,2.294381,45.376407
91,199.286422,194.981378,1.972626,0.273844,0.04786,1.022079,20000,2.294381,41.074108
92,142.449572,191.331809,0.332988,0.46684,0.00131,0.744516,20000,2.294381,3.145985
93,79.704531,82.388756,0.506616,0.134783,0.057445,0.96742,20000,2.294381,2.906696
94,41.714973,57.012073,1.010727,0.302884,0.065754,0.731687,20000,2.294381,1.73925
95,95.090188,122.179814,1.720887,0.399999,0.046373,0.778281,20000,2.294381,14.111681
96,134.698521,126.131003,0.674132,0.122182,0.035604,1.067926,20000,2.294381,12.876028
97,71.935871,55.798304,0.653696,0.440392,0.030281,1.289213,20000,2.294381,19.705018
98,52.581572,63.168375,0.090303,0.476212,0.033751,0.832403,20000,2.294381,0.411776
99,116.523825,107.026164,1.997738,0.159796,0.047552,1.088741,20000,2.294381,22.233441
100,217.184113,175.797806,1.614198,0.291112,0.0423,1.23542,20000,2.294381,61.851894
101,82.604012,73.327356,1.506792,0.497324,0.003278,1.12651,20000,1.498997,23.5988
102,59.843072,52.580911,1.471217,0.210204,0.054548,1.138114,20000,1.498997,12.875091
103,172.776942,148.61054,0.902036,0.408574,0.030417,1.162616,20000,1.498997,41.391271
104,106.682392,116.799191,1.22848,0.594016,0.058225,0.913383,20000,1.498997,27.333476
105,49.2532,62.545344,0.229322,0.357769,0.06577,0.78748,20000,1.498997,0.424297
106,68.552298,52.742975,0.859041,0.56673,0.009851,1.299743,20000,1.498997,22.173524
107,132.106745,148.846879,1.729024,0.240158,0.006765,0.887535,20000,1.498997,10.839381
108,178.994551,188.365993,0.072753,0.111557,0.005556,0.950249,20000,1.498997,0.10619
109,155.235497,181.904828,0.581409,0.508023,0.014379,0.853389,20000,1.498997,15.188627
110,46.864875,60.937263,1.916518,0.134816,0.041284,0.769068,20000,1.498997,0.854822
111,139.660914,179.964388,0.919302,0.264271,0.001036,0.776048,20000,1.498997,3.342375
112,103.39907,99.675026,1.926387,0.16382,0.028915,1.037362,20000,1.498997,14.245416
113,46.733446,57.478481,1.791583,0.596603,0.008049,0.81306,20000,1.498997,11.311985
114,231.143703,199.080732,0.734909,0.110437,0.003006,1.161055,20000,1.498997,33.125823
115,109.686721,142.819543,0.657706,0.281116,0.070631,0.768009,20000,1.498997,2.482023
116,152.269536,196.806904,0.429965,0.3137,0.022067,0.7737,20000,1.498997,2.047079
117,109.17669,96.082688,1.890031,0.48638,0.040915,1.136278,20000,1.498997,37.814522
118,154.179753,163.88764,1.919967,0.436762,0.004689,0.940765,20000,1.498997,33.553062
119,88.444625,76.845673,0.105409,0.395033,0.070548,1.150938,20000,1.498997,12.70372
120,143.304837,139.048955,0.426026,0.247136,0.017659,1.030607,20000,1.498997,11.815272
121,128.923953,109.464499,1.207543,0.575352,0.071666,1.17777,20000,1.498997,43.906152
122,189.281302,176.596265,1.106435,0.559676,0.055141,1.071831,20000,1.498997,53.582053
123,196.704642,158.933035,1.877358,0.553495,0.007588,1.237657,20000,1.498997,74.223353
124,60.729021,69.894228,0.275922,0.350658,0.065387,0.86887,20000,1.498997,1.773196
125,164.573143,182.938036,0.71487,0.418556,0.071863,0.899611,20000,1.498997,19.10794
126,178.240505,176.023754,0.754015,0.425588,0.019287,1.012593,20000,1.498997,28.800312
127,90.499016,70.876214,0.165401,0.219078,0.042347,1.27686,20000,1.498997,20.114061
128,91.355435,128.743936,1.181661,0.182192,0.068172,0.70959,20000,1.498997,0.833021
129,83.854286,80.954366,0.489907,0.300687,0.048682,1.035822,20000,1.498997,9.523452
130,125.47502,99.432443,0.9374,0.521135,0.021351,1.261912,20000,1.498997,39.391912
131,124.467482,99.95123,1.42414,0.584735,0.050825,1.245282,20000,1.498997,48.047946
132,101.676326,109.096458,1.079301,0.299686,0.035817,0.931986,20000,1.498997,11.104139
133,112.65074,122.064751,0.215437,0.310296,0.052381,0.922877,20000,1.498997,3.47253
134,66.218909,88.187871,1.763305,0.591897,0.049951,0.750885,20000,1.498997,16.077294
135,193.763226,159.443788,1.318836,0.42583,0.030993,1.215245,20000,1.498997,57.467634
136,111.005931,102.9968,0.405819,0.426626,0.003601,1.077761,20000,1.498997,16.115085
137,106.876285,84.304352,1.352855,0.346462,0.028716,1.267743,20000,1.498997,31.170949
138,150.745431,177.657308,1.531256,0.341416,0.051841,0.848518,20000,1.498997,20.162036
139,146.017854,174.077311,0.384433,0.250911,0.023661,0.83881,20000,1.498997,1.849357
140,224.895003,195.334008,0.896205,0.488546,0.025655,1.151336,20000,1.498997,57.551549
141,73.742199,58.837316,0.559938,0.129792,0.045341,1.253324,20000,1.498997,16.334827
142,155.893256,180.36367,1.58373,0.532134,0.056604,0.864327,20000,1.498997,37.595668
143,69.229013,63.505116,0.734104,0.179186,0.016444,1.090133,20000,1.498997,8.03169
144,113.291163,107.111199,0.741052,0.362118,0.059786,1.057697,20000,1.498997,19.200839
145,118.237366,140.871079,0.388291,0.12615,0.056394,0.83933,20000,1.498997,0.101567
146,137.201067,141.579578,0.909923,0.510827,0.068718,0.969074,20000,1.498997,28.274809
147,79.302334,68.906949,0.195193,0.223705,0.032749,1.150861,20000,1.498997,11.022663
148,95.295683,73.831306,0.670362,0.335234,0.067516,1.290722,20000,1.498997,26.374785
149,178.4694,187.579854,0.257753,0.115281,0.038808,0.951432,20000,1.498997,1.560236
150,165.571648,153.616852,1.809453,0.503295,0.056548,1.077822,20000,1.498997,55.391847
151,183.618242,188.299919,0.673561,0.492558,0.051816,0.975137,20000,1.498997,30.22014
152,47.269798,50.64721,0.56768,0.367436,0.004632,0.933315,20000,1.498997,3.951775
153,61.919469,85.726004,1.172659,0.341358,0.026399,0.722295,20000,1.498997,3.11284
154,106.111611,87.404313,0.61038,0.574333,0.029903,1.214032,20000,1.498997,29.143328
155,98.062056,86.882427,0.413711,0.538606,0.050306,1.128675,20000,1.498997,19.951183
156,196.587254,170.559997,1.884232,0.253036,0.074441,1.152599,20000,1.498997,54.992843
157,152.846157,198.262909,1.069636,0.312828,0.001819,0.770927,20000,1.498997,6.692665
158,194.657798,150.841848,0.322968,0.406108,0.032067,1.290476,20000,1.498997,47.644602
159,204.226069,166.633024,0.271813,0.481874,0.032043,1.225604,20000,1.498997,44.309698
160,68.359874,54.381784,1.892861,0.471411,0.026912,1.257036,20000,1.498997,24.529706
161,52.8252,53.221346,0.928187,0.316836,0.065858,0.992557,20000,1.498997,7.731781
162,44.70348,56.662658,1.879692,0.170669,0.024724,0.788941,20000,1.498997,1.311057
163,61.45781,52.245882,1.059727,0.418306,0.073088,1.176319,20000,1.498997,17.063015
164,88.730649,71.778199,1.511069,0.573545,0.033462,1.236178,20000,1.498997,33.52938
165,184.774295,145.475525,0.082262,0.312421,0.033661,1.27014,20000,1.498997,39.764263
166,95.742316,79.591478,0.139767,0.439433,0.052485,1.202922,20000,1.498997,17.452814
167,208.124134,163.074483,0.069072,0.210682,0.057755,1.276252,20000,1.498997,45.65678
168,59.248405,63.437479,0.403339,0.282253,0.037561,0.933965,20000,1.498997,2.92762
169,157.257194,179.33296,1.225997,0.321171,0.014982,0.876901,20000,1.498997,15.144983
170,173.105288,150.479066,0.386655,0.482146,0.00457,1.150361,20000,1.498997,32.73191
171,108.823781,120.274102,0.116357,0.254038,0.074416,0.904798,20000,1.498997,0.773448
172,116.98724,118.353656,0.363253,0.537441,0.015412,0.988455,20000,1.498997,14.596894
173,94.731096,103.816126,1.515368,0.319425,0.07884,0.912489,20000,1.498997,16.015912
174,84.616245,114.534491,0.929459,0.311097,0.051454,0.738784,20000,1.498997,3.083097
175,166.173815,163.322577,1.305462,0.462614,0.077142,1.017458,20000,1.498997,42.310795
176,61.322509,53.644293,0.65913,0.402101,0.047214,1.143132,20000,1.498997,13.059394
177,123.135717,95.364487,0.765106,0.394728,0.067304,1.291211,20000,1.498997,36.687962
178,75.566507,97.184031,0.507549,0.495879,0.026587,0.777561,20000,1.498997,4.434567
179,243.772374,194.743728,1.695685,0.133122,0.06353,1.25176,20000,1.498997,69.153502
180,184.143633,151.811267,0.425279,0.54262,0.077168,1.212977,20000,1.498997,46.996936
181,236.181882,195.392606,0.224758,0.166728,0.064803,1.208755,20000,1.498997,43.477793
182,56.159339,62.914725,1.858038,0.285265,0.013115,0.892626,20000,1.498997,6.795211
183,72.036214,95.230538,1.943,0.595774,0.019732,0.75644,20000,1.498997,17.410631
184,88.256051,105.265181,1.424908,0.426812,0.034165,0.838416,20000,1.498997,13.817266
185,45.712729,65.216087,0.256604,0.501805,0.01357,0.700943,20000,1.498997,0.522821
186,150.568278,187.06439,1.820951,0.310614,0.078219,0.804901,20000,1.498997,20.085843
187,131.002962,140.183712,0.596697,0.592465,0.014054,0.934509,20000,1.498997,20.199146
188,132.173939,104.607278,1.866951,0.532736,0.071696,1.263525,20000,1.498997,55.450674
189,47.293571,61.561939,1.643536,0.228054,0.033053,0.768227,20000,1.498997,2.141289
190,122.006782,154.17936,0.443233,0.190232,0.021669,0.79133,20000,1.498997,0.272525
191,62.21879,88.138718,0.633906,0.461032,0.002961,0.705919,20000,1.498997,2.509807
192,44.840455,59.024017,0.129036,0.252417,0.075032,0.759698,20000,1.498997,0.002432
193,201.914699,187.019357,1.582507,0.289317,0.059903,1.079646,20000,1.498997,45.837895
194,85.787468,80.710308,0.165969,0.56573,0.014761,1.062906,20000,1.498997,10.468355
195,209.97933,164.194202,1.039367,0.534405,0.053523,1.278847,20000,1.498997,71.800086
196,134.252816,115.671036,0.954342,0.538629,0.061673,1.160643,20000,1.498997,39.872074
197,63.894826,72.337482,1.095139,0.377875,0.03843,0.883288,20000,1.498997,7.761864
198,123.747636,148.434594,1.102291,0.488593,0.061545,0.833685,20000,1.498997,19.80738
199,85.159544,108.32215,1.788707,0.268112,0.019377,0.786169,20000,1.498997,5.878003
200,73.034264,95.291563,1.233877,0.499582,0.076553,0.766429,20000,1.498997,11.403906
201,135.752005,192.766219,1.043954,0.10898,0.03548,0.704231,20000,0.328265,0.008986
202,112.672333,117.361196,1.974957,0.243373,0.02376,0.960048,20000,0.328265,15.760397
203,171.591121,174.086955,1.470589,0.1808,0.003631,0.985663,20000,0.328265,14.301062
204,123.483946,110.925019,1.247139,0.553791,0.009478,1.11322,20000,0.328265,36.229157
205,79.977531,113.076308,0.861288,0.146793,0.013486,0.707288,20000,0.328265,0.028757
206,195.332996,164.597205,1.094587,0.574159,0.014528,1.186733,20000,0.328265,61.059948
207,163.29266,183.930566,1.948183,0.355321,0.010454,0.887795,20000,0.328265,26.090866
208,73.58584,76.519814,0.91396,0.546066,0.03849,0.961657,20000,0.328265,14.868097
209,99.761669,86.195564,1.985421,0.493478,0.078273,1.157388,20000,0.328265,39.092796
210,129.535919,181.617341,1.028579,0.124831,0.002908,0.713235,20000,0.328265,0.025822
211,102.074325,108.809847,1.322403,0.466627,0.010902,0.938098,20000,0.328265,19.179076
212,161.347556,130.490553,1.267392,0.10014,0.002184,1.236469,20000,0.328265,31.433367
213,118.976357,113.285217,1.968093,0.313259,0.006855,1.050237,20000,0.328265,24.157286
214,93.410386,74.613293,0.920251,0.201209,0.027945,1.251927,20000,0.328265,21.310662
215,133.214138,159.984718,0.071958,0.230455,0.040292,0.832668,20000,0.328265,0.004812
216,117.520156,108.175116,0.663865,0.238605,0.062928,1.086388,20000,0.328265,17.21998
217,132.906338,155.022138,1.413909,0.366123,0.053618,0.857338,20000,0.328265,19.177026
218,112.03274,155.41525,1.91763,0.199702,0.05749,0.720861,20000,0.328265,4.381709
219,204.788602,167.593822,0.777468,0.435025,0.051396,1.221934,20000,0.328265,54.913982
220,76.315444,91.252546,0.770709,0.148701,0.058906,0.83631,20000,0.328265,0.844993
221,179.54887,182.775411,0.646352,0.567145,0.077581,0.982347,20000,0.328265,35.108628
222,154.492047,197.216679,0.442255,0.445171,0.037363,0.783362,20000,0.328265,6.226428
223,184.966498,160.91196,1.612338,0.499227,0.024391,1.149489,20000,0.328265,59.965871
224,110.793437,97.488969,0.148094,0.362357,0.069949,1.136472,20000,0.328265,15.675614
225,116.16051,123.331996,0.11829,0.162038,0.021435,0.941852,20000,0.328265,0.525007
226,169.405301,146.068445,0.347297,0.288075,0.05246,1.159767,20000,0.328265,28.418268
227,108.946992,128.502207,0.427449,0.423927,0.007848,0.847822,20000,0.328265,5.636955
228,162.164059,188.99351,1.329559,0.586449,0.078773,0.85804,20000,0.328265,40.9629
229,61.344175,67.504399,0.06344,0.180172,0.076604,0.908743,20000,0.328265,0.025265
230,57.320413,59.172823,0.115142,0.278196,0.030028,0.968695,20000,0.328265,1.459172
231,154.507366,197.481989,1.943911,0.232254,0.075843,0.782387,20000,0.328265,13.847481
232,137.23855,160.200917,0.881183,0.564393,0.057365,0.856665,20000,0.328265,23.587144
233,198.027203,195.934219,0.584164,0.596931,0.041543,1.010682,20000,0.328265,38.723762
234,146.640722,166.688271,0.559838,0.29097,0.007059,0.87973,20000,0.328265,5.873781
235,125.152867,162.193668,0.843953,0.411437,0.038283,0.771626,20000,0.328265,8.599665
236,74.235553,93.363383,1.527673,0.246568,0.063392,0.795125,20000,0.328265,5.177332
237,185.46838,148.84894,1.831622,0.341161,0.064325,1.246017,20000,0.328265,62.660169
238,146.440479,164.690847,0.822875,0.408589,0.064541,0.889184,20000,0.328265,17.601102
239,113.527305,94.713191,0.486024,0.549442,0.008222,1.198643,20000,0.328265,26.884272
240,70.753334,83.326805,0.509603,0.510241,0.035898,0.849107,20000,0.328265,6.090181
241,189.273937,192.196745,0.20739,0.154741,0.039455,0.984793,20000,0.328265,4.709546
242,83.426359,82.623711,0.987339,0.305699,0.015405,1.009715,20000,0.328265,10.881989
243,120.718543,125.527649,1.443067,0.119791,0.048135,0.961689,20000,0.328265,8.746351
244,187.806188,172.001402,0.342577,0.15164,0.037128,1.091888,20000,0.328265,19.114753
245,142.964161,145.617513,0.257382,0.171862,0.068812,0.981779,20000,0.328265,4.902599
246,117.665556,97.510303,0.106288,0.315947,0.021494,1.206699,20000,0.328265,20.436692
247,179.772002,142.328401,1.961302,0.276464,0.028613,1.263079,20000,0.328265,52.809133
248,69.918229,62.762572,0.787081,0.258071,0.052634,1.114012,20000,0.328265,12.069427
249,118.766891,104.521813,1.095004,0.584989,0.06813,1.136288,20000,0.328265,37.198726
250,50.532658,62.922524,1.855296,0.344294,0.039123,0.803093,20000,0.328265,6.48862
251,153.662625,138.519014,0.61401,0.356,0.073674,1.109325,20000,0.328265,28.432658
252,40.044089,53.453192,1.816819,0.249454,0.065942,0.749143,20000,0.328265,2.870515
253,201.716153,156.749291,0.88921,0.171128,0.029191,1.286871,20000,0.328265,49.246846
254,101.506466,83.957377,0.629855,0.316019,0.036081,1.209024,20000,0.328265,21.881157
255,136.942337,153.021778,0.851811,0.172459,0.064446,0.894921,20000,0.328265,5.474612
256,66.107877,59.322039,0.806915,0.562566,0.077859,1.11439,20000,0.328265,17.950261
257,155.791657,197.84967,1.499791,0.524057,0.079078,0.787424,20000,0.328265,31.131137
258,105.326065,96.70444,0.623688,0.242086,0.070408,1.089154,20000,0.328265,15.470569
259,71.659223,59.926002,0.542299,0.146295,0.020708,1.195795,20000,0.328265,12.470743
260,144.632845,132.562807,1.148994,0.189292,0.009402,1.091051,20000,0.328265,19.021449
261,172.663819,133.760216,0.369691,0.197101,0.006121,1.290846,20000,0.328265,39.277309
262,133.848216,141.396452,1.462253,0.39954,0.014255,0.946617,20000,0.328265,23.440621
263,120.949553,94.913649,1.6416,0.542509,0.072667,1.274311,20000,0.328265,50.770204
264,85.59821,114.921804,0.929262,0.385295,0.006178,0.744839,20000,0.328265,4.753373
265,101.068813,110.624991,1.933736,0.278554,0.061301,0.913616,20000,0.328265,16.880678
266,225.977491,185.805705,1.814406,0.262234,0.060142,1.216203,20000,0.328265,66.503766
267,108.556027,109.622676,1.061842,0.381499,0.005657,0.99027,20000,0.328265,16.644662
268,99.672152,85.026458,1.222328,0.347422,0.066795,1.172249,20000,0.328265,26.812768
269,149.445331,117.100534,0.373189,0.41851,0.03671,1.276214,20000,0.328265,36.556274
270,192.812245,196.447994,1.540379,0.273761,0.050012,0.981493,20000,0.328265,30.050313
271,134.062747,123.980685,0.655288,0.361646,0.073268,1.08132,20000,0.328265,24.247016
272,71.750637,70.006007,1.056162,0.147352,0.078431,1.024921,20000,0.328265,8.700877
273,137.839063,108.188616,1.062105,0.27967,0.067675,1.274063,20000,0.328265,39.207706
274,195.339447,158.59135,0.603648,0.111191,0.012107,1.231716,20000,0.328265,37.996742
275,71.817226,57.415033,1.739162,0.153808,0.059532,1.250844,20000,0.328265,20.370625
276,112.551577,106.013992,0.340779,0.577036,0.01488,1.061667,20000,0.328265,18.122666
277,161.083995,154.735158,1.401145,0.210758,0.071671,1.04103,20000,0.328265,27.841332
278,106.901211,101.174062,1.932477,0.128066,0.005076,1.056607,20000,0.328265,11.349488
279,113.276941,136.062284,1.171649,0.563217,0.036194,0.832537,20000,0.328265,21.147511
280,131.450447,147.414975,1.269732,0.554793,0.056394,0.891703,20000,0.328265,29.955177
281,86.281502,68.445119,1.723755,0.256068,0.001859,1.260594,20000,0.328265,21.713535
282,180.349148,170.407594,0.904646,0.129408,0.014529,1.05834,20000,0.328265,16.141731
283,241.732527,190.240469,0.222812,0.311904,0.010749,1.270668,20000,0.328265,52.521614
284,159.696158,194.522975,0.758161,0.414146,0.018897,0.820963,20000,0.328265,12.594747
285,59.820143,77.578149,0.612204,0.269196,0.008562,0.771095,20000,0.328265,0.794983
286,84.094739,88.162374,1.740915,0.133387,0.076083,0.953862,20000,0.328265,9.608403
287,89.893566,118.768076,1.871796,0.486905,0.06905,0.756883,20000,0.328265,19.511604
288,55.630407,50.503048,1.937563,0.240214,0.021528,1.101526,20000,0.328265,11.142869
289,95.930101,132.688455,1.939395,0.454827,0.068754,0.722972,20000,0.328265,17.794879
290,75.277282,88.411137,1.054115,0.219602,0.039926,0.851446,20000,0.328265,3.44627
291,137.387458,125.733061,0.541696,0.419624,0.062528,1.092692,20000,0.328265,24.681795
292,196.306777,196.043071,1.930723,0.514188,0.055858,1.001345,20000,0.328265,61.134456
293,170.514834,168.213891,0.460357,0.229156,0.072287,1.013679,20000,0.328265,14.676337
294,140.121119,126.453833,0.933832,0.296472,0.030888,1.108081,20000,0.328265,25.468302
295,195.408317,174.712195,0.857315,0.342771,0.051692,1.118458,20000,0.328265,39.484958
296,61.743772,59.306406,1.317167,0.436512,0.066582,1.041098,20000,0.328265,15.492939
297,143.039274,122.966788,1.176364,0.5711,0.038233,1.163235,20000,0.328265,45.211758
298,93.634974,79.743624,1.950704,0.104906,0.004837,1.1742,20000,0.328265,15.43658
299,93.92396,100.81787,1.71387,0.226209,0.022514,0.93162,20000,0.328265,10.033721
300,96.593158,112.022317,0.268732,0.500532,0.078513,0.862267,20000,0.328265,5.527106
301,64.012996,72.83366,0.440108,0.368514,0.056801,0.878893,20000,0.330669,3.641221
302,229.577552,186.132528,0.113568,0.114788,0.000533,1.233409,20000,0.330669,43.514719
303,168.074961,141.80457,1.045763,0.549745,0.07702,1.185258,20000,0.330669,55.155457
304,103.786975,137.936423,1.612422,0.196924,0.07181,0.752426,20000,0.330669,4.203237
305,144.612651,133.181973,1.425656,0.327056,0.054295,1.085828,20000,0.330669,32.943228
306,55.941165,54.18798,1.592345,0.574836,0.07533,1.032354,20000,0.330669,19.305207
307,183.114794,154.554665,0.926386,0.562953,0.029875,1.18479,20000,0.330669,52.666497
308,180.096558,167.477492,1.987396,0.588747,0.030718,1.075348,20000,0.330669,66.926019
309,170.833996,162.237338,0.994961,0.272676,0.040273,1.052988,20000,0.330669,25.838353
310,177.948932,163.803731,1.297511,0.27679,0.023768,1.086355,20000,0.330669,31.879309
311,178.083627,192.778396,1.122296,0.509172,0.04477,0.923774,20000,0.330669,36.628704
312,169.637071,151.640644,1.886088,0.538654,0.030767,1.118678,20000,0.330669,58.09716
313,191.751911,192.285754,1.042688,0.329922,0.044944,0.997224,20000,0.330669,29.368667
314,89.966682,110.61386,1.848918,0.205039,0.077049,0.81334,20000,0.330669,7.598234
315,94.414081,79.70351,0.93008,0.20963,0.035369,1.184566,20000,0.330669,18.812444
316,97.499522,121.696395,1.470496,0.15879,0.06064,0.80117,20000,0.330669,2.906539
317,70.51702,61.793136,0.686544,0.570817,0.020962,1.141179,20000,0.330669,18.062705
318,118.957987,91.774237,1.785464,0.115046,0.012501,1.296202,20000,0.330669,29.559135
319,145.909001,114.65976,1.719925,0.572832,0.024702,1.272539,20000,0.330669,60.348509
320,69.56705,74.941686,0.440804,0.539421,0.008135,0.928282,20000,0.330669,7.940472
321,97.300633,95.455636,1.526342,0.328651,0.005434,1.019328,20000,0.330669,17.060663
322,53.629301,59.084023,0.136116,0.453853,0.068569,0.907679,20000,0.330669,1.786376
323,114.798444,98.585712,0.99716,0.442746,0.009157,1.164453,20000,0.330669,28.195515
324,69.432598,88.086279,1.625139,0.518004,0.012178,0.788234,20000,0.330669,13.150554
325,93.679923,129.35005,1.713644,0.500169,0.025228,0.724236,20000,0.330669,14.836181
326,47.515899,55.023929,1.992481,0.551183,0.012962,0.86355,20000,0.330669,12.181821
327,164.646067,180.888496,0.741328,0.526001,0.037111,0.910208,20000,0.330669,25.376136
328,96.350559,137.143264,1.411035,0.481113,0.070793,0.702554,20000,0.330669,12.922688
329,81.72294,104.247347,0.914866,0.169252,0.047675,0.783933,20000,0.330669,0.769522
330,158.063085,123.124556,0.958035,0.224492,0.027136,1.283766,20000,0.330669,39.79479
331,80.191338,67.153172,1.346241,0.489354,0.061792,1.194156,20000,0.330669,26.845303
332,80.21633,97.721525,1.600107,0.106815,0.003945,0.820867,20000,0.330669,0.425977
333,170.183758,137.521476,0.322567,0.174502,0.01474,1.237507,20000,0.330669,33.43291
334,82.823775,82.600857,0.789215,0.345156,0.054661,1.002699,20000,0.330669,11.835634
335,147.699187,172.963221,1.76346,0.452644,0.036093,0.853934,20000,0.330669,30.272039
336,184.780615,191.163551,0.236634,0.479524,0.054466,0.96661,20000,0.330669,15.611407
337,73.716631,104.932818,0.586576,0.321763,0.012523,0.702513,20000,0.330669,0.778316
338,97.679478,79.963591,1.400632,0.396442,0.038745,1.221549,20000,0.330669,29.291707
339,89.945029,127.286977,1.255755,0.47967,0.067288,0.706632,20000,0.330669,10.851615
340,42.080804,51.527441,1.684771,0.548749,0.072366,0.816668,20000,0.330669,10.64005
341,99.917661,100.501068,1.248415,0.13082,0.038884,0.994195,20000,0.330669,7.914029
342,64.03916,67.363951,0.85059,0.291898,0.035321,0.950644,20000,0.330669,6.225726
343,135.974424,136.461333,1.225252,0.513842,0.034215,0.996432,20000,0.330669,32.850933
344,116.863932,148.344727,0.746167,0.494479,0.077783,0.787786,20000,0.330669,11.844185
345,226.205688,191.590291,1.485555,0.176829,0.031089,1.180674,20000,0.330669,46.040835
346,58.035441,57.003828,1.12981,0.566425,0.005344,1.018097,20000,0.330669,14.329358
347,145.865748,127.450578,1.383987,0.398041,0.020707,1.144489,20000,0.330669,38.528127
348,96.28661,121.258029,1.300966,0.53417,0.016817,0.794064,20000,0.330669,15.758321
349,51.131215,53.260412,1.651526,0.386375,0.066365,0.960023,20000,0.330669,11.344066
350,102.407642,134.242034,0.785947,0.23313,0.022076,0.762858,20000,0.330669,1.269255
351,97.22976,75.980649,0.928812,0.468085,0.031331,1.279665,20000,0.330669,29.415357
352,162.851231,166.183049,0.904155,0.168596,0.07379,0.979951,20000,0.330669,14.371549
353,210.539255,167.607837,0.11314,0.100504,0.011894,1.256142,20000,0.330669,43.167833
354,88.444135,76.671207,0.484555,0.189341,0.021141,1.153551,20000,0.330669,13.088269
355,189.653874,188.407894,0.574133,0.368021,0.003895,1.006613,20000,0.330669,21.603203
356,99.893542,99.060549,0.736589,0.424004,0.019681,1.008409,20000,0.330669,15.210816
357,159.164255,156.624361,0.879107,0.592874,0.005209,1.016216,20000,0.330669,36.1811
358,99.717446,92.081778,0.945682,0.325129,0.072257,1.082923,20000,0.330669,19.718916
359,68.687542,86.526006,0.941698,0.431682,0.076043,0.793837,20000,0.330669,7.166784
360,136.119921,134.555665,0.705348,0.501463,0.060517,1.011625,20000,0.330669,25.964111
361,115.589213,151.194144,0.495107,0.211004,0.063089,0.764509,20000,0.330669,0.442417
362,46.885316,61.629398,0.355494,0.574959,0.016837,0.760762,20000,0.330669,2.268763
363,154.101345,147.72504,0.359133,0.12487,0.074482,1.043163,20000,0.330669,11.380602
364,153.576067,186.787148,1.15223,0.436715,0.038101,0.822198,20000,0.330669,19.309502
365,67.609856,78.79021,1.95303,0.522596,0.029907,0.8581,20000,0.330669,16.565087
366,163.677333,189.074821,1.503243,0.137119,0.004944,0.865675,20000,0.330669,3.495584
367,210.81585,164.829112,1.116782,0.365152,0.042179,1.278996,20000,0.330669,62.560073
368,218.710154,192.167897,0.551286,0.209569,0.041712,1.13812,20000,0.330669,33.936849
369,148.024119,165.484648,1.942334,0.386836,0.008111,0.894489,20000,0.330669,25.890196
370,169.034378,137.619652,1.572276,0.422057,0.011207,1.228272,20000,0.330669,51.427131
371,61.408884,62.777086,0.368999,0.149008,0.053847,0.978205,20000,0.330669,2.144419
372,97.333027,131.143695,1.539897,0.116096,0.077679,0.742186,20000,0.330669,0.801656
373,50.33876,64.027964,0.469214,0.366314,0.07746,0.7862,20000,0.330669,1.579424
374,141.982229,156.147784,0.201225,0.471053,0.074068,0.909281,20000,0.330669,7.242336
375,165.201132,129.522987,0.087722,0.521819,0.023445,1.275458,20000,0.330669,36.386078
376,78.866617,92.352324,1.393281,0.114898,0.022982,0.853975,20000,0.330669,1.086447
377,94.850069,112.125403,0.697796,0.431626,0.013419,0.845928,20000,0.330669,8.207034
378,147.66445,147.209114,1.29152,0.541711,0.038709,1.003093,20000,0.330669,38.517695
379,105.650164,110.140462,0.292356,0.305044,0.044395,0.959231,20000,0.330669,5.659471
380,87.055064,75.488683,0.465282,0.251911,0.037811,1.15322,20000,0.330669,14.21595
381,139.834282,108.117585,0.945749,0.437605,0.063405,1.293354,20000,0.330669,44.665296
382,78.083281,110.557175,1.055473,0.532362,0.058554,0.706271,20000,0.330669,9.246683
383,75.02408,72.94573,0.885789,0.360775,0.030864,1.028492,20000,0.330669,12.126525
384,158.507271,153.839553,0.643274,0.212597,0.000379,1.030341,20000,0.330669,13.118587
385,158.703353,168.83529,1.683481,0.28938,0.002937,0.939989,20000,0.330669,20.148227
386,88.549748,92.412986,1.307005,0.162359,0.008541,0.958196,20000,0.330669,5.311097
387,98.430149,98.883997,1.265677,0.430484,0.059835,0.99541,20000,0.330669,22.119648
388,137.33129,176.63819,0.14457,0.285794,0.075034,0.777472,20000,0.330669,0.081052
389,126.75301,144.759273,1.592568,0.501415,0.063686,0.875612,20000,0.330669,29.40943
390,109.312923,94.615814,0.242221,0.542761,0.049388,1.155335,20000,0.330669,20.501289
391,74.683893,67.542759,1.574921,0.185521,0.046477,1.105728,20000,0.330669,14.1451
392,47.643144,65.285531,0.988803,0.514526,0.074373,0.729766,20000,0.330669,5.511001
393,110.231259,85.530014,1.414445,0.218376,0.063504,1.288802,20000,0.330669,33.300004
394,187.354493,154.608582,0.205469,0.405652,0.034542,1.211799,20000,0.330669,35.837077
395,53.658363,58.476777,0.413589,0.261636,0.043086,0.917601,20000,0.330669,2.187225
396,143.622921,165.099494,1.025482,0.489281,0.055788,0.869917,20000,0.330669,23.393952
397,65.332581,62.834741,1.846331,0.160493,0.002895,1.039753,20000,0.330669,7.0613
398,121.979646,173.375059,1.296967,0.488192,0.057655,0.703559,20000,0.330669,14.770879
399,231.921323,183.439654,0.744621,0.426405,0.046143,1.264292,20000,0.330669,64.738741
400,83.248759,80.733399,1.23606,0.182785,0.019154,1.031156,20000,0.330669,9.042822
401,138.858649,120.050879,1.056062,0.331582,0.009904,1.156665,20000,0.350325,29.34763
402,229.73688,194.925968,1.598587,0.302747,0.071843,1.178585,20000,0.350325,66.800345
403,106.908149,83.28194,1.991732,0.291228,0.048633,1.283689,20000,0.350325,35.527797
404,55.978557,70.463378,0.252817,0.355482,0.011024,0.794435,20000,0.350325,0.532062
405,46.318907,55.792354,0.449549,0.557124,0.033863,0.830202,20000,0.350325,4.007708
406,67.26089,86.484961,1.028493,0.212063,0.006853,0.777718,20000,0.350325,1.049187
407,115.721428,100.159169,0.138779,0.120165,0.06558,1.155375,20000,0.350325,16.449026
408,105.643107,120.98183,0.754559,0.554019,0.079657,0.873215,20000,0.350325,17.061088
409,90.019764,104.625396,0.299062,0.373717,0.003467,0.860401,20000,0.350325,2.728727
410,153.018015,154.790301,1.672595,0.314212,0.013438,0.98855,20000,0.350325,25.292298
411,107.909021,153.578257,0.645775,0.571762,0.015466,0.702632,20000,0.350325,7.797725
412,60.187958,82.142565,1.721733,0.224113,0.030293,0.732726,20000,0.350325,2.123171
413,130.894936,114.118155,0.663177,0.556112,0.049272,1.147012,20000,0.350325,33.082594
414,146.529733,129.783334,0.275066,0.343404,0.062438,1.129034,20000,0.350325,22.290903
415,185.520118,185.9173,0.911229,0.383703,0.031012,0.997864,20000,0.350325,28.445698
416,240.818676,186.353001,0.346386,0.509944,0.04958,1.292272,20000,0.350325,63.615434
417,75.21372,83.137872,1.894558,0.310533,0.064154,0.904687,20000,0.350325,13.315362
418,56.260858,51.443982,0.345802,0.473593,0.047072,1.093633,20000,0.350325,9.130056
419,110.746965,97.383124,0.7866,0.418363,0.058325,1.13723,20000,0.350325,25.641154
420,69.091965,81.592212,1.435841,0.336272,0.023107,0.846796,20000,0.350325,7.541215
421,84.035915,81.725764,1.774606,0.454792,0.077127,1.028267,20000,0.350325,24.890147
422,163.054369,167.468399,0.341644,0.388513,0.030818,0.973643,20000,0.350325,13.601107
423,108.287888,84.36293,0.753121,0.537672,0.023253,1.283596,20000,0.350325,32.307746
424,97.928373,92.929022,0.91262,0.313456,0.012314,1.053798,20000,0.350325,14.52533
425,220.358237,190.920955,0.084319,0.422353,0.057117,1.154186,20000,0.350325,31.732407
426,63.211046,63.902829,1.029919,0.413122,0.034611,0.989174,20000,0.350325,11.065445
427,131.015749,152.757871,1.875233,0.305693,0.025262,0.857669,20000,0.350325,16.442436
428,56.329476,79.197712,0.545307,0.38213,0.076169,0.711251,20000,0.350325,1.411726
429,154.72875,144.185518,0.961978,0.191624,0.020309,1.073123,20000,0.350325,19.144298
430,73.829537,69.518727,0.402939,0.564291,0.075173,1.062009,20000,0.350325,13.363349
431,228.186542,193.208242,1.814233,0.130608,0.077237,1.181039,20000,0.350325,60.590801
432,46.858408,50.83888,0.627208,0.407232,0.042378,0.921704,20000,0.350325,4.907692
433,153.424727,144.222958,0.754518,0.410469,0.056115,1.063802,20000,0.350325,29.463885
434,163.656087,185.021904,1.946858,0.278435,0.07811,0.884523,20000,0.350325,28.116805
435,126.942776,118.651172,1.102096,0.119351,0.052115,1.069882,20000,0.350325,16.131822
436,138.187666,196.689046,1.826457,0.355451,0.026718,0.702569,20000,0.350325,12.385955
437,81.666914,98.830294,1.916454,0.39832,0.075861,0.826335,20000,0.350325,15.783486
438,144.515105,123.608939,0.192241,0.149203,0.069876,1.169132,20000,0.350325,22.671152
439,59.654311,66.674851,0.427291,0.117033,0.009965,0.894705,20000,0.350325,0.190926
440,136.165643,190.436099,1.893668,0.458974,0.007115,0.71502,20000,0.350325,19.771266
441,73.135612,58.202521,0.402959,0.217726,0.032866,1.256571,20000,0.350325,15.845323
442,169.11703,197.604108,1.431871,0.482763,0.073187,0.855838,20000,0.350325,35.23682
443,184.924284,194.280961,0.862529,0.343182,0.02178,0.951839,20000,0.350325,20.807761
444,165.209494,168.107893,1.742433,0.215617,0.056442,0.982759,20000,0.350325,25.038787
445,67.827629,64.451811,0.686053,0.231064,0.057256,1.052377,20000,0.350325,8.417079
446,115.659146,153.753632,0.747031,0.35213,0.034275,0.752237,20000,0.350325,4.426745
447,124.582173,106.413421,0.530331,0.52699,0.003912,1.170737,20000,0.350325,28.282758
448,99.486143,94.969552,0.950384,0.175939,0.033995,1.047558,20000,0.350325,10.997168
449,132.830524,176.989874,1.245578,0.341535,0.000655,0.750498,20000,0.350325,7.490967
450,194.399298,184.413747,0.713517,0.272776,0.035689,1.054148,20000,0.350325,25.199378
451,104.285612,104.262828,0.121348,0.534872,0.015749,1.000219,20000,0.350325,7.793012
452,69.518213,71.689129,1.406093,0.10261,0.067766,0.969718,20000,0.350325,5.869255
453,157.63082,166.31613,0.55946,0.253344,0.050503,0.947778,20000,0.350325,10.358729
454,148.550051,122.286837,0.389898,0.532662,0.060662,1.214767,20000,0.350325,36.048538
455,42.775247,60.397201,0.0866,0.274591,0.000352,0.708232,20000,0.350325,0.0
456,104.072816,138.350377,1.603847,0.486933,0.021879,0.752241,20000,0.350325,16.440295
457,61.502736,55.700181,0.219287,0.463723,0.044022,1.104175,20000,0.350325,8.739601
458,234.517972,181.118099,0.641837,0.280763,0.00526,1.294835,20000,0.350325,56.401485
459,101.632945,138.324471,0.634496,0.541685,0.012116,0.734743,20000,0.350325,7.059184
460,150.573659,125.716868,0.664298,0.490064,0.05905,1.19772,20000,0.350325,39.24003
461,60.741075,51.868413,0.417637,0.433509,0.019606,1.171061,20000,0.350325,11.949633
462,124.296312,174.052448,1.587249,0.428664,0.002587,0.714131,20000,0.350325,12.880222
463,113.593483,102.81035,1.632171,0.486505,0.072416,1.104884,20000,0.350325,37.475141
464,50.855932,67.403275,1.537719,0.363021,0.015452,0.754502,20000,0.350325,4.546244
465,183.435985,188.5579,1.220708,0.319601,0.027932,0.972836,20000,0.350325,26.419288
466,114.896608,161.998844,1.753395,0.399689,0.02025,0.709243,20000,0.350325,11.544387
467,129.269085,178.850607,1.451882,0.571325,0.016028,0.722777,20000,0.350325,22.010886
468,100.175176,77.852786,0.697725,0.489504,0.048042,1.286726,20000,0.350325,29.557929
469,180.464876,179.993426,0.482759,0.462756,0.01399,1.002619,20000,0.350325,23.224584
470,180.92699,182.320747,0.742524,0.106084,0.007806,0.992355,20000,0.350325,6.472703
471,97.568846,81.758437,1.120404,0.199487,0.061067,1.19338,20000,0.350325,22.418584
472,85.803598,82.466847,1.930032,0.40821,0.00692,1.040462,20000,0.350325,21.765982
473,121.394978,94.344145,1.199211,0.49008,0.045871,1.286725,20000,0.350325,41.416385
474,113.373793,106.471932,0.645279,0.392602,0.003521,1.064823,20000,0.350325,17.372344
475,182.522298,186.778234,0.293599,0.516825,0.042323,0.977214,20000,0.350325,19.774797
476,81.118395,96.824264,0.605913,0.275836,0.031091,0.83779,20000,0.350325,2.502235
477,100.710487,93.713268,1.277757,0.453321,0.033387,1.074666,20000,0.350325,25.267649
478,192.819087,193.945902,1.685224,0.359221,0.070148,0.99419,20000,0.350325,44.876411
479,102.703713,144.195703,0.13574,0.268978,0.010255,0.712252,20000,0.350325,0.000914
480,82.313744,79.405727,0.502453,0.36288,0.028611,1.036622,20000,0.350325,10.393674
481,102.429371,140.73254,1.338094,0.222539,0.001188,0.72783,20000,0.350325,1.600703
482,90.217568,106.923397,1.918182,0.131164,0.066608,0.843759,20000,0.350325,4.896905
483,92.370146,115.796345,0.306439,0.333394,0.068376,0.797695,20000,0.350325,1.218381
484,111.36444,99.167523,0.640957,0.325385,0.014176,1.122993,20000,0.350325,18.504538
485,51.430443,67.688392,1.554061,0.165437,0.035946,0.759812,20000,0.350325,0.89648
486,121.771477,94.760927,0.820854,0.116443,0.06419,1.285039,20000,0.350325,31.742678
487,201.040039,160.725546,1.53284,0.272528,0.071704,1.250828,20000,0.350325,61.564698
488,153.108946,146.656536,1.221338,0.158916,0.057937,1.043997,20000,0.350325,20.468785
489,161.831363,124.874197,0.237614,0.391594,0.060763,1.295955,20000,0.350325,39.506044
490,211.31312,188.46052,1.734323,0.17616,0.005221,1.121259,20000,0.350325,33.307915
491,71.924713,87.462224,0.39994,0.545486,0.043273,0.822352,20000,0.350325,5.187832
492,85.742609,70.027171,1.841438,0.535937,0.009658,1.224419,20000,0.350325,31.630944
493,131.291491,118.650421,1.339382,0.491694,0.04849,1.10654,20000,0.350325,38.176811
494,90.610953,111.032361,1.218191,0.277654,0.05371,0.816077,20000,0.350325,6.249013
495,122.533657,112.105378,1.616065,0.352785,0.044075,1.093022,20000,0.350325,30.363825
496,151.81078,166.591835,0.784454,0.35087,0.04509,0.911274,20000,0.350325,15.331099
497,133.433986,172.416445,1.906512,0.13885,0.039087,0.773905,20000,0.350325,2.54278
498,76.66186,101.045647,1.363404,0.407736,0.079502,0.758685,20000,0.350325,9.351018
499,89.764635,77.597178,1.056855,0.380251,0.071975,1.156803,20000,0.350325,23.198725
500,170.659195,152.69348,0.15016,0.488106,0.044015,1.117659,20000,0.350325,23.911934
501,208.155316,175.043709,1.757956,0.203629,0.049339,1.189162,20000,0.337474,51.65319
502,138.274057,189.685477,1.118797,0.430926,0.017557,0.728965,20000,0.337474,11.138842
503,202.028048,185.655164,0.127169,0.374428,0.061421,1.08819,20000,0.337474,21.663166
504,99.767672,88.703773,1.904723,0.3183,0.067417,1.124729,20000,0.337474,28.249154
505,227.720107,195.880175,0.937772,0.563516,0.001536,1.162548,20000,0.337474,63.677536
506,65.919481,82.979701,1.083639,0.291107,0.016122,0.794405,20000,0.337474,3.026556
507,153.545543,158.249553,1.349387,0.374341,0.001833,0.970275,20000,0.337474,24.442638
508,74.306285,80.636173,1.530214,0.318029,0.023502,0.921501,20000,0.337474,10.490074
509,191.430821,148.151587,0.132103,0.516748,0.007778,1.292128,20000,0.337474,44.585919
510,114.159585,90.316142,0.135221,0.387477,0.071066,1.264,20000,0.337474,24.893259
511,118.72131,141.089787,0.776799,0.452334,0.076235,0.841459,20000,0.337474,13.608579
512,109.352324,136.861417,1.624672,0.220176,0.079213,0.799,20000,0.337474,7.933324
513,155.081084,172.897873,1.721339,0.440346,0.004221,0.896952,20000,0.337474,29.475578
514,131.408011,121.06043,1.272579,0.184733,0.048919,1.085475,20000,0.337474,21.323932
515,170.819298,138.711235,1.206828,0.362339,0.067277,1.231474,20000,0.337474,51.333204
516,99.130938,88.436631,1.43548,0.188121,0.000602,1.120926,20000,0.337474,14.789748
517,102.205683,100.894787,1.414952,0.303034,0.060741,1.012993,20000,0.337474,19.032042
518,78.365993,72.06053,0.278188,0.558838,0.043606,1.087502,20000,0.337474,12.690337
519,115.952967,137.75161,0.256291,0.56562,0.03181,0.841754,20000,0.337474,6.074837
520,73.194805,76.905458,1.406302,0.315434,0.0698,0.95175,20000,0.337474,12.32893
521,196.424208,191.958316,0.462358,0.314406,0.010281,1.023265,20000,0.337474,19.309995
522,135.142112,174.280868,1.704416,0.336386,0.06288,0.775427,20000,0.337474,16.449289
523,226.943926,184.999376,0.110674,0.513482,0.055045,1.226728,20000,0.337474,44.416937
524,157.261476,137.911855,0.190724,0.205488,0.00732,1.140304,20000,0.337474,19.743836
525,215.936298,167.509256,0.207561,0.242578,0.025657,1.289101,20000,0.337474,49.700391
526,90.981289,107.838987,0.994385,0.327447,0.074745,0.843677,20000,0.337474,8.164558
527,164.398767,167.113624,0.453962,0.354314,0.047717,0.983754,20000,0.337474,16.255922
528,62.102752,59.516166,0.288735,0.295731,0.029983,1.04346,20000,0.337474,5.652193
529,51.048238,63.121507,0.913911,0.260597,0.000976,0.80873,20000,0.337474,1.565935
530,134.178898,164.443845,1.316953,0.59159,0.043273,0.815956,20000,0.337474,28.814432
531,130.295024,151.608306,1.07195,0.115083,0.014883,0.859419,20000,0.337474,1.109198
532,127.897151,149.079486,0.481175,0.233631,0.060088,0.857912,20000,0.337474,2.723721
533,150.353313,122.858594,1.211756,0.190997,0.043694,1.223792,20000,0.337474,35.28806
534,62.190164,55.435829,0.57623,0.297439,0.04562,1.121841,20000,0.337474,10.257004
535,53.648488,53.625021,1.834931,0.219963,0.060579,1.000438,20000,0.337474,9.330682
536,152.68815,124.899903,0.195075,0.192559,0.055185,1.222484,20000,0.337474,29.139482
537,182.766594,154.437385,1.130838,0.427272,0.070068,1.183435,20000,0.337474,52.855621
538,62.95176,60.318905,0.549279,0.510692,0.039697,1.043649,20000,0.337474,11.275485
539,149.010517,126.102124,1.220765,0.223637,0.050229,1.181665,20000,0.337474,33.446792
540,63.317882,78.622536,0.294211,0.521549,0.065965,0.80534,20000,0.337474,2.97273
541,58.930246,57.702028,0.247132,0.373768,0.064272,1.021286,20000,0.337474,5.36594
542,65.969112,82.881551,0.268401,0.416749,0.030194,0.795944,20000,0.337474,1.29787
543,80.857186,86.271836,0.645063,0.353989,0.024137,0.937237,20000,0.337474,7.508038
544,162.619331,126.828552,0.447975,0.444533,0.020298,1.282198,20000,0.337474,41.342595
545,178.446587,144.683808,1.06982,0.479431,0.007242,1.233356,20000,0.337474,51.969602
546,148.372984,114.328887,0.787561,0.12647,0.064278,1.297773,20000,0.337474,39.625597
547,145.636241,122.271702,0.781437,0.189326,0.032171,1.191087,20000,0.337474,27.469984
548,104.026731,129.391429,1.800512,0.131081,0.058085,0.803969,20000,0.337474,3.069476
549,185.688427,198.200781,1.307997,0.567608,0.010409,0.93687,20000,0.337474,44.319192
550,166.280594,142.944596,0.214322,0.272902,0.002332,1.163252,20000,0.337474,24.540567
551,91.331799,116.862053,1.66569,0.540592,0.00972,0.781535,20000,0.337474,17.769075
552,114.561214,107.530756,0.981091,0.209337,0.057923,1.065381,20000,0.337474,17.230602
553,152.643602,140.83117,0.540691,0.242748,0.036476,1.083877,20000,0.337474,19.169503
554,122.825392,153.488891,0.198374,0.45332,0.022857,0.800223,20000,0.337474,1.947859
555,132.140804,125.285581,1.993478,0.497347,0.025491,1.054717,20000,0.337474,40.994525
556,81.291983,107.886507,0.339483,0.187117,0.011157,0.753495,20000,0.337474,0.013075
557,97.158177,99.163229,0.600156,0.163675,0.021411,0.97978,20000,0.337474,4.621895
558,89.641251,122.932177,0.735114,0.141235,0.01864,0.729193,20000,0.337474,0.026146
559,125.59302,105.173842,0.544674,0.398617,0.037012,1.194147,20000,0.337474,27.697419
560,117.061019,127.582653,1.091394,0.453692,0.010533,0.917531,20000,0.337474,19.100852
561,116.265594,143.541429,1.757829,0.499624,0.044332,0.809979,20000,0.337474,25.425251
562,151.838072,128.529372,1.915345,0.297358,0.049109,1.181349,20000,0.337474,43.140806
563,136.674605,130.252645,1.334311,0.530477,0.019285,1.049304,20000,0.337474,37.571479
564,116.676737,153.783717,0.301537,0.14151,0.062093,0.758707,20000,0.337474,0.001486
565,137.087546,123.51036,1.957134,0.383794,0.05861,1.109928,20000,0.337474,41.959175
566,128.828555,106.192372,1.27578,0.548895,0.060789,1.213162,20000,0.337474,45.132179
567,181.637761,168.585056,0.821036,0.132522,0.019371,1.077425,20000,0.337474,18.504649
568,135.064535,163.724794,1.48699,0.560723,0.054818,0.824949,20000,0.337474,30.996384
569,153.561497,145.94367,1.39255,0.464304,0.077843,1.052197,20000,0.337474,43.390993
570,74.483903,78.147314,1.915885,0.13751,0.047623,0.953122,20000,0.337474,7.19577
571,85.290084,89.303438,0.862596,0.318885,0.075914,0.955059,20000,0.337474,10.770192
572,101.263719,83.093613,1.713633,0.570347,0.010931,1.21867,20000,0.337474,37.66301
573,193.431488,175.438358,0.544668,0.213611,0.053452,1.102561,20000,0.337474,26.417874
574,144.770933,173.98231,1.782676,0.256897,0.063676,0.832101,20000,0.337474,15.430492
575,108.969148,105.49979,1.60051,0.449255,0.019732,1.032885,20000,0.337474,26.916473
576,118.510361,157.502589,1.545432,0.398564,0.022274,0.752434,20000,0.337474,12.813517
577,50.358695,66.893555,0.89494,0.152725,0.062099,0.752818,20000,0.337474,0.17868
578,95.945161,131.335871,1.091018,0.377706,0.072368,0.730533,20000,0.337474,7.064172
579,101.83008,90.4011,0.681755,0.300714,0.034068,1.126425,20000,0.337474,17.832348
580,51.287249,56.676721,0.855542,0.49884,0.053287,0.904909,20000,0.337474,8.109926
581,68.08244,85.309581,0.53099,0.167557,0.050412,0.798063,20000,0.337474,0.199042
582,126.288066,168.156831,0.653374,0.479179,0.054259,0.751014,20000,0.337474,8.425504
583,207.529199,161.374166,1.589138,0.406154,0.034059,1.286013,20000,0.337474,69.286057
584,85.917512,92.545776,1.966245,0.569485,0.001204,0.928379,20000,0.337474,24.274717
585,57.961164,60.270169,0.143118,0.357432,0.013856,0.961689,20000,0.337474,2.252754
586,162.622699,155.06492,0.684169,0.189117,0.015754,1.048739,20000,0.337474,15.099248
587,132.557761,104.118391,1.338994,0.291006,0.036495,1.273145,20000,0.337474,37.797133
588,95.473999,133.400778,1.974678,0.332068,0.038783,0.715693,20000,0.337474,9.169411
589,97.600513,97.334885,1.862397,0.175827,0.040001,1.002729,20000,0.337474,13.105457
590,116.033622,117.248479,1.856928,0.164429,0.074225,0.989639,20000,0.337474,18.283209
591,97.715149,89.775023,1.363232,0.43884,0.070077,1.088445,20000,0.337474,27.009635
592,87.144827,91.832715,1.866983,0.187696,0.042122,0.948952,20000,0.337474,9.784893
593,108.704202,106.969629,1.548181,0.133135,0.017231,1.016216,20000,0.337474,9.590681
594,84.807305,118.275008,0.481422,0.258329,0.049928,0.717035,20000,0.337474,0.328494
595,85.272117,99.432771,1.885962,0.160128,0.061188,0.857586,20000,0.337474,5.947327
596,147.225819,168.996876,1.861494,0.220733,0.058145,0.871175,20000,0.337474,15.867641
597,109.091526,141.586173,1.757697,0.209209,0.078469,0.770496,20000,0.337474,6.894608
598,188.630782,160.839859,0.980919,0.239722,0.069367,1.172786,20000,0.337474,42.006777
599,184.854133,170.00455,0.795259,0.130609,0.062407,1.087348,20000,0.337474,24.639087
600,243.427969,198.516224,0.744085,0.420584,0.004735,1.226237,20000,0.337474,59.72511
601,129.643933,169.960609,0.670329,0.528374,0.069214,0.762788,20000,0.331056,11.671066
602,60.64273,64.560757,1.323998,0.507037,0.045519,0.939313,20000,0.331056,13.856721
603,92.491257,128.213084,0.758591,0.282745,0.020297,0.721387,20000,0.331056,1.345733
604,96.554715,131.142898,1.376489,0.476409,0.079835,0.736256,20000,0.331056,14.517712
605,121.072269,130.988922,0.678347,0.321657,0.015862,0.924294,20000,0.331056,9.469284
606,145.120048,151.576494,1.638265,0.13931,0.071506,0.957405,20000,0.331056,16.203435
607,174.488653,181.36854,1.033985,0.448156,0.044934,0.962067,20000,0.331056,31.685624
608,67.885759,57.226282,0.189611,0.191944,0.001779,1.186269,20000,0.331056,10.71306
609,75.443091,85.616727,1.260022,0.184955,0.059158,0.881172,20000,0.331056,4.503809
610,253.593618,199.419095,0.309847,0.36368,0.009909,1.271662,20000,0.331056,57.364756
611,56.093527,76.701254,0.508777,0.469634,0.032536,0.731325,20000,0.331056,2.162501
612,134.974971,126.448005,0.215361,0.421096,0.038261,1.067435,20000,0.331056,15.58216
613,134.289039,169.827629,0.407488,0.178603,0.04455,0.790737,20000,0.331056,0.200104
614,153.173597,190.322227,0.995345,0.361344,0.032834,0.804812,20000,0.331056,11.87567
615,88.839954,90.242371,0.747472,0.478545,0.079356,0.984459,20000,0.331056,16.026895
616,97.97441,95.898958,1.968162,0.403836,0.027036,1.021642,20000,0.331056,24.978718
617,102.869343,92.853341,0.549516,0.10855,0.030315,1.107869,20000,0.331056,11.778807
618,78.328848,70.483495,0.394148,0.500067,0.036764,1.111308,20000,0.331056,14.060535
619,124.571596,123.733301,1.292115,0.225628,0.062225,1.006775,20000,0.331056,17.96346
620,53.835366,56.679372,0.138447,0.255072,0.065171,0.949823,20000,0.331056,1.079825
621,229.146501,197.544083,0.853628,0.478314,0.073663,1.159977,20000,0.331056,62.737599
622,106.932208,120.645822,1.061142,0.114458,0.05028,0.886332,20000,0.331056,2.252818
623,134.635268,188.101567,0.761491,0.394545,0.064964,0.715758,20000,0.331056,6.333783
624,195.19582,175.867598,1.061712,0.381304,0.049691,1.109902,20000,0.331056,44.755184
625,165.921597,151.25103,0.690768,0.27973,0.010986,1.096995,20000,0.331056,24.13302
626,117.773751,153.272207,1.277377,0.378797,0.050051,0.768396,20000,0.331056,11.507843
627,131.725398,179.933777,1.592465,0.316045,0.003665,0.732077,20000,0.331056,7.935303
628,226.035037,190.882104,0.835339,0.452286,0.019656,1.18416,20000,0.331056,57.202506
629,65.244724,64.39066,0.111685,0.380483,0.07343,1.013264,20000,0.331056,4.106696
630,94.364636,73.798406,0.125543,0.107041,0.013297,1.278681,20000,0.331056,20.691603
631,102.831035,106.307504,1.60565,0.56011,0.065058,0.967298,20000,0.331056,31.421397
632,99.853501,139.42517,0.761143,0.123864,0.031754,0.71618,20000,0.331056,0.009512
633,82.003913,72.126731,0.668014,0.277232,0.02326,1.136942,20000,0.331056,14.013517
634,237.884117,187.62238,1.114311,0.586186,0.020584,1.267888,20000,0.331056,81.842306
635,64.38941,79.778654,0.699381,0.368699,0.066584,0.807101,20000,0.331056,4.059984
636,125.146145,175.828601,0.745918,0.21279,0.069317,0.711751,20000,0.331056,0.680541
637,93.231108,109.127859,0.709714,0.474947,0.064539,0.854329,20000,0.331056,10.629914
638,73.458176,63.499942,1.789398,0.170513,0.047052,1.156823,20000,0.331056,16.378766
639,97.948177,97.140874,0.977882,0.171649,0.020479,1.008311,20000,0.331056,7.957051
640,169.790713,145.544217,1.367155,0.560886,0.053565,1.166592,20000,0.331056,59.631366
641,183.245443,167.789978,1.060183,0.549007,0.0099,1.092112,20000,0.331056,47.768273
642,44.632967,52.651915,1.595639,0.450976,0.071024,0.847699,20000,0.331056,9.145303
643,115.629454,133.420652,0.738544,0.186976,0.055695,0.866653,20000,0.331056,3.158711
644,68.850465,60.56601,0.992194,0.155082,0.021657,1.136784,20000,0.331056,10.36651
645,199.417464,176.060015,1.052556,0.152704,0.072057,1.132668,20000,0.331056,37.252566
646,49.926757,69.460411,0.357167,0.257732,0.034802,0.71878,20000,0.331056,0.062167
647,87.152179,89.608939,1.687331,0.425624,0.06033,0.972584,20000,0.331056,21.433421
648,137.800579,154.790253,0.088223,0.240989,0.038061,0.890241,20000,0.331056,0.246016
649,171.953595,189.853248,0.160342,0.539287,0.076862,0.905718,20000,0.331056,8.875275
650,142.219732,115.337366,1.488171,0.449413,0.055864,1.233076,20000,0.331056,48.870619
651,59.074797,70.261624,0.876675,0.19291,0.017242,0.840783,20000,0.331056,1.218874
652,117.303131,110.020034,1.939753,0.253925,0.017503,1.066198,20000,0.331056,21.523991
653,183.700614,155.927513,0.83991,0.383836,0.056136,1.178115,20000,0.331056,44.53585
654,36.052019,50.00089,0.260758,0.182189,0.016816,0.721028,20000,0.331056,0.000267
655,163.668149,169.24278,1.965327,0.172583,0.054478,0.967061,20000,0.331056,21.716837
656,69.862704,74.321865,0.173186,0.250609,0.045175,0.940002,20000,0.331056,1.401117
657,66.46517,82.193439,1.162606,0.573324,0.055467,0.808643,20000,0.331056,12.561776
658,96.432041,131.596282,0.592618,0.288449,0.053592,0.732787,20000,0.331056,1.271126
659,75.935311,106.758475,1.291454,0.263883,0.05422,0.711281,20000,0.331056,2.479691
660,169.925841,145.313141,0.492189,0.493039,0.045459,1.169377,20000,0.331056,38.064115
661,69.73553,74.990765,1.338778,0.487398,0.004455,0.929922,20000,0.331056,13.958754
662,70.098668,82.190991,1.609957,0.565127,0.046659,0.852875,20000,0.331056,17.288928
663,60.405339,57.134188,1.360109,0.540865,0.047728,1.057254,20000,0.331056,18.012618
664,148.061017,165.29389,1.052321,0.195018,0.044218,0.895744,20000,0.331056,7.794586
665,192.08417,152.031541,1.91023,0.156121,0.051237,1.263449,20000,0.331056,55.397168
666,90.641799,87.279899,0.743291,0.354377,0.07083,1.038519,20000,0.331056,14.798976
667,78.296652,106.825038,0.284496,0.122936,0.072416,0.732943,20000,0.331056,0.0
668,63.701932,51.779762,1.855037,0.584498,0.022104,1.230248,20000,0.331056,25.529415
669,167.247487,152.021256,1.660601,0.254027,0.042421,1.100159,20000,0.331056,35.216836
670,73.853118,78.842762,1.723691,0.569313,0.079362,0.936714,20000,0.331056,23.06146
671,180.800067,143.250886,0.945378,0.598633,0.046838,1.262122,20000,0.331056,62.285336
672,154.952867,137.638188,1.222231,0.456271,0.065139,1.125799,20000,0.331056,44.230489
673,181.68025,173.493398,0.25305,0.391361,0.063582,1.047188,20000,0.331056,20.126355
674,96.237965,79.554362,1.80743,0.38045,0.001039,1.209713,20000,0.331056,27.126383
675,131.789282,187.038999,0.746876,0.345413,0.003359,0.704609,20000,0.331056,2.754558
676,66.682521,54.560909,1.471997,0.224048,0.060592,1.222167,20000,0.331056,18.048687
677,60.908896,63.218423,1.160789,0.559031,0.001507,0.963468,20000,0.331056,13.513801
678,59.36294,71.204058,1.082858,0.308492,0.054295,0.833702,20000,0.331056,4.744253
679,147.532166,180.916327,0.368458,0.579394,0.068355,0.815472,20000,0.331056,11.037195
680,88.544888,75.858717,0.698413,0.104075,0.008864,1.167234,20000,0.331056,13.126027
681,83.489706,94.803293,1.594178,0.358526,0.039112,0.880663,20000,0.331056,12.888073
682,52.786821,53.190623,0.47423,0.544875,0.03043,0.992408,20000,0.331056,7.944262
683,227.465699,192.900907,0.529616,0.501507,0.072988,1.179184,20000,0.331056,55.459208
684,200.648695,180.109518,1.164882,0.118279,0.001328,1.114037,20000,0.331056,23.40717
685,177.732841,144.438709,0.600417,0.443854,0.07751,1.230507,20000,0.331056,46.709464
686,110.621313,115.249863,0.102353,0.322159,0.043111,0.959839,20000,0.331056,2.892182
687,110.582582,132.8962,1.769333,0.198215,0.058757,0.832097,20000,0.331056,8.183454
688,129.708034,155.074088,1.914182,0.259572,0.049329,0.836426,20000,0.331056,13.904652
689,68.758294,61.653748,0.540189,0.377829,0.057303,1.115233,20000,0.331056,12.378846
690,78.752401,66.442072,1.911232,0.405006,0.037649,1.185279,20000,0.331056,25.674776
691,156.321352,176.845938,1.938123,0.551391,0.040639,0.883941,20000,0.331056,44.14995
692,199.47667,175.329616,1.04378,0.571534,0.079816,1.137724,20000,0.331056,63.029507
693,125.364032,173.093542,1.605267,0.447712,0.07533,0.724256,20000,0.331056,18.97048
694,99.04238,96.249408,0.954235,0.224452,0.005347,1.029018,20000,0.331056,10.20624
695,110.498809,95.591625,0.124971,0.199698,0.008111,1.155947,20000,0.331056,15.100438
696,173.461224,168.263705,1.559617,0.561887,0.010197,1.030889,20000,0.331056,50.313234
697,156.668058,124.396881,0.052999,0.118384,0.009756,1.259421,20000,0.331056,32.396907
698,94.73952,89.860605,1.046993,0.465852,0.017732,1.054294,20000,0.331056,20.709851
699,118.465807,100.824048,1.178856,0.525591,0.019081,1.174976,20000,0.331056,35.64963
700,164.721548,135.083203,1.063439,0.52362,0.073324,1.219408,20000,0.331056,55.13915
701,107.498821,98.691424,1.778855,0.268318,0.053704,1.089242,20000,0.377877,24.617316
702,204.747016,170.000908,1.967684,0.41228,0.023192,1.204388,20000,0.377877,67.015656
703,203.337682,158.830591,0.184579,0.259581,0.049226,1.280217,20000,0.377877,46.174074
704,201.794262,189.519286,0.47365,0.18496,0.002722,1.064769,20000,0.377877,17.452493
705,116.533042,126.399876,0.52429,0.345743,0.038284,0.92194,20000,0.377877,8.775115
706,97.52405,100.584643,0.427092,0.51866,0.021744,0.969572,20000,0.377877,12.083644
707,86.903564,83.368737,0.419532,0.227457,0.031488,1.0424,20000,0.377877,7.604377
708,157.592178,179.961402,0.05019,0.543892,0.067735,0.8757,20000,0.377877,1.46006
709,59.004274,61.547929,0.258981,0.225855,0.022441,0.958672,20000,0.377877,1.831675
710,53.307294,51.430796,1.605048,0.115686,0.023158,1.036486,20000,0.377877,5.243823
711,73.24224,103.102063,0.607537,0.339719,0.017845,0.710386,20000,0.377877,1.098089
712,149.904713,159.160295,0.489699,0.43303,0.065672,0.941847,20000,0.377877,16.531347
713,219.164739,177.939921,0.681154,0.398577,0.049194,1.231678,20000,0.377877,56.108399
714,155.246923,151.652397,1.080775,0.40894,0.071879,1.023702,20000,0.377877,32.50529
715,192.731172,159.701711,1.09082,0.385346,0.019674,1.20682,20000,0.377877,49.597552
716,80.317096,96.275267,0.067872,0.232858,0.074218,0.834244,20000,0.377877,0.002039
717,243.072365,198.087236,0.259354,0.486148,0.071665,1.227098,20000,0.377877,54.577986
718,168.356214,162.464805,1.860304,0.326737,0.046315,1.036263,20000,0.377877,38.786509
719,218.676916,175.653765,1.025651,0.113733,0.033629,1.244932,20000,0.377877,49.261912
720,74.684173,60.10783,1.458735,0.174743,0.072663,1.242503,20000,0.377877,20.750779
721,42.385172,51.474911,1.712959,0.244107,0.046229,0.823414,20000,0.377877,3.486165
722,232.556828,196.509922,0.365154,0.379952,0.000383,1.183436,20000,0.377877,42.342437
723,53.52726,60.486892,0.340861,0.448743,0.035777,0.88494,20000,0.377877,3.367204
724,122.441133,133.715261,1.048394,0.113882,0.054004,0.915686,20000,0.377877,3.966037
725,195.408085,192.87276,0.221173,0.426061,0.02972,1.013145,20000,0.377877,17.44039
726,132.757855,112.820957,1.771581,0.293221,0.028931,1.176713,20000,0.377877,33.255804
727,81.834728,106.60576,1.697922,0.472785,0.025574,0.767639,20000,0.377877,12.959804
728,159.053176,148.043299,1.796879,0.461946,0.018689,1.074369,20000,0.377877,44.869115
729,67.763263,76.993706,1.581289,0.245719,0.024216,0.880114,20000,0.377877,5.934671
730,65.69962,50.842444,1.103516,0.548905,0.047368,1.29222,20000,0.377877,23.249305
731,88.665975,77.437173,1.332734,0.4312,0.011172,1.145005,20000,0.377877,22.783388
732,151.56646,154.416704,1.591115,0.104886,0.066609,0.981542,20000,0.377877,15.664946
733,129.010757,179.61679,0.704847,0.2473,0.005905,0.718256,20000,0.377877,0.758613
734,128.084167,131.345741,0.274918,0.207289,0.027492,0.975168,20000,0.377877,4.680063
735,117.751454,132.824927,1.311888,0.509214,0.018789,0.886516,20000,0.377877,22.168386
736,113.413367,132.084389,0.264019,0.519029,0.010642,0.858643,20000,0.377877,5.841642
737,99.879861,86.693291,0.193671,0.237959,0.057796,1.152106,20000,0.377877,14.327729
738,104.65568,80.929835,1.158013,0.362297,0.038277,1.293166,20000,0.377877,31.755675
739,134.469487,127.711428,0.882697,0.123466,0.063896,1.052917,20000,0.377877,15.079844
740,227.781788,199.146735,1.425765,0.551229,0.006075,1.143789,20000,0.377877,70.222164
741,150.822985,125.039562,1.177527,0.297065,0.033811,1.206202,20000,0.377877,37.055856
742,132.796098,133.525036,0.766335,0.276733,0.072492,0.994541,20000,0.377877,15.921311
743,116.975393,165.524239,0.784111,0.240612,0.029148,0.706696,20000,0.377877,0.788194
744,48.034196,62.26531,1.057211,0.462773,0.038159,0.771444,20000,0.377877,5.312199
745,123.399531,97.049565,1.59471,0.185637,0.012205,1.27151,20000,0.377877,30.00946
746,149.974103,157.764909,0.755165,0.341524,0.065796,0.950618,20000,0.377877,17.476968
747,215.826424,176.318592,0.325262,0.158374,0.074991,1.224071,20000,0.377877,43.6841
748,181.286017,171.120706,1.770898,0.594379,0.074079,1.059404,20000,0.377877,68.866738
749,151.440969,128.878799,0.962401,0.152994,0.020185,1.175065,20000,0.377877,26.11571
750,95.259049,98.908092,0.300779,0.27183,0.005655,0.963107,20000,0.377877,4.150521
751,83.349379,114.160703,0.541227,0.111782,0.037032,0.730106,20000,0.377877,1e-05
752,220.933328,181.624661,0.131619,0.56123,0.011865,1.216428,20000,0.377877,43.294698
753,133.695176,134.009159,1.347886,0.1277,0.049471,0.997657,20000,0.377877,12.702908
754,143.965547,121.225207,1.410865,0.503067,0.076079,1.187588,20000,0.377877,50.693793
755,81.016219,107.63544,1.158527,0.513733,0.00275,0.752691,20000,0.377877,9.754173
756,133.863462,125.729399,1.945192,0.41508,0.058025,1.064695,20000,0.377877,39.515754
757,73.307021,71.632342,1.261348,0.16055,0.008737,1.023379,20000,0.377877,6.350658
758,130.18451,100.694993,1.019747,0.125365,0.009567,1.29286,20000,0.377877,30.545294
759,162.160838,126.320501,1.719826,0.380598,0.049817,1.283725,20000,0.377877,55.607404
760,201.807023,163.796843,1.999205,0.463248,0.004342,1.232057,20000,0.377877,68.363009
761,53.687166,68.030678,0.142486,0.523441,0.019821,0.789161,20000,0.377877,0.726989
762,154.684625,180.277722,0.604201,0.537077,0.067347,0.858035,20000,0.377877,18.871477
763,95.419135,131.768636,1.176186,0.496191,0.076856,0.724141,20000,0.377877,12.686131
764,150.399401,131.067024,0.147032,0.505359,0.00059,1.1475,20000,0.377877,23.004398
765,208.055054,177.71991,1.277913,0.259592,0.048993,1.170691,20000,0.377877,48.037137
766,91.292663,128.650578,1.446505,0.206156,0.066471,0.709617,20000,0.377877,2.166004
767,203.864892,169.975569,1.306975,0.55799,0.017241,1.199378,20000,0.377877,66.867731
768,112.667719,87.562867,0.751993,0.166278,0.075456,1.286707,20000,0.377877,30.21304
769,103.975206,83.265985,0.551373,0.135283,0.060449,1.248712,20000,0.377877,23.434058
770,172.692196,168.965587,0.523593,0.34116,0.039462,1.022055,20000,0.377877,20.392649
771,112.276271,127.359925,0.73641,0.233645,0.029302,0.881567,20000,0.377877,4.609664
772,60.48043,65.50973,1.11931,0.317431,0.010986,0.923228,20000,0.377877,6.491923
773,75.93362,67.796924,0.35365,0.227175,0.072757,1.120016,20000,0.377877,10.677915
774,95.03363,124.991642,1.830337,0.324594,0.060683,0.76032,20000,0.377877,10.778639
775,158.781028,192.207364,1.851793,0.534569,0.000953,0.826092,20000,0.377877,34.129544
776,242.99412,192.086171,1.241075,0.371002,0.042608,1.265027,20000,0.377877,72.367315
777,93.037472,101.728619,1.897505,0.31311,0.065766,0.914565,20000,0.377877,17.527714
778,70.973414,86.701102,1.340701,0.52523,0.022688,0.818599,20000,0.377877,12.6469
779,132.170852,157.930631,1.203059,0.565771,0.006543,0.836892,20000,0.377877,24.50044
780,114.91853,100.997876,1.158391,0.235051,0.068614,1.137831,20000,0.377877,24.620916
781,127.045768,105.144272,1.418763,0.205004,0.061072,1.208299,20000,0.377877,32.564239
782,136.59138,168.063851,1.156052,0.148232,0.073233,0.812735,20000,0.377877,2.876049
783,74.900281,74.361458,1.67687,0.594862,0.01042,1.007246,20000,0.377877,22.941272
784,102.479102,109.316188,0.27125,0.556149,0.069183,0.937456,20000,0.377877,9.789046
785,86.917561,95.422334,0.173808,0.425454,0.059079,0.910872,20000,0.377877,3.351074
786,142.802555,164.212988,0.240167,0.456215,0.040811,0.869618,20000,0.377877,5.82051
787,131.806221,119.203126,1.594953,0.402369,0.071877,1.105728,20000,0.377877,38.52018
788,199.677273,178.586087,0.698215,0.50581,0.002649,1.118101,20000,0.377877,43.825708
789,235.386965,186.750611,1.27603,0.232667,0.074891,1.260435,20000,0.377877,68.532069
790,198.014677,152.35889,1.414629,0.257263,0.000446,1.299659,20000,0.377877,51.823097
791,129.520283,157.475902,1.877966,0.359046,0.039133,0.822477,20000,0.377877,18.823184
792,169.332662,199.564431,1.133591,0.17591,0.029859,0.848511,20000,0.377877,4.88815
793,131.326848,116.862395,1.539706,0.342639,0.039396,1.123773,20000,0.377877,33.058976
794,143.663241,113.085632,0.627628,0.220566,0.013662,1.270393,20000,0.377877,32.338612
795,237.203908,185.37351,0.849517,0.149021,0.042865,1.2796,20000,0.377877,58.618918
796,102.453099,90.610747,1.272454,0.560092,0.032598,1.130695,20000,0.377877,31.961449
797,72.366517,91.42399,0.638865,0.566748,0.030164,0.791548,20000,0.377877,7.302835
798,54.730656,75.076141,0.246998,0.345629,0.058643,0.729002,20000,0.377877,0.180707
799,61.23171,69.093797,0.659023,0.365937,0.038548,0.886211,20000,0.377877,4.999923
800,60.879163,65.866931,0.487513,0.441897,0.03785,0.924275,20000,0.377877,5.818458
801,68.37172,58.782706,0.701583,0.204337,0.076682,1.163126,20000,0.346708,13.312836
802,143.268925,156.596429,1.247908,0.457763,0.030287,0.914893,20000,0.346708,25.78671
803,62.914768,87.036772,1.977769,0.542776,0.011765,0.722853,20000,0.346708,12.613153
804,84.44195,72.744869,0.584404,0.395802,0.029224,1.160796,20000,0.346708,17.177495
805,71.188019,69.048765,1.805934,0.468885,0.038303,1.030982,20000,0.346708,20.352414
806,73.244574,91.492203,1.444396,0.330569,0.051259,0.800555,20000,0.346708,7.709082
807,104.25782,115.804849,0.14473,0.164273,0.079049,0.900289,20000,0.346708,0.203028
808,144.790382,116.453899,1.275779,0.161692,0.011834,1.243328,20000,0.346708,31.176465
809,117.063655,92.606158,1.773168,0.591959,0.011496,1.264102,20000,0.346708,47.007179
810,126.202269,159.436127,1.837991,0.476445,0.014429,0.791554,20000,0.346708,22.573322
811,193.731848,157.290259,1.96119,0.248508,0.065334,1.231684,20000,0.346708,60.792382
812,154.310041,192.836172,0.919918,0.218635,0.078628,0.800213,20000,0.346708,4.692757
813,160.610535,163.197964,1.340633,0.461636,0.02566,0.984145,20000,0.346708,34.703207
814,73.810177,59.916441,0.732208,0.151707,0.029474,1.231885,20000,0.346708,15.315917
815,156.974422,164.364806,1.315981,0.543338,0.039033,0.955037,20000,0.346708,37.790144
816,173.756001,180.99115,1.008673,0.179979,0.033326,0.960025,20000,0.346708,11.926365
817,98.605317,76.4846,0.358714,0.568491,0.025961,1.289218,20000,0.346708,26.958325
818,220.755597,172.250338,0.870045,0.548539,0.012022,1.281597,20000,0.346708,70.287095
819,143.073416,127.742336,1.579244,0.504466,0.017407,1.120016,20000,0.346708,44.02758
820,58.812927,77.892276,1.233678,0.317425,0.052635,0.755055,20000,0.346708,3.835913
821,191.314834,171.107961,1.633118,0.540135,0.0688,1.118094,20000,0.346708,68.192767
822,45.87456,63.124117,1.072563,0.385763,0.010279,0.726736,20000,0.346708,2.66853
823,126.298975,156.08602,1.096867,0.171269,0.019492,0.809163,20000,0.346708,1.874328
824,81.17063,65.166242,0.093746,0.351102,0.06396,1.245593,20000,0.346708,16.394845
825,127.001686,106.966928,1.37168,0.239744,0.000667,1.187299,20000,0.346708,25.70781
826,73.679201,64.551714,1.881659,0.357145,0.006295,1.141398,20000,0.346708,18.677973
827,93.655705,89.585678,1.318524,0.433948,0.023844,1.045432,20000,0.346708,20.99962
828,162.834225,126.256419,0.894157,0.47986,0.069164,1.28971,20000,0.346708,53.504121
829,60.874768,57.890924,0.36513,0.100799,0.054162,1.051543,20000,0.346708,4.311673
830,141.001116,128.1756,0.09835,0.578912,0.028092,1.100062,20000,0.346708,17.560393
831,43.498072,55.17348,1.761526,0.106842,0.035138,0.788387,20000,0.346708,0.347896
832,65.215488,84.730335,1.860995,0.597,0.071944,0.769683,20000,0.346708,17.408346
833,124.356535,133.67791,1.003901,0.28966,0.001642,0.93027,20000,0.346708,10.786571
834,62.055534,54.670147,1.636798,0.297647,0.043345,1.13509,20000,0.346708,15.227083
835,219.716949,197.633232,0.437616,0.252709,0.060198,1.111741,20000,0.346708,31.11948
836,157.431095,163.514685,0.458799,0.579886,0.023048,0.962795,20000,0.346708,22.837138
837,148.21059,126.473066,0.318589,0.273989,0.024851,1.171875,20000,0.346708,24.268572
838,121.82749,107.921428,1.959618,0.113799,0.0743,1.128854,20000,0.346708,28.83718
839,64.120668,76.781093,0.230625,0.254616,0.033322,0.83511,20000,0.346708,0.297783
840,202.393665,159.530912,1.654881,0.481274,0.055331,1.26868,20000,0.346708,76.615959
841,129.201239,151.286444,0.195905,0.112784,0.068621,0.854017,20000,0.346708,0.00484
842,139.689306,143.86977,1.59895,0.354281,0.018814,0.970943,20000,0.346708,24.715104
843,120.790996,155.394126,0.577612,0.512023,0.069842,0.77732,20000,0.346708,9.659107
844,223.003674,186.667978,0.237171,0.275387,0.062956,1.194654,20000,0.346708,40.142799
845,226.002724,178.039094,1.357009,0.565427,0.03223,1.269399,20000,0.346708,83.452869
846,129.814717,108.467651,1.782553,0.182363,0.000323,1.196806,20000,0.346708,25.469549
847,190.648956,158.483367,0.415134,0.189716,0.052768,1.202959,20000,0.346708,35.98713
848,141.391155,142.066849,0.690844,0.488257,0.030962,0.995244,20000,0.346708,23.971114
849,208.289025,187.910013,1.949556,0.470723,0.036491,1.108451,20000,0.346708,67.228356
850,53.519272,52.503829,0.483541,0.10798,0.005546,1.01934,20000,0.346708,2.233518
851,78.963097,72.446933,0.778063,0.464046,0.016668,1.089944,20000,0.346708,16.365797
852,42.192057,58.978722,1.019239,0.168144,0.030309,0.715378,20000,0.346708,0.134109
853,173.582778,176.846798,0.836478,0.246336,0.022477,0.981543,20000,0.346708,15.699189
854,186.236383,179.344267,1.542693,0.593434,0.00682,1.03843,20000,0.346708,55.168966
855,95.582899,121.43229,0.226762,0.420674,0.05198,0.787129,20000,0.346708,1.318822
856,228.65785,183.404295,0.779943,0.361538,0.043764,1.246742,20000,0.346708,59.070432
857,189.23833,198.015142,0.826904,0.370443,0.00086,0.955676,20000,0.346708,21.730405
858,98.957287,132.360969,0.167904,0.142195,0.02438,0.747632,20000,0.346708,0.0
859,87.97272,125.440634,1.205734,0.462219,0.008288,0.70131,20000,0.346708,7.921916
860,132.946891,153.960075,0.367332,0.387501,0.007104,0.863515,20000,0.346708,5.550215
861,97.187433,122.923853,0.120295,0.102607,0.032624,0.790631,20000,0.346708,0.0
862,104.06184,87.605149,0.765578,0.17848,0.030781,1.187851,20000,0.346708,19.420972
863,230.140612,196.816034,1.648894,0.509619,0.036661,1.169318,20000,0.346708,77.255983
864,210.216441,176.092702,1.878612,0.418522,0.005198,1.193783,20000,0.346708,64.181376
865,170.11064,131.936513,1.104413,0.119322,0.013346,1.289337,20000,0.346708,40.123136
866,83.064642,85.988477,1.310472,0.456,0.069217,0.965997,20000,0.346708,18.902584
867,47.513732,62.518914,1.96568,0.455497,0.060339,0.75999,20000,0.346708,9.314748
868,63.53266,51.599833,0.723547,0.166397,0.06148,1.231257,20000,0.346708,14.188174
869,126.390983,114.517615,1.205922,0.346636,0.014646,1.103682,20000,0.346708,25.910038
870,55.488449,75.895797,0.970341,0.348352,0.06942,0.731114,20000,0.346708,2.954032
871,199.959451,171.700001,1.836997,0.147609,0.076094,1.164586,20000,0.346708,51.508521
872,60.470155,70.324172,1.557552,0.180018,0.017342,0.859877,20000,0.346708,2.59244
873,144.964676,192.551622,1.186138,0.251848,0.006952,0.752861,20000,0.346708,3.893078
874,84.149475,91.958107,1.47271,0.347319,0.027215,0.915085,20000,0.346708,12.57908
875,143.750366,143.025398,1.969562,0.528351,0.048425,1.005069,20000,0.346708,46.640432
876,223.336554,183.263793,0.333731,0.212666,0.076533,1.218662,20000,0.346708,44.944731
877,88.181851,86.234551,0.178853,0.554978,0.040491,1.022581,20000,0.346708,9.474534
878,105.592348,144.741127,0.633951,0.305474,0.043614,0.729526,20000,0.346708,1.656755
879,179.952164,151.367412,0.293306,0.214865,0.008619,1.188844,20000,0.346708,29.473462
880,57.569679,61.456172,0.912962,0.170396,0.065701,0.93676,20000,0.346708,3.523408
881,110.146449,132.987096,0.484341,0.42265,0.027137,0.828249,20000,0.346708,5.944369
882,46.524745,50.865282,1.305683,0.497859,0.04625,0.914666,20000,0.346708,9.951183
883,45.662416,53.422211,0.206283,0.434017,0.023614,0.854746,20000,0.346708,1.254816
884,114.263015,124.869702,0.933428,0.149352,0.00668,0.915058,20000,0.346708,3.069233
885,120.426258,152.133171,1.38025,0.449011,0.013685,0.791584,20000,0.346708,15.591131
886,85.318519,78.321508,0.734566,0.192088,0.078664,1.089337,20000,0.346708,12.471062
887,181.041285,157.337275,0.287157,0.32474,0.008826,1.150657,20000,0.346708,27.61303
888,114.832518,153.225312,0.10159,0.322638,0.007771,0.749436,20000,0.346708,0.007564
889,108.941204,95.992847,0.55563,0.188109,0.046288,1.134889,20000,0.346708,16.426134
890,56.437498,77.578787,0.092984,0.418992,0.063245,0.727486,20000,0.346708,0.018283
891,47.352318,56.232661,1.942126,0.243007,0.077929,0.842079,20000,0.346708,6.011647
892,69.080487,79.708198,0.711892,0.543481,0.044151,0.866667,20000,0.346708,9.709267
893,66.746778,91.284029,1.320519,0.141811,0.045558,0.731199,20000,0.346708,0.308944
894,63.015275,52.802262,0.055134,0.354821,0.04415,1.19342,20000,0.346708,10.374225
895,72.202178,68.501365,1.928407,0.4897,0.01334,1.054025,20000,0.346708,21.207089
896,204.027157,172.150861,1.225984,0.191773,0.02867,1.185165,20000,0.346708,41.572534
897,113.808753,96.228514,1.644333,0.305975,0.005575,1.182693,20000,0.346708,27.146392
898,40.208552,55.121688,1.833072,0.185377,0.069077,0.729451,20000,0.346708,1.396221
899,115.765933,94.343714,0.456331,0.304127,0.023595,1.227066,20000,0.346708,23.722581
900,152.789084,126.570189,1.131723,0.527025,0.032887,1.207149,20000,0.346708,47.978707
901,121.473118,98.649008,1.543084,0.544341,0.027092,1.231367,20000,0.344927,45.249032
902,135.654058,164.940341,0.549424,0.213956,0.001535,0.822443,20000,0.344927,1.296402
903,107.713654,136.858778,0.372489,0.486082,0.059037,0.787042,20000,0.344927,4.75775
904,73.607306,57.236312,1.009861,0.526794,0.024596,1.286025,20000,0.344927,23.913954
905,108.341524,115.41596,1.551977,0.300804,0.008268,0.938705,20000,0.344927,13.991567
906,127.359417,114.013218,0.222721,0.344619,0.027132,1.117058,20000,0.344927,16.581577
907,128.998562,141.464892,1.462117,0.449022,0.054663,0.911877,20000,0.344927,27.563095
908,65.671358,62.588331,1.078987,0.133346,0.053682,1.049259,20000,0.344927,7.666588
909,155.689182,192.706803,0.450655,0.325616,0.050779,0.807907,20000,0.344927,3.966246
910,95.841729,87.293807,1.809541,0.448712,0.073144,1.097921,20000,0.344927,31.521262
911,112.664912,92.494181,0.557168,0.340503,0.018037,1.218076,20000,0.344927,24.260784
912,145.144337,117.193928,1.406476,0.420403,0.073782,1.238497,20000,0.344927,48.764888
913,144.388606,138.835262,0.967024,0.535305,0.050828,1.04,20000,0.344927,34.913401
914,62.223218,67.734753,0.918576,0.470816,0.031555,0.918631,20000,0.344927,9.693786
915,161.318503,179.62404,1.981019,0.356496,0.042872,0.89809,20000,0.344927,29.646144
916,140.799519,179.161765,1.002331,0.491964,0.030511,0.785879,20000,0.344927,17.031946
917,98.766037,97.226882,0.239483,0.22063,0.03397,1.015831,20000,0.344927,5.469866
918,74.6743,62.589698,0.265548,0.182666,0.063624,1.193077,20000,0.344927,13.254123
919,160.667853,196.65894,0.060413,0.572604,0.002078,0.816987,20000,0.344927,0.874847
920,90.006666,87.181766,0.145825,0.340136,0.050616,1.032402,20000,0.344927,6.587636
921,150.999184,141.496433,1.51086,0.203737,0.026066,1.067159,20000,0.344927,22.871172
922,133.370451,127.694441,0.294564,0.518048,0.07072,1.04445,20000,0.344927,18.9183
923,86.554855,93.519983,1.172244,0.552754,0.035825,0.925523,20000,0.344927,18.918234
924,64.585012,81.787572,0.059495,0.214364,0.011761,0.789668,20000,0.344927,0.0
925,124.76844,107.523567,1.089752,0.43716,0.022267,1.160382,20000,0.344927,32.034266
926,50.494527,56.344702,0.200184,0.36484,0.010017,0.896172,20000,0.344927,1.316775
927,83.568835,73.707951,0.841392,0.293326,0.038868,1.133783,20000,0.344927,15.877482
928,64.005793,73.212979,0.770769,0.395013,0.048753,0.874241,20000,0.344927,6.386748
929,204.858136,180.893343,1.86315,0.104055,0.016193,1.13248,20000,0.344927,31.294248
930,150.813527,163.733587,0.587245,0.34576,0.007528,0.921091,20000,0.344927,11.148094
931,144.466993,152.453551,0.141104,0.223335,0.055951,0.947613,20000,0.344927,2.249933
932,90.741499,81.542832,1.51649,0.516801,0.052001,1.112808,20000,0.344927,29.940331
933,102.178439,101.68697,1.245367,0.123149,0.026452,1.004833,20000,0.344927,7.674072
934,84.723222,76.333557,1.878937,0.492219,0.063236,1.109908,20000,0.344927,28.854951
935,64.397314,68.869387,1.400531,0.135059,0.001335,0.935064,20000,0.344927,2.488289
936,140.006852,157.574445,1.802014,0.369768,0.026527,0.888512,20000,0.344927,23.765758
937,243.173919,190.920046,0.41065,0.229888,0.013028,1.273695,20000,0.344927,53.572788
938,107.41606,88.111965,1.6162,0.441553,0.011828,1.219086,20000,0.344927,34.156132
939,219.887506,198.642556,1.857076,0.508243,0.039113,1.106951,20000,0.344927,75.044027
940,84.48726,117.889051,0.210883,0.417941,0.079657,0.716668,20000,0.344927,0.394968
941,129.99134,129.409254,0.959283,0.128778,0.023268,1.004498,20000,0.344927,8.336202
942,157.193608,163.165132,0.723489,0.100279,0.074993,0.963402,20000,0.344927,6.792945
943,185.735161,167.951403,0.496621,0.368176,0.047584,1.105886,20000,0.344927,30.867643
944,160.814401,161.640343,0.406888,0.467015,0.056057,0.99489,20000,0.344927,20.355185
945,170.784197,187.538188,0.835075,0.314262,0.044254,0.910664,20000,0.344927,15.914416
946,216.466,171.231993,0.176399,0.595466,0.026464,1.264168,20000,0.344927,50.120481
947,140.493501,115.217276,0.836441,0.340884,0.013144,1.219379,20000,0.344927,32.051695
948,47.035361,57.55465,1.317342,0.364431,0.047407,0.81723,20000,0.344927,5.249261
949,164.324892,135.597309,1.160112,0.172316,0.06968,1.21186,20000,0.344927,39.834575
950,181.345916,192.254222,0.368244,0.19654,0.070625,0.943261,20000,0.344927,6.111058
951,116.723651,118.689829,0.386142,0.217519,0.065436,0.983434,20000,0.344927,6.847616
952,93.671796,74.685998,0.212729,0.238492,0.053148,1.254208,20000,0.344927,19.834074
953,88.950806,73.73514,0.291746,0.56824,0.040543,1.206356,20000,0.344927,19.960222
954,120.304798,143.085529,0.442824,0.448558,0.054128,0.840789,20000,0.344927,7.499207
955,147.517593,136.234742,1.772446,0.324761,0.011733,1.082819,20000,0.344927,32.418653
956,90.424868,87.336462,1.50791,0.461944,0.015967,1.035362,20000,0.344927,22.470075
957,181.741117,169.472734,1.033865,0.348856,0.002391,1.072391,20000,0.344927,31.399227
958,148.814155,137.918177,0.280972,0.474035,0.035965,1.079003,20000,0.344927,21.425743
959,132.89091,147.16822,0.836075,0.220597,0.000613,0.902986,20000,0.344927,5.397942
960,47.319225,55.282802,0.674666,0.329797,0.035408,0.855948,20000,0.344927,2.825418
961,150.627116,123.687758,1.095553,0.584311,0.063128,1.217801,20000,0.344927,51.78534
962,74.006472,93.018484,0.366968,0.176825,0.052475,0.79561,20000,0.344927,0.090417
963,68.910009,56.375352,0.871726,0.238047,0.076186,1.222343,20000,0.344927,16.598095
964,127.074834,128.906372,1.392488,0.486183,0.036459,0.985792,20000,0.344927,30.281393
965,58.031449,61.450636,1.959298,0.175942,0.036874,0.944359,20000,0.344927,6.118004
966,207.0675,160.903349,0.807778,0.34441,0.018971,1.286906,20000,0.344927,54.08859
967,101.401548,117.742627,1.715281,0.320546,0.072999,0.861214,20000,0.344927,16.231892
968,63.006958,74.024415,1.003041,0.520767,0.046597,0.851165,20000,0.344927,10.321506
969,150.966481,165.49394,1.726215,0.273824,0.009723,0.912218,20000,0.344927,17.18835
970,85.303792,97.168397,0.360413,0.29631,0.069487,0.877896,20000,0.344927,2.704056
971,113.72618,117.040338,0.507547,0.408135,0.058322,0.971684,20000,0.344927,13.331233
972,118.22073,100.336775,0.918679,0.480513,0.011173,1.178239,20000,0.344927,30.041478
973,80.827572,65.923158,0.976983,0.5302,0.015741,1.226088,20000,0.344927,23.923797
974,97.619044,93.324839,1.878681,0.173141,0.026966,1.046014,20000,0.344927,13.921354
975,173.526555,137.785563,1.361617,0.223367,0.043396,1.259396,20000,0.344927,46.109001
976,111.815549,96.345686,1.391704,0.540059,0.006684,1.160566,20000,0.344927,34.205672
977,164.120142,161.292657,1.829632,0.229111,0.012812,1.01753,20000,0.344927,23.068406
978,156.637389,136.185011,0.518878,0.571467,0.03434,1.150181,20000,0.344927,37.105997
979,146.526425,161.339985,0.935238,0.418996,0.054023,0.908184,20000,0.344927,20.500507
980,119.42906,141.280972,1.465951,0.545889,0.053639,0.84533,20000,0.344927,26.740367
981,100.306862,102.145001,1.00058,0.161339,0.076799,0.982005,20000,0.344927,9.567876
982,159.398494,171.443501,0.159921,0.186584,0.032611,0.929744,20000,0.344927,1.246918
983,132.101523,102.623274,1.020455,0.507065,0.065316,1.287247,20000,0.344927,45.452026
984,122.151221,142.037305,1.429733,0.15654,0.052792,0.859994,20000,0.344927,5.332712
985,97.895973,118.479912,0.398701,0.185502,0.058599,0.826266,20000,0.344927,0.415946
986,132.494214,168.099121,0.059809,0.3764,0.036108,0.788191,20000,0.344927,0.019638
987,77.510458,80.710999,1.359395,0.259228,0.046823,0.960346,20000,0.344927,10.195586
988,100.621269,132.814142,1.928942,0.151844,0.073558,0.75761,20000,0.344927,3.691273
989,73.956196,56.992863,0.489815,0.32601,0.068256,1.29764,20000,0.344927,19.444995
990,199.087089,171.325724,0.266828,0.158256,0.035176,1.162039,20000,0.344927,29.467072
991,147.420313,162.535612,1.20636,0.550349,0.063131,0.907003,20000,0.344927,33.961161
992,194.399865,189.790511,0.96426,0.191675,0.003399,1.024287,20000,0.344927,17.337371
993,66.235436,53.260787,0.973818,0.576142,0.073541,1.243606,20000,0.344927,23.12718
994,206.676684,182.579529,1.13149,0.374001,0.062312,1.131982,20000,0.344927,51.336482
995,116.604984,107.952023,1.281024,0.16048,0.054771,1.080156,20000,0.344927,18.459123
996,103.15938,91.581974,1.317721,0.186715,0.009684,1.126416,20000,0.344927,16.075627
997,148.299843,114.844287,0.643066,0.302164,0.0306,1.291312,20000,0.344927,37.79357
998,93.645289,116.816311,1.31689,0.420036,0.062338,0.801646,20000,0.344927,13.302816
999,158.87803,179.778201,1.512634,0.328734,0.077489,0.883745,20000,0.344927,25.218224
1000,161.809,189.608361,0.989868,0.461312,0.060298,0.853385,20000,0.344927,22.936932
1001,92.856939,74.790961,0.491011,0.32224,0.00467,1.241553,20000,0.353123,19.650252
1002,96.698312,85.24201,0.99004,0.25573,0.07685,1.134397,20000,0.353123,20.53811
1003,99.194731,131.097558,0.302813,0.206251,0.02438,0.756648,20000,0.353123,0.037084
1004,125.309867,135.890437,0.176662,0.23381,0.042381,0.922139,20000,0.353123,1.640152
1005,67.509055,55.043091,1.91243,0.13994,0.025863,1.226476,20000,0.353123,15.565317
1006,67.723638,87.67954,0.547196,0.244747,0.031252,0.7724,20000,0.353123,0.581738
1007,106.744227,101.155022,1.588634,0.47495,0.032821,1.055254,20000,0.353123,28.675028
1008,122.113896,97.534994,0.699085,0.12625,0.021379,1.252001,20000,0.353123,26.009515
1009,186.141229,184.701444,0.564741,0.187543,0.07383,1.007795,20000,0.353123,15.243705
1010,97.311056,77.317595,0.239354,0.507916,0.065763,1.258589,20000,0.353123,22.82801
1011,68.482775,90.435496,0.294443,0.192164,0.01202,0.757255,20000,0.353123,0.011319
1012,214.903305,187.36917,0.503618,0.430302,5e-06,1.146951,20000,0.353123,40.53959
1013,190.788231,175.635453,0.643525,0.256615,0.071013,1.086274,20000,0.353123,29.305613
1014,170.051988,143.347772,0.112055,0.451859,0.049857,1.18629,20000,0.353123,29.010198
1015,106.460999,127.54472,1.861764,0.10815,0.059454,0.834695,20000,0.353123,3.336882
1016,45.198705,55.871628,1.101541,0.439437,0.068059,0.808974,20000,0.353123,5.966684
1017,187.492881,153.018606,1.127787,0.100074,0.0684,1.225295,20000,0.353123,46.106912
1018,164.724025,139.391039,0.580629,0.50427,0.043523,1.18174,20000,0.353123,40.658937
1019,92.665579,72.038579,1.820917,0.428543,0.019704,1.286333,20000,0.353123,32.267882
1020,101.800086,93.737056,1.062014,0.569376,0.047121,1.086018,20000,0.353123,29.338994
1021,147.722677,146.4413,0.20059,0.203597,0.059517,1.00875,20000,0.353123,7.111916
1022,177.733244,157.179405,1.989767,0.592351,0.028152,1.130767,20000,0.353123,69.107579
1023,42.121634,55.062637,1.517014,0.506786,0.035942,0.764977,20000,0.353123,6.994379
1024,198.906116,154.592716,1.946413,0.529431,0.000375,1.286646,20000,0.353123,74.127461
1025,151.829956,197.009157,0.864812,0.279425,0.060264,0.770675,20000,0.353123,5.183126
1026,129.402494,164.033954,0.709248,0.255765,0.047005,0.788876,20000,0.353123,2.773937
1027,144.5354,174.726692,0.65484,0.219599,0.013639,0.827208,20000,0.353123,2.238589
1028,159.418847,130.158069,0.822351,0.327273,0.057241,1.22481,20000,0.353123,40.439713
1029,69.402729,83.755181,1.265006,0.183401,0.013906,0.828638,20000,0.353123,1.778541
1030,48.814711,58.34771,0.065254,0.425736,0.077129,0.836617,20000,0.353123,0.135055
1031,113.184703,114.848938,1.92125,0.222126,0.043241,0.985509,20000,0.353123,17.647431
1032,71.046149,96.39015,0.312037,0.368853,0.015884,0.737069,20000,0.353123,0.532039
1033,150.919751,176.456499,1.604312,0.261994,0.033773,0.85528,20000,0.353123,14.215552
1034,106.695287,149.104012,1.146367,0.457101,0.006889,0.715576,20000,0.353123,8.960377
1035,130.395636,163.801851,1.025445,0.420797,0.032854,0.796057,20000,0.353123,13.055098
1036,103.404374,79.777049,0.943657,0.453607,0.040307,1.296167,20000,0.353123,32.594661
1037,137.559245,145.854392,1.846989,0.389242,0.065808,0.943127,20000,0.353123,31.975414
1038,113.06312,88.616677,0.652255,0.540328,0.079043,1.275867,20000,0.353123,35.647069
1039,238.278884,199.721848,0.24675,0.116762,0.010888,1.193054,20000,0.353123,39.096494
1040,67.786432,77.921622,0.405968,0.561136,0.033531,0.869931,20000,0.353123,6.34977
1041,187.032476,169.15002,1.88024,0.533436,0.063128,1.105719,20000,0.353123,68.569079
1042,133.764888,137.638107,1.021573,0.23614,0.073674,0.971859,20000,0.353123,15.676762
1043,147.611429,166.699215,0.192896,0.313757,0.069504,0.885496,20000,0.353123,2.643906
1044,75.913112,98.645919,1.137588,0.24239,0.065676,0.769551,20000,0.353123,2.935985
1045,193.007044,167.713286,1.46469,0.368258,0.068944,1.150815,20000,0.353123,56.445178
1046,153.369631,150.297147,1.080265,0.115743,0.00245,1.020443,20000,0.353123,9.116604
1047,103.205962,121.877179,1.571076,0.106714,0.012832,0.846803,20000,0.353123,1.037254
1048,147.662467,131.902349,0.281098,0.49696,0.076021,1.119483,20000,0.353123,25.428671
1049,208.562616,194.373181,0.494847,0.583831,0.010381,1.073001,20000,0.353123,41.075676
1050,80.077807,100.350333,1.941815,0.49783,0.011677,0.797982,20000,0.353123,16.454306
1051,127.596156,131.876687,1.923759,0.248257,0.018361,0.967541,20000,0.353123,17.8523
1052,58.992895,52.353825,1.359848,0.445584,0.073368,1.126812,20000,0.353123,17.618587
1053,141.668284,136.3127,0.632159,0.227136,0.064244,1.039289,20000,0.353123,15.892205
1054,206.940169,165.069316,1.912327,0.292214,0.031576,1.253656,20000,0.353123,62.312661
1055,132.845002,106.951664,0.673788,0.227899,0.073054,1.242103,20000,0.353123,32.182547
1056,180.835011,199.944697,1.7488,0.114537,0.01984,0.904425,20000,0.353123,6.142232
1057,118.607393,143.495083,0.379035,0.329794,0.062203,0.826561,20000,0.353123,3.060396
1058,217.930227,183.085427,0.263437,0.249192,0.027618,1.19032,20000,0.353123,36.918654
1059,209.810558,185.161841,1.357676,0.384924,0.034083,1.13312,20000,0.353123,54.219819
1060,168.182239,173.579233,1.691442,0.541295,0.000452,0.968908,20000,0.353123,44.662614
1061,82.577337,96.945875,0.477909,0.364065,0.036641,0.851788,20000,0.353123,3.91008
1062,96.176716,87.728917,0.935911,0.44728,0.057243,1.096294,20000,0.353123,21.933181
1063,162.858462,129.585142,0.070806,0.142791,0.025924,1.256768,20000,0.353123,33.516047
1064,50.707404,53.312067,0.484906,0.237438,0.006998,0.951143,20000,0.353123,2.399307
1065,81.50595,79.808157,0.644152,0.400109,0.033726,1.021273,20000,0.353123,11.73514
1066,167.299502,134.509145,0.864748,0.207913,0.052306,1.243778,20000,0.353123,40.153201
1067,114.890514,137.765237,1.50754,0.328172,0.021718,0.833959,20000,0.353123,11.496713
1068,104.003971,140.44702,1.544562,0.442752,0.053589,0.740521,20000,0.353123,14.430165
1069,57.241073,75.669188,1.773541,0.532025,0.020402,0.756465,20000,0.353123,11.283403
1070,203.510131,175.498255,0.655076,0.431886,0.010537,1.159613,20000,0.353123,43.003077
1071,102.942721,91.424328,1.26485,0.267543,0.077703,1.125988,20000,0.353123,23.739741
1072,154.055119,157.162289,1.542472,0.102769,0.008362,0.98023,20000,0.353123,7.317935
1073,90.300126,77.457632,1.761843,0.521747,0.076769,1.1658,20000,0.353123,34.415149
1074,169.232254,184.81944,1.124504,0.597893,0.077401,0.915663,20000,0.353123,41.865096
1075,66.284886,54.812542,1.559637,0.351289,0.015883,1.209301,20000,0.353123,17.903836
1076,37.954497,51.760897,1.144137,0.496791,0.020513,0.733266,20000,0.353123,4.28201
1077,239.892266,185.927063,1.792094,0.482328,0.073154,1.290249,20000,0.353123,97.837243
1078,69.311279,89.691301,0.872255,0.542001,0.008321,0.772776,20000,0.353123,7.806422
1079,93.652036,76.715795,0.403973,0.3192,0.065888,1.220766,20000,0.353123,20.086547
1080,70.992688,62.909814,1.07435,0.333157,0.07263,1.128484,20000,0.353123,16.699467
1081,163.565066,143.836261,1.695962,0.34391,0.045572,1.137162,20000,0.353123,44.918551
1082,201.014909,183.42098,0.248516,0.140148,0.00013,1.095921,20000,0.353123,18.150135
1083,106.539345,91.290934,1.390317,0.479527,0.05614,1.167031,20000,0.353123,33.842784
1084,156.55061,126.244562,1.196682,0.236875,0.000758,1.240058,20000,0.353123,34.992075
1085,149.078167,197.116697,1.863817,0.264911,0.011868,0.756294,20000,0.353123,8.164861
1086,53.683594,55.50492,0.222587,0.173028,0.068679,0.967186,20000,0.353123,1.333866
1087,77.666837,69.736061,1.432935,0.173027,0.026534,1.113726,20000,0.353123,12.769204
1088,192.867178,182.536337,0.353511,0.171993,0.007958,1.056596,20000,0.353123,14.329555
1089,70.569972,55.190525,1.159247,0.251752,0.029328,1.278661,20000,0.353123,18.760048
1090,250.450487,197.000503,0.107369,0.154508,0.075293,1.271319,20000,0.353123,55.001172
1091,202.683397,174.707613,1.344844,0.299868,0.06047,1.160129,20000,0.353123,51.041014
1092,197.52715,176.497424,0.488522,0.540674,0.001015,1.11915,20000,0.353123,39.426832
1093,83.337587,68.99506,1.951216,0.366248,0.017001,1.207878,20000,0.353123,24.782259
1094,220.794405,192.674106,1.122286,0.481095,0.019688,1.145947,20000,0.353123,59.507567
1095,59.835005,68.549635,1.905004,0.312251,0.074315,0.872871,20000,0.353123,10.257036
1096,104.935078,145.55168,0.100339,0.568587,0.046917,0.720947,20000,0.353123,0.304457
1097,163.908861,147.220107,1.851823,0.441421,0.069123,1.113359,20000,0.353123,54.191122
1098,107.096549,106.552445,0.064707,0.215951,0.057461,1.005106,20000,0.353123,2.850583
1099,110.755317,154.114293,1.111177,0.310408,0.044635,0.718657,20000,0.353123,4.607919
1100,56.481512,77.050826,0.674387,0.517081,0.041368,0.733042,20000,0.353123,4.154391
1101,76.495326,99.27885,0.980275,0.216435,0.01084,0.77051,20000,0.359731,1.079196
1102,175.222307,173.22746,1.508006,0.104039,0.024345,1.011516,20000,0.359731,13.403841
1103,202.697814,161.898045,0.428162,0.403832,0.006446,1.252009,20000,0.359731,46.767897
1104,106.383152,102.451128,0.48718,0.261994,0.076305,1.03838,20000,0.359731,11.976553
1105,55.90055,57.641304,0.445195,0.365861,2.2e-05,0.9698,20000,0.359731,4.754738
1106,165.156787,181.051576,0.142071,0.587995,0.055181,0.912208,20000,0.359731,9.109621
1107,79.853802,78.090625,0.569356,0.459623,0.020553,1.022579,20000,0.359731,12.415392
1108,112.933963,119.395007,0.547585,0.561461,0.039359,0.945885,20000,0.359731,17.040373
1109,82.244351,85.902513,0.25822,0.406206,0.00872,0.957415,20000,0.359731,5.242689
1110,220.047327,178.327582,0.254081,0.184671,0.04155,1.23395,20000,0.359731,43.659661
1111,119.086894,148.271123,0.679241,0.469827,0.065354,0.80317,20000,0.359731,10.593869
1112,151.112969,145.748704,0.990978,0.59046,0.00617,1.036805,20000,0.359731,38.273499
1113,163.77742,134.093123,0.421947,0.214726,0.067804,1.221371,20000,0.359731,33.871386
1114,55.149216,59.977151,0.856029,0.342486,0.015066,0.919504,20000,0.359731,5.384559
1115,132.575491,133.659427,0.119732,0.379729,0.038495,0.99189,20000,0.359731,6.765905
1116,68.245995,77.980187,0.992053,0.38092,0.068408,0.875171,20000,0.359731,8.306092
1117,223.540645,189.7976,1.897205,0.3793,0.061649,1.177784,20000,0.359731,72.845714
1118,103.769321,81.035528,1.385537,0.204477,0.035551,1.280541,20000,0.359731,28.046415
1119,94.548059,102.142682,1.950638,0.379209,0.022046,0.925647,20000,0.359731,19.078198
1120,61.364029,57.968507,1.560695,0.383726,0.022088,1.058575,20000,0.359731,13.977749
1121,89.157717,81.371853,1.358985,0.50972,0.054573,1.095683,20000,0.359731,26.42817
1122,63.494684,79.780693,0.617818,0.306692,0.007925,0.795865,20000,0.359731,1.64646
1123,124.881327,142.60503,0.229809,0.549306,0.025356,0.875715,20000,0.359731,7.178089
1124,140.060797,126.589095,1.912191,0.100643,0.012935,1.106421,20000,0.359731,18.230961
1125,182.497056,150.69892,1.289661,0.581729,0.021537,1.211004,20000,0.359731,62.996826
1126,131.635137,127.996874,1.157004,0.284298,0.058915,1.028425,20000,0.359731,22.244122
1127,131.80528,106.330158,0.289434,0.158371,0.029586,1.239585,20000,0.359731,26.384077
1128,160.268275,174.231858,0.555858,0.408522,0.01117,0.919856,20000,0.359731,14.48732
1129,98.285433,102.137418,1.536365,0.321792,0.040586,0.962286,20000,0.359731,16.536444
1130,148.9777,172.632871,0.05254,0.126847,0.042361,0.862974,20000,0.359731,0.0
1131,119.462289,96.103839,1.338876,0.290872,0.071226,1.243054,20000,0.359731,35.333984
1132,48.118413,66.139373,1.031924,0.277163,0.036353,0.727531,20000,0.359731,1.303696
1133,181.651968,197.394215,1.222826,0.166714,0.005833,0.92025,20000,0.359731,7.99429
1134,122.127357,101.287479,0.066488,0.123282,0.010805,1.20575,20000,0.359731,20.950564
1135,183.591522,157.647871,1.062535,0.540751,0.01094,1.164567,20000,0.359731,51.204805
1136,181.544486,178.831064,1.839479,0.238553,0.031853,1.015173,20000,0.359731,29.44507
1137,73.922701,64.913603,1.517034,0.2111,0.018488,1.138786,20000,0.359731,13.909441
1138,168.230393,158.068211,0.503021,0.325709,0.06646,1.06429,20000,0.359731,23.719932
1139,119.41873,97.177524,0.595656,0.326419,0.039024,1.228872,20000,0.359731,27.166358
1140,64.478177,51.499892,0.986835,0.497257,0.05839,1.252006,20000,0.359731,20.988799
1141,94.405671,79.59552,0.903793,0.411101,0.045314,1.186068,20000,0.359731,24.165039
1142,200.036728,167.125583,0.951839,0.502015,0.05139,1.196925,20000,0.359731,59.021638
1143,183.727461,144.501533,0.391604,0.173391,0.074929,1.271457,20000,0.359731,43.638089
1144,153.121232,140.188956,1.369475,0.511456,0.027801,1.092249,20000,0.359731,44.451033
1145,47.665168,58.761908,0.992779,0.222957,0.036947,0.811158,20000,0.359731,1.467828
1146,129.462414,104.884886,1.261334,0.241206,0.031604,1.234329,20000,0.359731,31.44114
1147,84.883095,110.142938,0.705988,0.44608,0.067619,0.770663,20000,0.359731,6.138378
1148,193.947448,184.49337,0.762995,0.202936,0.024624,1.051243,20000,0.359731,20.612582
1149,156.340696,135.538663,1.264042,0.592347,0.064324,1.153477,20000,0.359731,54.595138
1150,150.815376,119.036527,1.428023,0.221347,0.033911,1.266967,20000,0.359731,39.668832
1151,101.404996,126.123146,0.720971,0.511908,0.028387,0.804016,20000,0.359731,10.260124
1152,172.388,198.090503,1.52062,0.412684,0.036751,0.870249,20000,0.359731,28.745027
1153,120.373676,170.898361,0.793956,0.53974,0.045431,0.704358,20000,0.359731,10.198414
1154,183.621272,193.281331,1.897877,0.268034,0.008867,0.950021,20000,0.359731,24.388801
1155,72.79367,87.437913,1.558301,0.199103,0.009081,0.832518,20000,0.359731,2.900482
1156,62.987561,66.414122,1.804389,0.57717,0.07152,0.948406,20000,0.359731,20.155492
1157,115.410544,105.720422,1.758185,0.530279,0.048779,1.091658,20000,0.359731,39.290013
1158,164.476674,164.830581,1.482869,0.420635,0.070519,0.997853,20000,0.359731,39.968943
1159,92.294124,117.195431,1.077148,0.17028,0.07521,0.787523,20000,0.359731,1.734892
1160,124.332955,115.4018,0.79724,0.239035,0.055549,1.077392,20000,0.359731,18.578474
1161,143.657262,148.867865,1.38464,0.266859,0.070588,0.964998,20000,0.359731,22.243554
1162,77.928291,91.720528,1.994792,0.142294,0.029951,0.849628,20000,0.359731,3.133707
1163,94.609473,76.155946,1.265387,0.390292,0.016115,1.242312,20000,0.359731,27.200837
1164,83.244676,86.153079,0.661527,0.206676,0.015004,0.966241,20000,0.359731,4.723624
1165,81.295163,82.896349,1.457457,0.316073,0.016865,0.980684,20000,0.359731,12.451676
1166,161.43247,126.072171,1.738539,0.292519,0.041645,1.280477,20000,0.359731,49.756556
1167,48.009433,64.52418,0.871618,0.26056,0.016473,0.744053,20000,0.359731,0.857495
1168,63.318369,82.742874,1.547559,0.327326,0.021651,0.765243,20000,0.359731,5.127464
1169,57.937251,80.590618,0.921797,0.315377,0.05143,0.718908,20000,0.359731,1.906016
1170,229.335309,181.405619,0.24209,0.204784,0.054805,1.264213,20000,0.359731,50.333446
1171,232.753464,183.688361,0.826332,0.22135,0.041099,1.267111,20000,0.359731,56.579498
1172,111.496296,131.85989,0.811422,0.255415,0.035423,0.845566,20000,0.359731,4.52995
1173,90.234634,127.763867,0.530033,0.130347,0.047267,0.706261,20000,0.359731,0.001041
1174,204.582748,182.156811,0.596267,0.357847,0.006295,1.123113,20000,0.359731,34.345459
1175,108.869589,112.461863,1.679294,0.575783,0.068442,0.968058,20000,0.359731,34.776858
1176,87.893469,112.114984,1.196526,0.249707,0.055408,0.783958,20000,0.359731,4.028694
1177,148.033415,135.42063,1.318745,0.455447,0.029945,1.093138,20000,0.359731,38.385156
1178,220.036004,197.47901,1.939177,0.458009,0.078593,1.114225,20000,0.359731,77.518376
1179,82.083843,113.195996,1.886332,0.537395,0.052644,0.725148,20000,0.359731,17.805035
1180,138.505073,116.781827,0.310846,0.258406,0.015734,1.186016,20000,0.359731,23.173219
1181,96.836743,99.92625,0.6571,0.374876,0.010579,0.969082,20000,0.359731,10.79189
1182,139.599833,131.380955,1.651132,0.532603,0.045778,1.062558,20000,0.359731,44.268359
1183,202.215678,188.345407,0.102976,0.352351,0.002914,1.073643,20000,0.359731,17.642855
1184,156.681609,192.124591,1.645899,0.176072,0.075014,0.815521,20000,0.359731,8.864723
1185,119.451292,113.651527,0.511819,0.255237,0.048279,1.051031,20000,0.359731,13.334603
1186,78.135755,73.902745,0.515148,0.266484,0.055375,1.057278,20000,0.359731,9.463618
1187,70.396619,83.313032,0.685827,0.399973,0.078992,0.844965,20000,0.359731,6.188454
1188,121.705332,164.376944,0.319118,0.547424,0.028081,0.740404,20000,0.359731,4.008752
1189,113.947554,112.690983,1.874266,0.184829,0.036611,1.011151,20000,0.359731,15.902372
1190,181.865443,185.085971,0.118707,0.180149,0.062384,0.9826,20000,0.359731,3.713917
1191,64.583294,74.160757,1.375001,0.378663,0.006707,0.870855,20000,0.359731,8.156443
1192,183.147148,145.177779,1.840324,0.5934,0.058921,1.261537,20000,0.359731,81.020993
1193,186.999394,167.945621,0.396701,0.304361,0.042263,1.113452,20000,0.359731,27.286812
1194,68.073324,58.308826,0.979237,0.590961,0.066284,1.167462,20000,0.359731,21.756124
1195,101.12011,92.068457,0.429387,0.109683,0.051401,1.098314,20000,0.359731,11.151636
1196,49.164694,61.506164,1.634879,0.222613,0.076787,0.799346,20000,0.359731,3.583993
1197,143.53447,160.03573,0.773194,0.181613,0.061591,0.89689,20000,0.359731,5.607175
1198,68.386714,61.557158,0.875411,0.160671,0.00389,1.110947,20000,0.359731,8.41542
1199,113.381237,114.14954,1.784029,0.566987,0.043636,0.993269,20000,0.359731,37.7591
1200,117.683156,144.516339,0.069282,0.109011,0.060647,0.814324,20000,0.359731,0.0
1201,68.998197,89.906824,0.697299,0.516467,0.001192,0.767441,20000,0.341458,5.541694
1202,50.946964,64.074492,0.277996,0.580355,0.077668,0.795121,20000,0.341458,2.518665
1203,109.744138,93.474235,1.365451,0.344113,0.006864,1.174058,20000,0.341458,26.26855
1204,137.496788,176.998143,1.633164,0.196668,0.027027,0.776826,20000,0.341458,4.386243
1205,103.720111,102.953848,0.547474,0.286857,0.002357,1.007443,20000,0.341458,9.353107
1206,190.5685,190.984095,0.488206,0.305606,0.037092,0.997824,20000,0.341458,17.271425
1207,204.313463,199.829929,1.766793,0.466857,0.072189,1.022437,20000,0.341458,60.481596
1208,109.065276,136.315657,1.954248,0.560543,0.051426,0.800094,20000,0.341458,28.498655
1209,148.028514,160.558531,1.91663,0.418389,0.07034,0.92196,20000,0.341458,36.261987
1210,222.69924,192.572806,0.159754,0.217123,0.02289,1.156442,20000,0.341458,31.180115
1211,98.34576,110.614873,0.113208,0.205165,0.002195,0.889083,20000,0.341458,0.123761
1212,154.176045,157.522886,0.900559,0.141209,0.021474,0.978753,20000,0.341458,7.987625
1213,182.3416,159.374878,0.517959,0.25401,0.02853,1.144105,20000,0.341458,29.037695
1214,144.420794,129.701303,0.581587,0.410672,0.051735,1.113488,20000,0.341458,27.374636
1215,151.431047,117.387797,0.214285,0.134276,0.018362,1.290007,20000,0.341458,34.536201
1216,142.580089,192.795353,1.167377,0.296092,0.042089,0.739541,20000,0.341458,6.299245
1217,184.043764,153.966315,0.917906,0.544952,0.03475,1.195351,20000,0.341458,53.902455
1218,121.839206,118.403247,1.076083,0.383592,0.060416,1.029019,20000,0.341458,24.198645
1219,207.86529,174.5458,1.080405,0.102803,0.050826,1.190893,20000,0.341458,42.696844
1220,132.469469,187.911461,1.394358,0.400173,0.04965,0.704957,20000,0.341458,12.131307
1221,174.696891,176.576583,0.290606,0.427351,0.058353,0.989355,20000,0.341458,16.553235
1222,102.766053,129.651111,1.706337,0.263692,0.011953,0.792635,20000,0.341458,6.408068
1223,124.708625,133.132911,0.61377,0.117248,0.038433,0.936723,20000,0.341458,2.413249
1224,151.66867,186.34369,1.468641,0.402413,0.04246,0.813919,20000,0.341458,21.013463
1225,97.281568,115.878218,0.339666,0.313682,0.048399,0.839516,20000,0.341458,2.072415
1226,97.074922,118.595967,1.258468,0.179187,0.020852,0.818535,20000,0.341458,2.281866
1227,78.334683,105.148941,0.600931,0.311573,0.054918,0.744988,20000,0.341458,1.490887
1228,72.296157,95.887624,1.220535,0.113847,0.001802,0.753968,20000,0.341458,0.045286
1229,136.386513,154.747101,0.292051,0.503397,0.034901,0.881351,20000,0.341458,8.695227
1230,128.077428,112.951632,0.4935,0.360947,0.009765,1.133914,20000,0.341458,21.532662
1231,109.822625,147.69041,1.927482,0.125714,0.038702,0.7436,20000,0.341458,1.032935
1232,61.989497,51.002901,1.39846,0.360715,0.043944,1.215411,20000,0.341458,17.668728
1233,44.379042,57.379399,0.103098,0.403754,0.029467,0.773432,20000,0.341458,0.070683
1234,105.50932,115.487987,1.399593,0.469548,0.004899,0.913596,20000,0.341458,19.973376
1235,183.236071,181.356532,1.138734,0.569138,0.06811,1.010364,20000,0.341458,51.220131
1236,123.193585,102.359138,0.553741,0.402161,0.078738,1.203543,20000,0.341458,29.495922
1237,139.182928,169.690022,0.794367,0.344083,0.03098,0.820219,20000,0.341458,8.30857
1238,114.376737,155.780153,0.584927,0.588806,0.030639,0.734219,20000,0.341458,9.419847
1239,100.22231,102.849296,1.926744,0.158015,0.03599,0.974458,20000,0.341458,10.99288
1240,208.019287,176.942848,1.510169,0.374048,0.067047,1.17563,20000,0.341458,62.411184
1241,54.468475,59.041373,0.208837,0.181602,0.063719,0.922548,20000,0.341458,0.539869
1242,45.492689,58.301556,1.742729,0.502287,0.063722,0.7803,20000,0.341458,9.366707
1243,86.410759,83.759871,0.825742,0.375063,0.057914,1.031649,20000,0.341458,14.970328
1244,76.789304,99.542554,1.889516,0.290466,0.048526,0.771422,20000,0.341458,7.560875
1245,182.279985,151.830998,1.633562,0.217711,0.074802,1.200545,20000,0.341458,50.519756
1246,106.818525,137.303316,1.589934,0.140669,0.039315,0.777975,20000,0.341458,1.551645
1247,103.551244,111.167237,0.676381,0.261921,0.07554,0.931491,20000,0.341458,7.98893
1248,52.104654,57.99695,0.299267,0.482298,0.057558,0.898403,20000,0.341458,3.687764
1249,125.1703,126.703874,0.781276,0.132809,0.034828,0.987896,20000,0.341458,6.850531
1250,160.186218,133.908708,0.236389,0.468934,0.070074,1.196235,20000,0.341458,31.925567
1251,123.456991,159.159496,0.356371,0.538023,0.070558,0.775681,20000,0.341458,6.067544
1252,146.638394,165.845492,1.157097,0.36246,0.016188,0.884187,20000,0.341458,16.410293
1253,187.085739,148.222361,1.783585,0.555442,0.044954,1.262196,20000,0.341458,76.240661
1254,165.193292,180.609841,0.153025,0.535284,0.019037,0.914642,20000,0.341458,8.13075
1255,67.368016,70.978515,0.469358,0.327492,0.038502,0.949133,20000,0.341458,5.072679
1256,171.677603,135.441429,0.719117,0.250009,0.046838,1.267541,20000,0.341458,42.006563
1257,86.032741,121.146583,0.284486,0.520821,0.079217,0.710154,20000,0.341458,1.735758
1258,50.2317,56.225756,1.889863,0.474568,0.006436,0.893393,20000,0.341458,11.012299
1259,180.320657,152.795617,0.770874,0.2439,0.039117,1.180143,20000,0.341458,35.159398
1260,142.240602,125.903133,0.972443,0.314657,0.023009,1.129762,20000,0.341458,27.901842
1261,171.28273,141.893504,0.786247,0.336432,0.072487,1.207122,20000,0.341458,42.143985
1262,52.596378,61.376535,1.929708,0.511135,0.053557,0.856946,20000,0.341458,13.622717
1263,174.534676,182.155174,1.711078,0.378388,0.042313,0.958165,20000,0.341458,36.760417
1264,105.923447,146.458853,0.901742,0.525879,0.036059,0.72323,20000,0.341458,10.056555
1265,147.318967,126.142163,1.816741,0.278798,0.049821,1.16788,20000,0.341458,39.858137
1266,66.755798,60.275345,0.714486,0.40572,0.016412,1.107514,20000,0.341458,12.501369
1267,78.495457,102.558491,0.060033,0.567563,0.008464,0.765373,20000,0.341458,0.144809
1268,195.719181,164.321787,1.209626,0.511716,0.00307,1.191073,20000,0.341458,57.255248
1269,74.222753,98.352456,0.060014,0.464982,0.017363,0.754661,20000,0.341458,0.01959
1270,103.514139,104.291533,0.76247,0.475655,0.072829,0.992546,20000,0.341458,19.159296
1271,130.407904,110.021623,0.377852,0.596212,0.060766,1.185293,20000,0.341458,31.06744
1272,147.947604,171.196748,0.57427,0.266206,0.028543,0.864196,20000,0.341458,4.939903
1273,113.694247,132.776297,1.36134,0.351578,0.076764,0.856284,20000,0.341458,16.466297
1274,160.02385,162.369886,0.45095,0.555952,0.059303,0.985551,20000,0.341458,24.01826
1275,106.452027,85.136385,0.851841,0.452951,0.062511,1.250371,20000,0.341458,32.078025
1276,136.334266,171.893898,1.662549,0.469719,0.011625,0.79313,20000,0.341458,21.818682
1277,63.935083,71.528192,1.577824,0.565323,0.01834,0.893845,20000,0.341458,15.685088
1278,200.287206,183.429836,1.84464,0.42609,0.04065,1.091901,20000,0.341458,59.004565
1279,195.92486,162.359147,1.399705,0.517628,0.003566,1.206737,20000,0.341458,62.440404
1280,97.072799,115.211043,0.942298,0.238685,0.054901,0.842565,20000,0.341458,4.487762
1281,196.799258,166.314895,0.775508,0.251664,0.043933,1.183293,20000,0.341458,39.977694
1282,64.881988,68.517912,1.68926,0.180664,0.011526,0.946935,20000,0.341458,5.194313
1283,73.167393,103.505994,1.810086,0.252295,0.032896,0.70689,20000,0.341458,3.059411
1284,66.495219,69.796606,0.191833,0.299845,0.008503,0.9527,20000,0.341458,2.240325
1285,110.486195,91.597504,1.106338,0.209136,0.008035,1.206214,20000,0.341458,22.142625
1286,83.263303,106.100622,0.399291,0.440324,0.071542,0.784758,20000,0.341458,3.24678
1287,75.837502,58.591343,0.451812,0.10427,0.047667,1.294347,20000,0.341458,18.495613
1288,60.775246,60.128669,0.344734,0.220025,0.034614,1.010753,20000,0.341458,3.826721
1289,136.822054,124.450154,0.146667,0.534309,0.060806,1.099412,20000,0.341458,18.594108
1290,127.309399,155.001092,1.708795,0.306458,0.051893,0.821345,20000,0.341458,14.983947
1291,139.299857,180.891344,0.258122,0.269231,0.05833,0.770075,20000,0.341458,0.315875
1292,116.763293,147.552737,0.24605,0.40651,0.063992,0.791333,20000,0.341458,1.812508
1293,163.684149,199.856223,1.573258,0.146957,0.042617,0.81901,20000,0.341458,4.401344
1294,243.039637,189.320215,0.348099,0.310732,0.001488,1.283749,20000,0.341458,55.366266
1295,226.45807,192.941079,1.953237,0.490898,0.069741,1.173716,20000,0.341458,88.393435
1296,181.222888,157.932437,1.368704,0.48451,0.058429,1.147471,20000,0.341458,56.166795
1297,193.439543,167.11025,1.879182,0.119103,0.032053,1.157556,20000,0.341458,37.215529
1298,226.659363,178.328698,0.064431,0.524798,0.052313,1.27102,20000,0.341458,49.314689
1299,169.103013,195.51307,1.627133,0.523293,0.065488,0.864919,20000,0.341458,41.097789
1300,82.954745,76.540952,0.44947,0.412106,0.03129,1.083796,20000,0.341458,13.052301
1301,194.259258,191.842386,0.343137,0.37871,0.021345,1.012598,20000,0.396639,19.044997
1302,196.676884,165.079953,0.952516,0.2011,0.047864,1.191404,20000,0.396639,41.428761
1303,111.444937,115.02871,1.555808,0.453737,0.025386,0.968845,20000,0.396639,25.488081
1304,56.285137,79.45016,0.737264,0.358266,0.077552,0.708433,20000,0.396639,1.90256
1305,198.734696,178.541854,1.360088,0.497072,0.052351,1.113099,20000,0.396639,59.141111
1306,39.067702,53.578024,1.85616,0.139904,0.02675,0.729174,20000,0.396639,0.316977
1307,71.017826,64.604041,1.224541,0.565753,0.016553,1.099278,20000,0.396639,20.45145
1308,148.818817,159.140096,0.785182,0.34896,0.062075,0.935143,20000,0.396639,17.213202
1309,135.09557,118.681482,0.140993,0.388576,0.049616,1.138304,20000,0.396639,18.753425
1310,127.704407,104.223644,1.859448,0.536238,0.072549,1.225292,20000,0.396639,52.460024
1311,189.142147,157.088,1.935033,0.117785,0.077207,1.204052,20000,0.396639,54.201709
1312,44.821387,62.59045,0.187483,0.555427,0.071462,0.716106,20000,0.396639,0.552166
1313,175.014095,188.662331,0.496228,0.503049,0.056051,0.927658,20000,0.396639,21.127439
1314,133.447987,119.475182,1.156929,0.559684,0.067289,1.116952,20000,0.396639,40.958618
1315,60.367141,75.968837,0.611234,0.545971,0.03903,0.79463,20000,0.396639,5.529014
1316,47.358258,59.891303,1.342125,0.49108,0.053607,0.790737,20000,0.396639,7.816136
1317,175.12588,139.734403,0.827496,0.58259,0.014492,1.253277,20000,0.396639,54.249598
1318,61.258808,76.402868,1.101368,0.428391,0.00676,0.801787,20000,0.396639,6.226241
1319,69.305046,56.501024,1.847035,0.12851,0.026799,1.226616,20000,0.396639,15.975081
1320,125.722298,124.428517,0.779759,0.137693,0.020699,1.010398,20000,0.396639,7.881151
1321,80.926154,66.27371,0.80641,0.450904,0.051521,1.22109,20000,0.396639,22.250894
1322,189.040135,172.528908,0.89171,0.34671,0.004524,1.095701,20000,0.396639,32.669792
1323,159.832191,129.606387,0.375073,0.124783,0.011755,1.233212,20000,0.396639,30.810734
1324,136.97353,185.382913,1.958333,0.423905,0.010358,0.738868,20000,0.396639,19.218403
1325,83.601026,85.182627,1.500663,0.226658,0.026212,0.981433,20000,0.396639,10.026975
1326,72.113678,65.091879,1.147929,0.559029,0.036546,1.107875,20000,0.396639,21.322026
1327,177.998227,159.181928,0.711489,0.364303,0.047638,1.118206,20000,0.396639,34.780038
1328,99.465319,89.107715,0.792226,0.597692,0.029912,1.116237,20000,0.396639,26.155837
1329,103.880116,109.651202,0.695209,0.260361,0.040358,0.947369,20000,0.396639,7.781409
1330,78.400431,99.818206,1.861941,0.593063,0.020249,0.785432,20000,0.396639,19.816718
1331,201.026851,190.417453,1.711754,0.281262,0.072,1.055717,20000,0.396639,46.209338
1332,101.572609,87.099807,0.450384,0.152542,0.066855,1.166163,20000,0.396639,17.221329
1333,135.589818,116.76959,0.584911,0.136668,0.050765,1.161174,20000,0.396639,22.53818
1334,210.638296,176.982721,1.830121,0.584743,0.013259,1.190163,20000,0.396639,78.937185
1335,93.035413,102.051787,0.487047,0.181603,0.000731,0.911649,20000,0.396639,1.678696
1336,162.042278,188.61815,0.062693,0.343255,0.025417,0.859102,20000,0.396639,0.248047
1337,149.289322,119.901587,1.709077,0.40655,0.010276,1.245099,20000,0.396639,46.247372
1338,82.874118,101.347725,1.05062,0.593829,0.06104,0.817721,20000,0.396639,15.713384
1339,52.05376,71.587989,1.959701,0.433568,0.044773,0.72713,20000,0.396639,8.132414
1340,143.192416,135.951378,1.000271,0.390416,0.010045,1.053262,20000,0.396639,25.65486
1341,64.980997,74.013221,0.219675,0.231119,0.05706,0.877965,20000,0.396639,0.533609
1342,66.63336,61.387583,0.078116,0.258709,0.020033,1.085453,20000,0.396639,5.610271
1343,116.102484,157.557432,0.675922,0.308661,0.058801,0.73689,20000,0.396639,2.563517
1344,68.759559,62.786778,0.611265,0.54278,0.063155,1.095128,20000,0.396639,15.639197
1345,84.295669,86.253437,1.514714,0.177593,0.054616,0.977302,20000,0.396639,9.774123
1346,124.731373,105.744545,0.305302,0.263787,0.023865,1.179554,20000,0.396639,20.710337
1347,80.125899,79.677366,1.079472,0.339851,0.020238,1.005629,20000,0.396639,12.094589
1348,76.195964,68.403434,1.726897,0.102328,0.048376,1.11392,20000,0.396639,13.662793
1349,221.793816,199.658851,1.421733,0.597454,0.042955,1.110864,20000,0.396639,76.833556
1350,80.95127,81.334056,1.941163,0.238589,0.048542,0.995294,20000,0.396639,14.021378
1351,108.531264,102.327296,1.532809,0.520912,0.017593,1.060629,20000,0.396639,30.467369
1352,164.670471,128.27914,1.025678,0.150421,0.058046,1.283689,20000,0.396639,43.930231
1353,121.063589,131.192455,0.518761,0.523079,0.066036,0.922794,20000,0.396639,15.644752
1354,173.961056,151.450837,1.588687,0.359304,0.001927,1.148631,20000,0.396639,42.456584
1355,97.159207,101.138575,1.302704,0.217713,0.009049,0.960654,20000,0.396639,8.34312
1356,143.26651,145.266008,1.490162,0.541515,0.079597,0.986236,20000,0.396639,42.854119
1357,117.917755,95.712256,0.92965,0.497908,0.03856,1.232003,20000,0.396639,34.584055
1358,141.609298,180.420593,1.958975,0.48619,0.073015,0.784884,20000,0.396639,31.722733
1359,224.947199,188.97783,0.056964,0.100043,0.020201,1.190336,20000,0.396639,36.219556
1360,127.78227,160.035257,0.795987,0.319444,0.029554,0.798463,20000,0.396639,5.708244
1361,85.50138,86.362145,0.451806,0.259551,0.02855,0.990033,20000,0.396639,6.100701
1362,236.357824,189.116382,1.921729,0.588472,0.015964,1.249801,20000,0.396639,96.579653
1363,213.906179,181.508032,0.701314,0.308698,0.032295,1.178494,20000,0.396639,43.254892
1364,56.363178,59.459414,1.502194,0.416171,0.017588,0.947927,20000,0.396639,10.620284
1365,124.461207,127.118809,0.46634,0.449291,0.030696,0.979094,20000,0.396639,14.705117
1366,162.764246,180.668252,1.955767,0.389112,0.013196,0.900901,20000,0.396639,29.995798
1367,82.780685,73.305895,0.639706,0.209766,0.035747,1.12925,20000,0.396639,12.661366
1368,118.751824,93.830308,0.220977,0.127565,0.059232,1.265602,20000,0.396639,26.218604
1369,91.857855,125.039806,1.054042,0.195337,0.039081,0.734629,20000,0.396639,0.903728
1370,144.162976,144.926278,0.189089,0.158725,0.02871,0.994733,20000,0.396639,4.00766
1371,80.199972,90.38396,0.392392,0.524547,0.076628,0.887325,20000,0.396639,7.469469
1372,163.644792,135.765406,0.286638,0.501939,0.030564,1.20535,20000,0.396639,34.525624
1373,47.345215,63.330484,0.725086,0.488517,0.039043,0.74759,20000,0.396639,3.471402
1374,96.904879,131.697949,1.495786,0.427771,0.068799,0.735812,20000,0.396639,12.790599
1375,208.781198,169.694353,0.184568,0.483076,0.056265,1.230337,20000,0.396639,43.523038
1376,211.876878,170.088856,1.614029,0.410778,0.073532,1.245683,20000,0.396639,76.243126
1377,75.439448,71.761621,0.435032,0.334534,0.004195,1.051251,20000,0.396639,8.582254
1378,152.423736,141.393456,1.888769,0.428455,0.066207,1.078011,20000,0.396639,48.782245
1379,106.582357,145.352986,0.437317,0.121286,0.011171,0.733266,20000,0.396639,0.00023
1380,106.215492,111.408174,0.18219,0.557707,0.030358,0.95339,20000,0.396639,8.223789
1381,77.961844,109.484335,0.857678,0.12141,0.025023,0.712082,20000,0.396639,0.007525
1382,169.216445,148.418859,0.431032,0.171675,0.031383,1.140128,20000,0.396639,23.787171
1383,111.033897,85.546785,1.031688,0.281071,0.003357,1.297932,20000,0.396639,28.031854
1384,115.709131,96.613109,1.004565,0.377352,0.037414,1.197655,20000,0.396639,29.082071
1385,87.170758,94.106187,0.640945,0.218282,0.036637,0.926302,20000,0.396639,4.176408
1386,135.728453,151.063927,0.507826,0.509579,0.03641,0.898484,20000,0.396639,14.793689
1387,141.415515,110.193376,1.510774,0.26245,0.000508,1.28334,20000,0.396639,36.963341
1388,112.027301,153.429057,1.664008,0.289632,0.013884,0.730157,20000,0.396639,6.158953
1389,198.592016,177.699343,1.802983,0.567555,0.007614,1.117573,20000,0.396639,66.791135
1390,196.105814,154.230922,0.219974,0.498949,0.027366,1.271508,20000,0.396639,45.980595
1391,169.451592,183.086189,1.328309,0.279275,0.058494,0.925529,20000,0.396639,21.296782
1392,88.514554,112.010466,1.316555,0.413292,0.01969,0.790235,20000,0.396639,9.817304
1393,69.6829,73.52542,0.57737,0.418275,0.000851,0.947739,20000,0.396639,7.306358
1394,133.904482,184.479812,1.108604,0.317682,0.069059,0.725849,20000,0.396639,6.889949
1395,102.008729,93.014437,0.371381,0.380401,0.056456,1.096698,20000,0.396639,15.443064
1396,89.822952,110.444216,1.890417,0.192679,0.016977,0.813288,20000,0.396639,3.790227
1397,122.345527,141.719683,0.844481,0.360551,0.055314,0.863292,20000,0.396639,11.307173
1398,180.368636,165.898935,0.59034,0.18438,0.075654,1.08722,20000,0.396639,24.075521
1399,114.147206,101.236891,0.8142,0.576256,0.062045,1.127526,20000,0.396639,31.507546
1400,48.406314,62.495271,0.07451,0.235403,0.040069,0.77456,20000,0.396639,0.0
1401,183.317695,193.751497,1.301071,0.29823,0.005736,0.946149,20000,0.328876,21.365963
1402,143.671199,186.941924,1.360687,0.139713,0.064289,0.768534,20000,0.328876,1.847193
1403,169.56112,132.233467,1.480106,0.592455,0.008726,1.282286,20000,0.328876,64.611567
1404,60.951739,80.37931,1.477753,0.454619,0.051933,0.758301,20000,0.328876,9.209909
1405,68.170701,91.479185,1.858912,0.15485,0.040961,0.745205,20000,0.328876,1.268313
1406,163.897272,132.324582,1.948384,0.200864,0.051086,1.2386,20000,0.328876,47.051991
1407,145.76877,189.733775,0.805937,0.568067,0.06804,0.768281,20000,0.328876,17.968822
1408,117.152272,108.216362,1.941006,0.493714,0.041342,1.082574,20000,0.328876,38.365666
1409,137.991071,184.70534,0.468215,0.170968,0.010086,0.747088,20000,0.328876,0.044618
1410,91.755488,114.625201,0.234328,0.52829,0.075907,0.800483,20000,0.328876,3.014318
1411,60.507384,54.308515,1.392474,0.502603,0.079553,1.114142,20000,0.328876,19.443963
1412,55.702734,63.507713,1.721638,0.532103,0.046212,0.877102,20000,0.328876,14.168348
1413,51.081718,61.258162,1.04987,0.177486,0.000975,0.833876,20000,0.328876,0.847051
1414,50.299672,51.372285,0.387286,0.430313,0.022041,0.979121,20000,0.328876,5.043302
1415,172.696875,150.243385,1.822746,0.513198,0.025841,1.149447,20000,0.328876,59.607418
1416,121.384126,161.304607,1.808518,0.207468,0.062934,0.752515,20000,0.328876,6.123473
1417,135.431539,122.297184,0.069285,0.367544,0.057457,1.107397,20000,0.328876,14.53156
1418,57.39448,67.011641,1.055929,0.381875,0.073741,0.856485,20000,0.328876,7.045178
1419,112.330734,104.250552,0.564693,0.30023,0.069809,1.077507,20000,0.328876,16.757744
1420,137.058237,118.202002,0.747167,0.452589,0.039787,1.159526,20000,0.328876,33.179091
1421,101.297869,95.297743,1.527175,0.170347,0.022594,1.062962,20000,0.328876,13.814755
1422,184.196079,172.974165,0.629447,0.206347,0.042801,1.064876,20000,0.328876,21.059423
1423,147.95279,122.468085,0.373341,0.377983,0.053644,1.208093,20000,0.328876,31.21766
1424,54.004349,57.751165,1.500305,0.458158,0.022667,0.935121,20000,0.328876,11.847941
1425,63.499324,85.404941,1.558833,0.154922,0.01305,0.743509,20000,0.328876,0.477487
1426,189.141988,165.429584,0.931422,0.264145,0.023708,1.143338,20000,0.328876,35.249739
1427,209.614804,186.86717,1.217509,0.494586,0.012735,1.121732,20000,0.328876,57.553324
1428,88.007109,121.026065,1.313142,0.408861,0.051929,0.727175,20000,0.328876,8.792724
1429,236.537917,184.327447,0.447972,0.243299,0.003891,1.283248,20000,0.328876,53.478488
1430,136.803424,112.560707,0.308567,0.419189,0.016373,1.215375,20000,0.328876,27.890797
1431,94.822055,109.20264,1.421957,0.483261,0.034313,0.868313,20000,0.328876,18.630393
1432,38.709784,54.326241,1.206817,0.501824,0.009657,0.712543,20000,0.328876,4.232687
1433,78.830209,99.167168,0.308158,0.415376,0.000305,0.794922,20000,0.328876,1.705295
1434,200.786819,198.11496,0.593858,0.553423,0.073211,1.013486,20000,0.328876,39.895547
1435,99.237067,97.883815,0.610638,0.246866,0.071917,1.013825,20000,0.328876,10.460697
1436,38.641642,51.186296,0.497149,0.55573,0.071772,0.754922,20000,0.328876,2.701624
1437,144.448399,131.03512,1.585598,0.389193,0.025091,1.102364,20000,0.328876,36.625206
1438,99.6155,133.691003,0.091897,0.358834,0.029835,0.745117,20000,0.328876,0.018335
1439,73.250087,92.526176,1.103315,0.246118,0.040565,0.791669,20000,0.328876,2.808925
1440,81.005045,82.138205,0.625582,0.504716,0.061911,0.986204,20000,0.328876,13.772414
1441,152.219865,196.432987,1.516787,0.173153,0.00514,0.77492,20000,0.328876,2.213782
1442,61.089653,57.414765,1.957151,0.290686,0.079706,1.064006,20000,0.328876,16.312946
1443,122.843479,135.761345,1.348892,0.443472,0.047046,0.904849,20000,0.328876,23.450411
1444,96.433828,84.960265,1.152813,0.270041,0.016198,1.135046,20000,0.328876,18.140381
1445,151.33791,168.323188,1.28437,0.205945,0.01776,0.899091,20000,0.328876,8.717547
1446,204.277935,158.426228,1.07184,0.499613,0.021244,1.28942,20000,0.328876,67.099562
1447,108.539616,86.535814,1.880523,0.361689,0.066731,1.254274,20000,0.328876,38.077515
1448,47.796551,57.034381,1.253375,0.491182,0.055228,0.838031,20000,0.328876,8.50404
1449,41.942485,53.216955,1.493256,0.530698,0.042207,0.788141,20000,0.328876,8.112277
1450,58.080491,67.635491,1.855965,0.122103,0.02828,0.858728,20000,0.328876,1.735643
1451,119.705965,106.053827,0.961469,0.340469,0.034121,1.128728,20000,0.328876,24.837254
1452,113.876608,96.727713,1.662236,0.236481,0.038501,1.17729,20000,0.328876,27.109934
1453,194.059225,158.974449,0.263809,0.261888,0.001273,1.220694,20000,0.328876,35.832941
1454,203.409016,197.79094,1.574912,0.273805,0.065394,1.028404,20000,0.328876,40.688023
1455,88.429325,125.23458,1.562502,0.465596,0.04114,0.706109,20000,0.328876,11.817287
1456,83.374224,111.050052,1.082371,0.550798,0.040993,0.750781,20000,0.328876,11.859914
1457,108.81175,88.792187,1.979612,0.187476,0.004489,1.225465,20000,0.328876,23.580071
1458,85.45984,116.124282,1.875725,0.446204,0.001666,0.735934,20000,0.328876,11.642411
1459,92.02114,100.752201,0.212634,0.130412,0.041734,0.913341,20000,0.328876,0.241467
1460,88.21382,125.839486,0.669639,0.545643,0.000759,0.701003,20000,0.328876,5.754875
1461,71.121824,71.916785,0.92457,0.411072,0.003434,0.988946,20000,0.328876,10.794873
1462,93.980159,128.181751,0.695137,0.11933,0.055807,0.733179,20000,0.328876,0.010849
1463,145.300904,141.653024,0.657023,0.215027,0.018745,1.025752,20000,0.328876,12.758598
1464,80.272491,98.838675,1.926886,0.254219,0.003072,0.812157,20000,0.328876,5.639892
1465,221.673492,196.094448,1.655459,0.195449,0.067808,1.130442,20000,0.328876,50.731194
1466,95.953947,81.917233,1.423815,0.126667,0.040221,1.171352,20000,0.328876,19.044693
1467,109.935195,153.671763,1.685739,0.26913,0.034946,0.71539,20000,0.328876,5.515665
1468,179.722369,146.576699,0.382466,0.470214,0.013841,1.226132,20000,0.328876,40.485204
1469,109.680057,110.313556,1.324204,0.187446,0.021352,0.994257,20000,0.328876,10.575777
1470,178.956079,177.370992,1.715394,0.428615,0.022557,1.008937,20000,0.328876,42.114007
1471,106.53355,98.746601,1.573554,0.295878,0.055205,1.078858,20000,0.328876,24.019424
1472,138.477517,119.681607,1.631632,0.189329,0.040138,1.157049,20000,0.328876,29.495094
1473,79.546954,86.047949,1.983954,0.322062,0.017123,0.924449,20000,0.328876,12.932919
1474,110.946682,139.604771,0.468226,0.320528,0.020414,0.79472,20000,0.328876,2.284643
1475,65.938396,65.195752,0.138953,0.188309,0.053737,1.011391,20000,0.328876,2.532692
1476,134.224261,110.176289,1.284684,0.298954,0.070154,1.218268,20000,0.328876,37.508182
1477,237.717377,183.397403,1.271279,0.491868,0.037489,1.296187,20000,0.328876,82.90157
1478,82.251672,94.013357,0.833173,0.103161,0.078432,0.874893,20000,0.328876,1.085289
1479,157.98605,151.65804,0.436471,0.187903,0.021141,1.041726,20000,0.328876,12.094444
1480,146.301151,138.946903,1.658257,0.355616,0.042952,1.052928,20000,0.328876,33.975276
1481,163.463595,144.18019,0.175556,0.230376,0.044647,1.133745,20000,0.328876,21.023414
1482,82.415675,116.709188,1.444647,0.207384,0.07675,0.706163,20000,0.328876,2.119598
1483,104.143229,123.105328,0.477681,0.442017,0.019581,0.845968,20000,0.328876,6.534529
1484,81.774738,104.280354,1.841946,0.396872,0.070626,0.784182,20000,0.328876,14.111272
1485,123.307398,114.17538,1.072522,0.214768,0.004783,1.079982,20000,0.328876,15.921761
1486,215.80678,191.199179,0.196339,0.405299,0.061066,1.128701,20000,0.328876,31.289994
1487,138.169375,108.173985,1.506016,0.268733,0.058192,1.277288,20000,0.328876,42.286113
1488,173.15545,156.528964,0.931493,0.253106,0.011742,1.10622,20000,0.328876,26.984967
1489,52.597316,68.523555,1.023102,0.153014,0.07322,0.76758,20000,0.328876,0.446359
1490,137.926415,117.383693,1.093536,0.22704,0.03025,1.175005,20000,0.328876,27.787915
1491,184.000163,162.2213,0.059728,0.36636,0.021579,1.134254,20000,0.328876,22.506729
1492,118.21798,130.564412,0.834832,0.539692,0.012684,0.905438,20000,0.328876,18.967799
1493,170.769396,157.551933,0.574238,0.365734,0.015043,1.083893,20000,0.328876,26.091768
1494,71.66543,88.517147,1.910306,0.260591,0.078269,0.809622,20000,0.328876,8.348009
1495,85.34703,109.179182,0.785593,0.541293,0.074562,0.781715,20000,0.328876,10.346127
1496,129.46916,116.671497,0.766017,0.599653,0.04368,1.10969,20000,0.328876,33.928271
1497,81.377859,65.077912,1.357808,0.102596,0.00278,1.250468,20000,0.328876,16.614085
1498,74.187313,86.283925,1.238625,0.160515,0.041551,0.859805,20000,0.328876,2.459418
1499,173.550609,137.66545,0.767582,0.563299,0.062742,1.260669,20000,0.328876,56.489457
1500,102.344437,120.673952,0.262325,0.281292,0.0507,0.848107,20000,0.328876,1.204409
1501,117.078739,164.914125,0.955128,0.27328,0.066742,0.709938,20000,0.343864,2.721816
1502,119.263193,131.593052,0.680044,0.138978,0.071813,0.906303,20000,0.343864,3.107841
1503,134.887323,157.107448,0.102937,0.565656,0.046406,0.858567,20000,0.343864,3.134914
1504,82.95255,67.916079,1.769918,0.154417,0.036527,1.221398,20000,0.343864,19.933366
1505,130.149684,181.191286,1.36883,0.13115,0.019267,0.7183,20000,0.343864,0.213506
1506,82.83462,96.47672,1.793278,0.180099,0.047074,0.858597,20000,0.343864,5.549571
1507,113.308269,159.831623,1.025028,0.491268,0.065271,0.708923,20000,0.343864,11.466316
1508,209.167269,184.621554,1.914888,0.548598,0.06574,1.132952,20000,0.343864,81.420701
1509,100.139903,78.112026,1.060657,0.144683,0.041291,1.282004,20000,0.343864,25.646595
1510,37.368799,52.565169,0.970264,0.20602,0.010716,0.710904,20000,0.343864,0.190834
1511,76.778067,63.144061,1.776661,0.385957,0.003324,1.215919,20000,0.343864,21.927359
1512,144.026983,112.296392,0.665764,0.363353,0.013178,1.282561,20000,0.343864,37.149069
1513,61.630482,81.369394,1.99078,0.36808,0.052763,0.757416,20000,0.343864,8.706138
1514,191.357452,162.931604,0.741278,0.352224,0.056533,1.174465,20000,0.343864,42.502481
1515,143.537882,118.85201,0.256861,0.479538,0.013297,1.207703,20000,0.343864,28.895859
1516,258.00864,198.694747,1.277821,0.415614,0.033315,1.298518,20000,0.343864,81.978901
1517,117.140071,145.158959,0.236968,0.293233,0.07354,0.806978,20000,0.343864,0.694126
1518,163.383244,183.725857,1.032709,0.242286,0.013639,0.889277,20000,0.343864,9.304354
1519,131.492987,164.694999,1.464035,0.258307,0.043152,0.798403,20000,0.343864,8.476417
1520,194.48955,192.089407,0.2044,0.329416,0.0618,1.012495,20000,0.343864,13.78633
1521,95.382579,118.92008,0.466201,0.27858,0.015961,0.802073,20000,0.343864,1.323198
1522,75.607353,68.177542,0.195898,0.36873,0.057541,1.108977,20000,0.343864,9.768743
1523,158.663409,184.16336,1.067495,0.148178,0.013227,0.861536,20000,0.343864,2.721079
1524,116.255269,156.738693,1.778875,0.111129,0.070227,0.741714,20000,0.343864,1.099972
1525,119.225698,153.576759,1.529126,0.414092,0.012981,0.776326,20000,0.343864,13.796937
1526,189.019991,193.221983,0.749442,0.317905,0.051011,0.978253,20000,0.343864,22.152347
1527,103.236956,111.669901,0.250166,0.478879,0.066024,0.924483,20000,0.343864,7.128937
1528,222.994675,190.311396,1.807681,0.182249,0.059264,1.171736,20000,0.343864,55.490268
1529,76.951947,77.575359,1.513805,0.51552,0.001214,0.991964,20000,0.343864,18.778768
1530,156.428057,121.210317,1.399463,0.356926,0.068185,1.290551,20000,0.343864,52.551697
1531,142.903494,127.533338,1.072667,0.146871,0.04426,1.120519,20000,0.343864,22.910107
1532,127.577408,103.408481,1.696347,0.183455,0.025094,1.233723,20000,0.343864,30.733855
1533,118.456458,115.899293,1.636124,0.394396,0.042818,1.022064,20000,0.343864,27.706343
1534,112.867638,136.503056,1.179014,0.136498,0.056151,0.826851,20000,0.343864,1.967318
1535,85.185522,87.986978,0.7798,0.369474,0.07943,0.968161,20000,0.343864,12.299925
1536,83.013511,64.300182,1.090298,0.574925,0.055841,1.291031,20000,0.343864,30.439979
1537,134.968407,136.371423,0.796366,0.563849,0.009573,0.989712,20000,0.343864,26.517213
1538,80.173039,71.113106,0.887967,0.10021,0.016612,1.127402,20000,0.343864,10.309807
1539,130.056515,115.326185,0.399176,0.339742,0.041695,1.127728,20000,0.343864,20.419435
1540,77.582832,90.637432,1.665629,0.430311,0.069435,0.855969,20000,0.343864,15.8462
1541,155.207007,163.832124,0.404811,0.342953,0.049763,0.947354,20000,0.343864,11.180442
1542,147.384435,166.55577,1.190212,0.530867,0.040775,0.884895,20000,0.343864,29.080825
1543,83.74928,106.612395,1.661078,0.583973,0.052334,0.785549,20000,0.343864,20.942952
1544,159.881904,158.73935,1.978789,0.315443,0.035507,1.007198,20000,0.343864,33.624581
1545,80.909229,78.205031,0.490015,0.36916,0.03611,1.034578,20000,0.343864,10.294081
1546,76.487792,88.442817,1.525782,0.233545,0.072595,0.864828,20000,0.343864,7.528364
1547,152.539897,154.502578,0.918576,0.328145,0.031849,0.987297,20000,0.343864,20.016757
1548,187.72875,169.033534,0.370329,0.376655,0.041726,1.110601,20000,0.343864,28.957135
1549,129.528886,177.913899,0.103177,0.160751,0.033256,0.728043,20000,0.343864,0.0
1550,186.067425,165.03322,1.214247,0.434837,0.00721,1.127454,20000,0.343864,46.809123
1551,234.865476,183.087729,1.778016,0.455732,0.044745,1.282803,20000,0.343864,85.989748
1552,49.486546,55.361177,1.016526,0.233109,0.002801,0.893885,20000,0.343864,2.616872
1553,110.199469,90.951932,0.610454,0.360132,0.030527,1.211623,20000,0.343864,24.479343
1554,166.345043,177.843609,0.10793,0.174246,0.067506,0.935345,20000,0.343864,0.758373
1555,60.332011,51.921272,1.715924,0.330962,0.053727,1.16199,20000,0.343864,16.880564
1556,146.282288,176.453634,1.110604,0.108623,0.055492,0.829013,20000,0.343864,1.221768
1557,124.608171,128.483088,0.312331,0.188259,0.029607,0.969841,20000,0.343864,4.013757
1558,147.385898,191.827445,1.968253,0.301564,0.053111,0.768325,20000,0.343864,15.831789
1559,210.905545,162.991839,1.252732,0.386719,0.030885,1.293964,20000,0.343864,65.505583
1560,132.499615,188.674711,1.292595,0.101874,0.050667,0.702265,20000,0.343864,0.038518
1561,129.976135,128.373971,1.522789,0.55413,0.03444,1.01248,20000,0.343864,37.433897
1562,111.627515,93.082228,1.556442,0.199497,0.018057,1.199236,20000,0.343864,23.716571
1563,104.411383,94.032013,1.045354,0.395826,0.006419,1.110381,20000,0.343864,21.903216
1564,65.044884,72.600262,0.238457,0.268329,0.06703,0.895932,20000,0.343864,1.273153
1565,139.778515,154.066447,1.921304,0.288907,0.073371,0.907261,20000,0.343864,24.523607
1566,81.153573,103.659475,0.13239,0.423633,0.07486,0.782886,20000,0.343864,0.411424
1567,72.580637,83.739466,0.116459,0.316399,0.044569,0.866743,20000,0.343864,0.398231
1568,197.087354,195.738172,0.352791,0.486286,0.054212,1.006893,20000,0.343864,25.239167
1569,179.139655,163.406459,0.712029,0.208429,0.053682,1.096283,20000,0.343864,25.612211
1570,141.185533,187.982635,0.250291,0.509083,0.07599,0.751056,20000,0.343864,3.063908
1571,176.613059,172.458352,1.923451,0.269054,0.041719,1.024091,20000,0.343864,35.05955
1572,178.567019,191.055026,0.701414,0.279235,0.009721,0.934637,20000,0.343864,12.104558
1573,91.763974,114.533044,1.003538,0.309985,0.03626,0.801201,20000,0.343864,5.197584
1574,204.332596,187.874935,1.214181,0.159048,0.022617,1.087599,20000,0.343864,27.05629
1575,101.164288,105.688086,0.453109,0.103371,0.041167,0.957197,20000,0.343864,1.747455
1576,64.841996,87.485713,0.96886,0.252213,0.003476,0.741172,20000,0.343864,1.080641
1577,51.495682,57.641095,0.871802,0.309926,0.034084,0.893385,20000,0.343864,4.307002
1578,89.285236,86.759884,0.490332,0.454583,0.031899,1.029107,20000,0.343864,13.03005
1579,159.303419,126.735553,1.372052,0.490409,0.037234,1.256975,20000,0.343864,54.186731
1580,200.701926,183.191162,1.985356,0.58514,0.061677,1.095587,20000,0.343864,80.055886
1581,133.189964,114.253845,0.10441,0.161379,0.020144,1.165737,20000,0.343864,19.172964
1582,145.808216,184.827084,0.378347,0.390897,0.014427,0.78889,20000,0.343864,3.502164
1583,176.577484,189.757106,0.709893,0.302039,0.015366,0.930545,20000,0.343864,13.490734
1584,55.197447,69.472267,0.688239,0.339333,0.008299,0.794525,20000,0.343864,2.07919
1585,156.196584,146.293726,1.656081,0.123407,0.074322,1.067692,20000,0.343864,27.942803
1586,177.229702,160.424771,1.940288,0.129619,0.029458,1.104753,20000,0.343864,29.040303
1587,136.167117,128.421479,0.949281,0.437488,0.051301,1.060314,20000,0.343864,28.908044
1588,199.603264,171.211963,1.363491,0.371122,0.068859,1.165825,20000,0.343864,56.39745
1589,92.940592,115.038964,1.311305,0.372859,0.037412,0.807905,20000,0.343864,9.975585
1590,161.679565,159.149785,1.368709,0.348779,0.0393,1.015896,20000,0.343864,31.502347
1591,69.572337,71.432642,1.246184,0.479344,0.043681,0.973957,20000,0.343864,15.391702
1592,137.616538,168.641664,1.135382,0.211609,0.004098,0.816029,20000,0.343864,3.430022
1593,104.441486,86.6901,1.283628,0.402869,0.079914,1.204768,20000,0.343864,32.491128
1594,227.361284,193.766776,0.861371,0.348595,0.038012,1.173376,20000,0.343864,51.673954
1595,143.193894,168.243166,1.472126,0.404274,0.027508,0.851113,20000,0.343864,20.952209
1596,127.146402,131.024214,1.94348,0.555351,0.048806,0.970404,20000,0.343864,41.334083
1597,191.084679,181.053192,0.511397,0.477412,0.025409,1.055406,20000,0.343864,32.173201
1598,96.652635,116.524651,1.821243,0.463956,0.032738,0.829461,20000,0.343864,18.590957
1599,140.712498,175.420347,1.593879,0.284661,0.05209,0.802145,20000,0.343864,12.68424
1600,116.584246,100.71575,1.040552,0.575379,0.025375,1.157557,20000,0.343864,35.466814
1601,185.971158,175.962838,1.343046,0.436962,0.018218,1.056877,20000,0.319384,42.030913
1602,128.356297,145.779996,1.203118,0.333415,0.055209,0.880479,20000,0.319384,15.562572
1603,56.654603,69.600611,1.237722,0.274432,0.076918,0.813996,20000,0.319384,4.426408
1604,71.31054,72.086161,1.892956,0.517558,0.028385,0.98924,20000,0.319384,21.352499
1605,54.91802,56.156724,0.550087,0.283479,0.004313,0.977942,20000,0.319384,4.100165
1606,66.299295,66.08147,1.83559,0.324678,0.05671,1.003296,20000,0.319384,14.694587
1607,195.394569,199.760544,1.604429,0.146463,0.003023,0.978144,20000,0.319384,13.007756
1608,113.025622,114.927596,1.2999,0.519411,0.051595,0.983451,20000,0.319384,28.603592
1609,141.857856,122.146153,0.434929,0.499605,0.05359,1.161378,20000,0.319384,30.709245
1610,71.597625,55.48823,0.876786,0.165583,0.00067,1.290321,20000,0.319384,16.308657
1611,131.776821,156.169526,0.475871,0.352707,0.034576,0.843806,20000,0.319384,5.594231
1612,97.96385,115.06083,0.725984,0.273433,0.072548,0.851409,20000,0.319384,4.903137
1613,134.910612,119.357803,0.449975,0.591405,0.010089,1.130304,20000,0.319384,29.258308
1614,142.077169,118.789651,1.306474,0.251131,0.022198,1.19604,20000,0.319384,31.899077
1615,83.053197,115.363559,1.192902,0.114101,0.038361,0.719926,20000,0.319384,0.042626
1616,60.501795,51.2648,1.85436,0.17094,0.031299,1.180182,20000,0.319384,13.285589
1617,71.055563,88.216989,0.08082,0.387424,0.047733,0.805463,20000,0.319384,0.08349
1618,70.560847,97.405274,1.742948,0.45859,0.06811,0.724405,20000,0.319384,12.040568
1619,94.341327,128.323237,0.344994,0.469192,0.050477,0.735185,20000,0.319384,2.254505
1620,97.850348,78.126769,1.377656,0.353232,0.018622,1.252456,20000,0.319384,28.103046
1621,116.505967,105.887526,1.414152,0.550767,0.058849,1.10028,20000,0.319384,38.082367
1622,158.552748,168.937003,1.924672,0.534886,0.030483,0.938532,20000,0.319384,44.582682
1623,195.222806,166.381245,0.72211,0.280961,0.061225,1.173346,20000,0.319384,40.465559
1624,116.865254,109.773781,1.746873,0.311202,0.043728,1.064601,20000,0.319384,25.839253
1625,155.869821,134.123997,0.110069,0.504128,0.016634,1.162132,20000,0.319384,24.626301
1626,167.311546,149.923608,1.187254,0.517844,0.015713,1.115979,20000,0.319384,45.712302
1627,53.985996,75.418733,0.161021,0.141233,0.057368,0.715817,20000,0.319384,0.0
1628,97.029331,111.735467,1.417369,0.345781,0.002308,0.868384,20000,0.319384,10.582576
1629,209.468177,171.830462,0.455397,0.154013,0.004614,1.21904,20000,0.319384,38.126889
1630,197.524517,153.841168,1.808662,0.417398,0.067338,1.283951,20000,0.319384,75.423973
1631,167.598035,147.302612,0.280274,0.279574,0.024113,1.13778,20000,0.319384,24.027596
1632,61.37855,68.964166,1.508995,0.34187,0.01685,0.890006,20000,0.319384,7.782252
1633,109.123835,107.105671,0.75297,0.511468,0.058108,1.018843,20000,0.319384,22.44802
1634,142.406725,150.635209,0.997971,0.430208,0.066085,0.945375,20000,0.319384,24.315936
1635,64.499051,84.265528,1.570315,0.168515,0.004237,0.765426,20000,0.319384,0.755162
1636,70.973929,61.922484,0.922528,0.52268,0.06361,1.146174,20000,0.319384,20.031924
1637,159.065288,152.358005,1.918538,0.241644,0.010289,1.044023,20000,0.319384,25.586116
1638,84.092011,90.852595,1.570928,0.447281,0.039785,0.925587,20000,0.319384,18.308215
1639,118.979982,157.787588,1.657017,0.279264,0.046054,0.754052,20000,0.319384,8.293346
1640,113.49017,104.656574,1.456978,0.17396,0.006591,1.084406,20000,0.319384,14.958071
1641,69.146643,55.914441,0.970573,0.331998,0.010392,1.236651,20000,0.319384,16.743865
1642,114.137427,111.277868,1.893335,0.147128,0.037865,1.025697,20000,0.319384,15.195377
1643,57.927769,52.420362,1.477144,0.346611,0.070014,1.105062,20000,0.319384,15.130799
1644,201.813775,180.301295,0.243288,0.442314,0.049406,1.119314,20000,0.319384,30.966131
1645,231.332245,191.430223,1.214007,0.558272,0.057689,1.208442,20000,0.319384,80.454584
1646,72.456322,80.889547,1.900352,0.440952,0.026848,0.895744,20000,0.319384,15.430388
1647,67.327513,54.995728,1.151902,0.203916,0.053422,1.224232,20000,0.319384,16.346038
1648,199.795566,165.037986,0.819016,0.505744,0.004992,1.210604,20000,0.319384,52.762417
1649,240.869373,193.411323,1.32212,0.496231,0.01488,1.245374,20000,0.319384,77.208203
1650,69.086853,55.307228,0.819573,0.290158,0.02794,1.249147,20000,0.319384,16.652597
1651,62.421939,51.123241,0.879427,0.31298,0.066258,1.221009,20000,0.319384,15.838849
1652,75.485624,93.47561,1.466942,0.151197,0.053745,0.807544,20000,0.319384,1.984433
1653,160.111873,188.788821,1.100145,0.29096,0.079453,0.8481,20000,0.319384,14.157018
1654,92.338129,126.794969,1.211172,0.145846,0.075978,0.728248,20000,0.319384,0.62582
1655,123.168117,125.56801,1.420342,0.171081,0.032985,0.980888,20000,0.319384,11.552277
1656,73.703867,101.330374,0.385553,0.568369,0.072353,0.727362,20000,0.319384,3.367613
1657,173.211867,145.613115,0.155796,0.381013,0.026451,1.189535,20000,0.319384,29.745896
1658,90.092959,83.804407,1.1528,0.421817,0.044217,1.075038,20000,0.319384,20.877605
1659,63.46698,76.487167,1.07032,0.299373,0.004511,0.829773,20000,0.319384,3.67632
1660,57.361697,72.985332,1.51775,0.487618,0.001144,0.785935,20000,0.319384,8.800151
1661,110.452675,111.408766,1.998747,0.165812,0.030496,0.991418,20000,0.319384,12.994573
1662,179.428239,198.512774,0.949216,0.387796,0.068316,0.903862,20000,0.319384,24.343242
1663,83.127485,71.429506,1.068581,0.326716,0.072291,1.16377,20000,0.319384,20.9774
1664,66.103077,83.13326,0.818112,0.140929,0.038106,0.795146,20000,0.319384,0.235414
1665,177.542274,166.215334,1.06546,0.155585,0.075787,1.068146,20000,0.319384,26.604286
1666,132.101381,185.967164,1.238305,0.305336,0.070878,0.710348,20000,0.319384,6.875503
1667,124.577388,111.883882,1.637433,0.563116,0.01744,1.113453,20000,0.319384,40.046964
1668,217.045309,175.543715,1.97504,0.381279,0.031556,1.236417,20000,0.319384,71.277159
1669,116.043042,94.337392,1.956789,0.21323,0.069794,1.230085,20000,0.319384,35.54368
1670,94.447703,74.426058,1.338488,0.518577,0.025379,1.269014,20000,0.319384,32.36445
1671,123.415729,109.019391,1.545689,0.500178,0.06254,1.132053,20000,0.319384,41.150231
1672,85.975583,105.922252,0.59559,0.574672,0.015127,0.811686,20000,0.319384,8.719382
1673,95.268511,105.075033,1.799221,0.328098,0.072499,0.906671,20000,0.319384,17.729963
1674,63.530942,69.695101,0.765396,0.315841,0.04873,0.911555,20000,0.319384,5.514184
1675,112.02622,98.265591,1.119657,0.583799,0.03235,1.140035,20000,0.319384,34.962636
1676,109.400038,120.895599,1.173264,0.322794,0.070989,0.904913,20000,0.319384,14.287518
1677,95.519292,135.70341,0.697079,0.125732,0.016214,0.703883,20000,0.319384,0.001925
1678,122.375365,150.30556,1.221007,0.221453,0.06658,0.814177,20000,0.319384,6.329202
1679,139.654669,111.261903,0.607034,0.526769,0.051623,1.255189,20000,0.319384,40.045414
1680,134.864969,146.433808,1.653316,0.166731,0.053517,0.920996,20000,0.319384,11.813659
1681,127.949562,161.237602,1.9207,0.196511,0.062571,0.793547,20000,0.319384,8.399762
1682,207.928056,173.661562,0.451221,0.286204,0.064328,1.197318,20000,0.319384,41.766535
1683,54.127402,52.420192,1.879762,0.254739,0.035523,1.032568,20000,0.319384,10.176891
1684,148.669803,151.54314,0.236227,0.404319,0.079259,0.981039,20000,0.319384,11.687999
1685,183.605957,182.167324,0.113945,0.341631,0.063463,1.007897,20000,0.319384,9.85525
1686,145.237905,188.91628,1.081429,0.215543,0.066946,0.768795,20000,0.319384,3.916294
1687,117.82771,149.670099,0.132201,0.264111,0.033048,0.787249,20000,0.319384,0.025469
1688,110.131378,143.062764,1.914287,0.489467,0.003027,0.769812,20000,0.319384,19.715668
1689,95.022339,116.646743,1.34728,0.131402,0.056786,0.814616,20000,0.319384,1.766421
1690,141.285348,127.296235,0.628948,0.391588,0.048736,1.109894,20000,0.319384,27.02011
1691,75.206111,82.442595,1.937023,0.4783,0.014027,0.912224,20000,0.319384,17.956785
1692,100.902424,79.222511,0.631792,0.250809,0.04627,1.273658,20000,0.319384,24.572679
1693,101.681495,80.920262,0.667166,0.184399,0.049917,1.256564,20000,0.319384,23.550431
1694,197.124674,175.023976,1.342764,0.107841,0.067182,1.126272,20000,0.319384,37.630374
1695,148.49172,170.488381,0.902318,0.3777,0.040454,0.870979,20000,0.319384,15.39289
1696,209.459124,174.310959,0.088933,0.595536,0.079387,1.201641,20000,0.319384,39.062498
1697,194.030153,184.492419,0.393902,0.509129,0.067022,1.051697,20000,0.319384,31.215478
1698,120.403423,140.315121,0.99592,0.395638,0.053678,0.858093,20000,0.319384,14.329447
1699,104.693312,125.757359,1.067848,0.253433,0.070261,0.832502,20000,0.319384,6.45986
1700,72.979503,92.631335,0.416245,0.172718,0.050011,0.787849,20000,0.319384,0.092471
1701,200.961974,158.133976,0.83198,0.471586,0.064843,1.270834,20000,0.365076,61.717624
1702,197.851748,171.462668,1.22501,0.343001,0.009432,1.153906,20000,0.365076,43.574041
1703,150.176959,152.412098,1.350121,0.237875,0.0205,0.985335,20000,0.365076,17.432009
1704,201.238081,165.131778,0.907113,0.154419,0.058875,1.218651,20000,0.365076,45.180579
1705,92.045802,97.578415,1.969316,0.443894,0.062586,0.943301,20000,0.365076,25.160457
1706,112.155277,98.630868,1.537783,0.528266,0.037901,1.137121,20000,0.365076,37.787197
1707,191.197184,191.451338,0.920726,0.248257,0.034269,0.998672,20000,0.365076,20.64571
1708,147.126463,154.088008,1.785153,0.472751,0.026826,0.954821,20000,0.365076,34.796736
1709,114.106409,156.18098,0.135022,0.310994,0.050471,0.730604,20000,0.365076,0.017516
1710,80.67074,63.500491,0.385172,0.347276,0.045871,1.270396,20000,0.365076,19.32601
1711,118.05577,115.648266,1.383519,0.58184,0.000384,1.020817,20000,0.365076,32.915663
1712,140.40053,175.9819,0.249618,0.240059,0.040706,0.797812,20000,0.365076,0.25059
1713,105.291463,92.866441,0.21644,0.492613,0.069567,1.133795,20000,0.365076,17.469199
1714,192.734995,196.966308,1.148974,0.518936,0.063186,0.978518,20000,0.365076,46.775301
1715,151.19668,192.151365,1.999495,0.305619,0.016282,0.786862,20000,0.365076,14.868825
1716,132.354611,161.370164,1.788368,0.151687,0.029626,0.820193,20000,0.365076,4.075355
1717,170.980107,191.361031,0.698446,0.449433,0.076763,0.893495,20000,0.365076,22.088643
1718,102.264037,84.04544,0.378783,0.287135,0.065219,1.216771,20000,0.365076,21.092372
1719,112.743928,92.413043,1.73959,0.117415,0.023836,1.22,20000,0.365076,24.36028
1720,108.225696,103.133714,0.412949,0.483473,0.02769,1.049373,20000,0.365076,16.397365
1721,115.625121,135.987696,0.519912,0.54322,0.061386,0.850262,20000,0.365076,12.029263
1722,193.120695,158.004668,0.357246,0.548638,0.064523,1.222247,20000,0.365076,46.798479
1723,93.58452,125.58532,0.721448,0.169223,0.025579,0.745187,20000,0.365076,0.161514
1724,116.329014,107.207701,1.134779,0.351153,0.053844,1.085081,20000,0.365076,24.696527
1725,117.196232,152.797578,0.572167,0.121188,0.048219,0.767003,20000,0.365076,0.014651
1726,48.931947,68.836925,0.193193,0.428185,0.047832,0.710839,20000,0.365076,0.177614
1727,138.54458,154.933127,1.33939,0.320076,0.055448,0.894222,20000,0.365076,18.074692
1728,86.806633,77.885573,1.124814,0.460265,0.066954,1.114541,20000,0.365076,23.440679
1729,83.5384,86.431489,0.231393,0.212642,0.025768,0.966527,20000,0.365076,2.364965
1730,94.530308,91.477346,0.335479,0.425756,0.077376,1.033374,20000,0.365076,12.052548
1731,216.123661,172.511018,1.610642,0.437706,0.004531,1.252811,20000,0.365076,67.663047
1732,68.545119,83.426515,0.343145,0.421786,0.066099,0.821623,20000,0.365076,2.655788
1733,115.78443,118.070872,1.409236,0.471641,0.019942,0.980635,20000,0.365076,25.2842
1734,72.882278,68.578702,1.612145,0.297498,0.005536,1.062754,20000,0.365076,13.250937
1735,149.599199,151.657897,1.485892,0.396493,0.063952,0.986425,20000,0.365076,34.233048
1736,127.621746,124.187347,0.914954,0.232126,0.05754,1.027655,20000,0.365076,16.357955
1737,130.784482,132.519911,0.585775,0.482801,0.038907,0.986904,20000,0.365076,19.819981
1738,91.141529,121.065184,0.426193,0.528081,0.057009,0.75283,20000,0.365076,4.617894
1739,60.167966,64.915368,0.564585,0.260919,0.009776,0.926868,20000,0.365076,2.960188
1740,97.169307,116.424211,1.741402,0.472165,0.072678,0.834614,20000,0.365076,21.816053
1741,79.841224,77.040649,1.014871,0.518688,0.058441,1.036352,20000,0.365076,19.400888
1742,99.083809,81.508565,1.214652,0.199423,0.04061,1.215625,20000,0.365076,22.773418
1743,126.896531,98.177903,1.425098,0.109781,0.024207,1.292516,20000,0.365076,32.118963
1744,175.752485,166.112663,0.68847,0.316647,0.033821,1.058032,20000,0.365076,25.387647
1745,159.404035,149.522444,1.578077,0.160897,0.040968,1.066088,20000,0.365076,24.279018
1746,155.134599,128.191839,1.048194,0.326635,0.055318,1.210175,20000,0.365076,40.331987
1747,72.04134,84.23976,1.411873,0.251727,0.037101,0.855194,20000,0.365076,5.465406
1748,156.714152,163.381058,0.975037,0.236671,0.06414,0.959194,20000,0.365076,15.826236
1749,81.460418,73.765187,0.313964,0.170452,0.03544,1.104321,20000,0.365076,9.016973
1750,43.079266,56.010589,0.396955,0.20529,0.050903,0.769127,20000,0.365076,0.07955
1751,182.484504,199.414277,0.52994,0.594867,0.069887,0.915103,20000,0.365076,26.84748
1752,41.702003,57.628304,0.745235,0.552476,0.042989,0.723638,20000,0.365076,3.670606
1753,163.217665,180.918432,1.306497,0.507336,0.042161,0.902162,20000,0.365076,33.709196
1754,204.250793,176.275791,0.948279,0.35836,0.055205,1.1587,20000,0.365076,47.245755
1755,139.296217,131.299171,1.096817,0.138458,0.073695,1.060907,20000,0.365076,19.803554
1756,107.936687,133.751937,0.494186,0.260808,0.036878,0.806992,20000,0.365076,1.570681
1757,78.797582,77.960124,1.785138,0.5339,0.03142,1.010742,20000,0.365076,24.079356
1758,204.913068,158.344186,1.310191,0.273962,0.01183,1.294099,20000,0.365076,54.537462
1759,146.381803,170.991058,0.434627,0.546356,0.072854,0.856079,20000,0.365076,13.538018
1760,128.520374,103.959014,0.077623,0.360612,0.061245,1.23626,20000,0.365076,25.255028
1761,124.217518,113.547076,0.285037,0.586078,0.047422,1.093974,20000,0.365076,21.322561
1762,147.723743,118.676322,0.564145,0.110663,0.066611,1.244762,20000,0.365076,33.456459
1763,66.849918,63.122113,1.949174,0.559078,0.064451,1.059057,20000,0.365076,23.847377
1764,115.947661,108.28252,0.704553,0.109907,0.022517,1.070788,20000,0.365076,10.453161
1765,61.152751,54.365928,0.278256,0.374634,0.024905,1.124836,20000,0.365076,8.894768
1766,189.866218,179.985922,1.883331,0.188329,0.062696,1.054895,20000,0.365076,37.367325
1767,191.165729,163.456791,0.96725,0.513759,0.01468,1.169518,20000,0.365076,51.905541
1768,186.679873,198.815255,1.236216,0.394871,0.000917,0.938962,20000,0.365076,27.904337
1769,75.841855,106.941494,0.291294,0.43808,0.077932,0.70919,20000,0.365076,0.867448
1770,117.846943,91.261482,0.603561,0.237429,0.051616,1.291311,20000,0.365076,29.973572
1771,101.349598,100.460506,1.952692,0.258625,0.00628,1.00885,20000,0.365076,15.281484
1772,154.488174,153.684303,0.239326,0.534876,0.05057,1.005231,20000,0.365076,17.225929
1773,80.851439,96.280468,1.495357,0.569029,0.051987,0.839749,20000,0.365076,18.881314
1774,109.372152,131.292835,0.930705,0.341147,0.006625,0.83304,20000,0.365076,7.151032
1775,149.063779,167.470071,0.215896,0.302764,0.003472,0.890092,20000,0.365076,2.57343
1776,69.63357,66.958787,0.492801,0.126879,0.043967,1.039947,20000,0.365076,4.98555
1777,75.587041,74.95003,1.602852,0.132943,0.031794,1.008499,20000,0.365076,7.399213
1778,136.441035,150.458796,1.80564,0.206526,0.021203,0.906833,20000,0.365076,11.57934
1779,231.422808,191.299893,1.848325,0.481366,0.046745,1.209738,20000,0.365076,82.933764
1780,151.187035,159.449023,0.38693,0.389379,0.025655,0.948184,20000,0.365076,11.736153
1781,98.049393,84.497483,0.698226,0.265477,0.037611,1.160382,20000,0.365076,18.281665
1782,113.088719,96.212732,0.548311,0.131683,0.025915,1.175403,20000,0.365076,18.450985
1783,61.965645,56.74838,1.071857,0.106582,0.045771,1.091937,20000,0.365076,8.32541
1784,66.807715,65.734086,1.536102,0.288489,0.021863,1.016333,20000,0.365076,11.057251
1785,218.552018,193.125653,1.715912,0.34603,0.059454,1.131657,20000,0.365076,60.74459
1786,67.944053,59.1816,0.13345,0.331971,0.017951,1.14806,20000,0.365076,9.317621
1787,182.294132,198.389477,1.754,0.329103,0.020115,0.91887,20000,0.365076,28.445806
1788,62.618057,53.668266,1.092114,0.22459,0.056055,1.166761,20000,0.365076,13.359945
1789,171.405278,160.519786,0.642074,0.411663,0.051699,1.067814,20000,0.365076,30.25637
1790,171.9529,183.815852,0.050971,0.378694,0.007036,0.935463,20000,0.365076,1.964032
1791,95.808383,120.916798,0.863403,0.223807,0.060106,0.79235,20000,0.365076,2.339729
1792,153.556886,189.099222,1.005023,0.300015,0.065898,0.812044,20000,0.365076,9.799503
1793,90.223474,72.387145,0.620538,0.229398,0.028063,1.246402,20000,0.365076,19.919864
1794,121.077277,136.596703,0.49689,0.592147,0.021735,0.886385,20000,0.365076,15.01734
1795,126.556623,132.365138,0.684043,0.56801,0.046701,0.956117,20000,0.365076,22.75225
1796,79.86499,93.559174,0.086073,0.567081,0.034828,0.853631,20000,0.365076,1.359637
1797,176.152771,167.425738,0.159309,0.593648,0.005807,1.052125,20000,0.365076,21.11177
1798,123.96261,104.059503,1.442271,0.347985,0.007192,1.191267,20000,0.365076,30.670808
1799,76.867766,83.773936,1.998658,0.469118,0.074984,0.917562,20000,0.365076,21.442664
1800,107.502652,111.218573,1.991252,0.363561,0.053456,0.966589,20000,0.365076,24.84977
1801,189.190131,166.749796,1.295698,0.584858,0.010156,1.134575,20000,0.35431,59.62688
1802,154.465239,139.370747,0.882715,0.384459,0.048257,1.108305,20000,0.35431,32.37344
1803,171.925589,140.20147,1.424237,0.596557,0.071351,1.226275,20000,0.35431,66.414343
1804,220.642756,184.76557,0.487656,0.305377,0.02377,1.194177,20000,0.35431,42.163299
1805,66.894938,51.77164,1.017686,0.429321,0.05394,1.292115,20000,0.35431,21.256077
1806,115.859888,112.128192,0.443346,0.447254,0.034575,1.033281,20000,0.35431,16.452912
1807,60.046508,57.905387,0.47988,0.415668,0.020069,1.036976,20000,0.35431,8.171283
1808,115.598026,122.990143,0.712395,0.290918,0.067334,0.939897,20000,0.35431,10.713484
1809,59.256641,56.178332,1.068467,0.475555,0.045271,1.054795,20000,0.35431,13.960059
1810,180.689062,165.506125,1.726333,0.367017,0.043069,1.091736,20000,0.35431,47.889598
1811,64.536089,61.472564,1.052216,0.543759,0.076855,1.049836,20000,0.35431,17.378768
1812,65.873352,67.503195,1.279247,0.140358,0.054371,0.975855,20000,0.35431,5.687212
1813,73.36019,73.565608,1.542132,0.541751,0.039184,0.997208,20000,0.35431,21.362828
1814,114.622893,89.990398,0.204222,0.247583,0.072922,1.273724,20000,0.35431,26.018792
1815,205.389133,175.84003,0.490697,0.35223,0.008839,1.168045,20000,0.35431,37.828898
1816,145.769612,153.856594,0.715954,0.518348,0.007139,0.947438,20000,0.35431,22.101598
1817,121.232129,99.131011,1.338674,0.280001,0.00436,1.222949,20000,0.35431,27.565129
1818,114.895829,99.365667,0.688959,0.523546,0.016093,1.156293,20000,0.35431,27.813763
1819,90.518645,120.726872,1.028433,0.1357,0.055101,0.74978,20000,0.35431,0.264178
1820,184.21467,185.620694,0.499804,0.348924,0.004587,0.992425,20000,0.35431,17.575442
1821,104.237972,95.443903,1.498884,0.198817,0.001422,1.092139,20000,0.35431,14.801003
1822,217.115789,172.980364,1.025255,0.514044,0.067439,1.255147,20000,0.35431,71.984038
1823,85.513278,73.851544,1.940257,0.129155,0.037017,1.157908,20000,0.35431,17.379644
1824,180.000042,155.916992,1.963352,0.230537,0.00349,1.154461,20000,0.35431,36.089167
1825,142.340867,123.711375,0.771108,0.255768,0.040713,1.150588,20000,0.35431,25.913893
1826,174.082616,167.264578,1.5205,0.560417,0.042545,1.040762,20000,0.35431,53.668475
1827,66.033285,54.873293,0.933049,0.317979,0.041881,1.203377,20000,0.35431,15.659241
1828,121.42009,152.155629,1.794131,0.492135,0.033688,0.797999,20000,0.35431,24.449021
1829,148.95107,196.54328,0.150982,0.436276,0.014873,0.757854,20000,0.35431,0.637304
1830,51.370966,63.292234,0.612007,0.191496,0.006349,0.811647,20000,0.35431,0.344763
1831,122.577934,154.829961,0.171912,0.571058,0.021022,0.791694,20000,0.35431,2.940375
1832,111.814508,156.005128,1.874013,0.214024,0.044,0.716736,20000,0.35431,4.040566
1833,165.460839,183.206415,0.752981,0.352422,0.05392,0.903139,20000,0.35431,16.083351
1834,160.871914,197.260716,0.720104,0.546124,0.065569,0.815529,20000,0.35431,20.134673
1835,229.2555,186.379585,0.274997,0.553607,0.044651,1.230046,20000,0.35431,53.489304
1836,159.06608,144.205981,1.004424,0.226063,0.038457,1.103048,20000,0.35431,25.617347
1837,101.068219,129.500908,0.41129,0.27652,0.037514,0.780444,20000,0.35431,0.857292
1838,111.981683,95.6014,1.064617,0.45996,0.04648,1.171339,20000,0.35431,31.4978
1839,139.815868,175.723715,1.124558,0.409542,0.054144,0.795657,20000,0.35431,15.314986
1840,84.403798,79.116207,0.223505,0.232255,0.059807,1.066833,20000,0.35431,7.627656
1841,146.160609,134.345008,1.316872,0.571632,0.070146,1.08795,20000,0.35431,48.12533
1842,110.733761,145.356575,1.135836,0.52773,0.055448,0.761808,20000,0.35431,16.03442
1843,207.368488,198.690424,0.459768,0.336761,0.024858,1.043676,20000,0.35431,24.080353
1844,169.654498,131.702336,0.152718,0.333154,0.009153,1.288166,20000,0.35431,38.271358
1845,103.715209,101.105848,0.92806,0.471431,0.004226,1.025808,20000,0.35431,19.610577
1846,107.029671,115.63798,0.811843,0.216809,0.024801,0.925558,20000,0.35431,5.893127
1847,121.751984,115.537776,1.29295,0.462507,0.051871,1.053785,20000,0.35431,31.283823
1848,85.399607,83.092093,1.622589,0.327085,9.3e-05,1.027771,20000,0.35431,15.221073
1849,96.884597,127.709014,1.468782,0.33331,0.051295,0.758636,20000,0.35431,8.277667
1850,160.041668,184.855855,1.764956,0.25037,0.053453,0.865765,20000,0.35431,17.510454
1851,82.038113,100.260086,1.525658,0.256395,0.04389,0.818253,20000,0.35431,6.229592
1852,159.857679,123.966236,0.269234,0.241384,0.075794,1.289526,20000,0.35431,38.033001
1853,175.751233,135.252416,0.412121,0.193939,0.079177,1.299431,20000,0.35431,44.734788
1854,101.041854,95.111866,1.304501,0.551415,0.029597,1.062348,20000,0.35431,28.59953
1855,157.532283,189.106678,0.42645,0.545603,0.079752,0.833034,20000,0.35431,13.296226
1856,220.014021,191.601135,0.78955,0.487353,0.056735,1.148292,20000,0.35431,55.566271
1857,100.116873,84.00702,0.300957,0.164064,0.010784,1.191768,20000,0.35431,16.483315
1858,72.016902,91.16933,0.159413,0.534321,0.063308,0.789925,20000,0.35431,1.264277
1859,206.726766,190.47902,0.16088,0.513653,0.071813,1.085299,20000,0.35431,27.397043
1860,108.998026,106.403256,1.679963,0.265998,0.059179,1.024386,20000,0.35431,21.338336
1861,109.192643,137.430111,1.082904,0.327543,0.013096,0.794532,20000,0.35431,6.612342
1862,176.282086,159.464676,0.514937,0.244191,0.025196,1.105462,20000,0.35431,23.50227
1863,72.394318,94.033255,0.506769,0.456667,0.07725,0.76988,20000,0.35431,3.819697
1864,144.204083,126.481694,0.655407,0.561595,0.045654,1.140118,20000,0.35431,36.201884
1865,207.597116,182.489892,1.900684,0.329822,0.008347,1.137581,20000,0.35431,51.093497
1866,118.876549,122.389948,1.937382,0.313916,0.037506,0.971293,20000,0.35431,23.141816
1867,96.400747,107.981765,0.48384,0.370868,0.029396,0.89275,20000,0.35431,6.255797
1868,119.368586,163.107848,1.999847,0.289893,0.077218,0.731838,20000,0.35431,12.335113
1869,211.013579,184.197655,1.350397,0.53822,0.012499,1.145582,20000,0.35431,64.863869
1870,182.46871,141.071285,0.661336,0.106291,0.037293,1.29345,20000,0.35431,44.775634
1871,89.867421,122.763459,0.647782,0.435357,0.063246,0.732037,20000,0.35431,4.568294
1872,61.704255,51.802412,0.444286,0.314278,0.034243,1.191146,20000,0.35431,11.85138
1873,102.254515,137.746435,0.552838,0.273444,0.077997,0.742339,20000,0.35431,1.168619
1874,98.482968,120.67252,0.233452,0.521853,0.00354,0.816118,20000,0.35431,3.278283
1875,122.824213,160.042632,0.965243,0.13921,0.010696,0.767447,20000,0.35431,0.20297
1876,118.773922,97.550489,0.923929,0.4966,0.049528,1.217564,20000,0.35431,35.155545
1877,47.784965,54.520843,0.175904,0.241504,0.018293,0.876453,20000,0.35431,0.258366
1878,244.746004,199.71073,0.846713,0.196949,0.017661,1.225503,20000,0.35431,50.207378
1879,199.413294,154.367075,1.837125,0.247833,0.032493,1.291812,20000,0.35431,59.305129
1880,44.420062,50.453733,1.380881,0.315193,0.045088,0.880412,20000,0.35431,5.350729
1881,176.868729,155.082429,1.786942,0.466802,0.040573,1.140482,20000,0.35431,56.560471
1882,63.522798,55.913358,1.466905,0.471318,0.035866,1.136093,20000,0.35431,18.986443
1883,162.766902,187.134726,1.106157,0.326611,0.016705,0.869785,20000,0.35431,14.41172
1884,134.442127,132.253426,1.960832,0.219634,0.026873,1.016549,20000,0.35431,20.77045
1885,200.664317,189.188529,1.719358,0.313292,0.041977,1.060658,20000,0.35431,44.333863
1886,118.104189,111.17823,0.580841,0.443943,0.014801,1.062296,20000,0.35431,20.124689
1887,157.851974,126.83413,1.473987,0.363522,0.057465,1.244554,20000,0.35431,50.27338
1888,149.096897,176.748347,0.252499,0.130807,0.036167,0.843555,20000,0.35431,0.017345
1889,118.030403,148.158367,1.863294,0.557997,0.045842,0.79665,20000,0.35431,29.384286
1890,120.665066,113.826391,0.099087,0.232254,0.014443,1.06008,20000,0.35431,8.056186
1891,110.012254,114.498122,0.448904,0.236612,0.009717,0.960821,20000,0.35431,5.153923
1892,87.533412,81.909253,0.076376,0.536926,0.058375,1.068663,20000,0.35431,8.467577
1893,64.110794,67.539808,0.539465,0.533834,0.00638,0.94923,20000,0.35431,8.822479
1894,185.699171,162.714209,1.834715,0.525941,0.029885,1.14126,20000,0.35431,64.892549
1895,145.562855,150.399948,1.72726,0.463832,0.042421,0.967838,20000,0.35431,36.74449
1896,199.366146,157.250037,0.448954,0.126216,0.032874,1.267829,20000,0.35431,44.484684
1897,83.936338,110.782613,1.508907,0.539738,0.047308,0.757667,20000,0.35431,15.798756
1898,229.599195,198.621227,0.86076,0.521557,0.050532,1.155965,20000,0.35431,61.683951
1899,150.907169,154.43837,0.845201,0.118762,0.01875,0.977135,20000,0.35431,6.059725
1900,180.00082,190.936573,1.734076,0.219043,0.036634,0.942726,20000,0.35431,20.768221
1901,220.903094,194.450079,0.205052,0.30979,0.059995,1.13604,20000,0.326418,31.332611
1902,85.400072,114.969552,1.222353,0.555128,0.027812,0.742806,20000,0.326418,12.718755
1903,153.15559,123.960737,1.979871,0.310547,0.050184,1.235517,20000,0.326418,48.090686
1904,125.809487,172.382635,1.90732,0.548743,0.070425,0.729827,20000,0.326418,28.835454
1905,87.233146,123.788769,0.977103,0.163559,0.068883,0.704694,20000,0.326418,0.270999
1906,60.419581,65.244494,0.973388,0.358001,0.066087,0.926049,20000,0.326418,8.11925
1907,104.834711,89.163585,1.516399,0.159261,0.029713,1.175757,20000,0.326418,20.923848
1908,78.424283,72.578892,0.496872,0.278861,0.046664,1.080538,20000,0.326418,10.554385
1909,145.740905,162.569376,0.31488,0.478801,0.008356,0.896484,20000,0.326418,9.299244
1910,85.628745,92.438209,1.293164,0.498933,0.001833,0.926335,20000,0.326418,16.232106
1911,179.402132,142.644432,1.653646,0.492127,0.079599,1.257688,20000,0.326418,72.055397
1912,172.744996,141.607248,0.487627,0.585135,0.041568,1.219888,20000,0.326418,45.0336
1913,70.309902,75.768094,0.436814,0.556041,0.030168,0.927962,20000,0.326418,8.453487
1914,144.214973,147.009675,0.641281,0.153434,0.05684,0.98099,20000,0.326418,8.367462
1915,124.765878,133.820484,1.403194,0.290177,0.02092,0.932338,20000,0.326418,14.869479
1916,238.835781,183.779711,0.254529,0.163917,0.002527,1.299576,20000,0.326418,55.084132
1917,135.110989,182.484952,0.122362,0.254869,0.002026,0.740395,20000,0.326418,0.0015
1918,163.712429,129.901937,0.198404,0.422497,0.077731,1.260277,20000,0.326418,36.663653
1919,59.23053,61.160511,0.190002,0.268983,0.019472,0.968444,20000,0.326418,2.08269
1920,152.69593,143.520118,1.981075,0.480655,0.023556,1.063934,20000,0.326418,46.168568
1921,152.202203,152.435167,0.600218,0.133223,0.029023,0.998472,20000,0.326418,7.485674
1922,69.833826,77.181845,0.914368,0.144931,0.02772,0.904796,20000,0.326418,1.859661
1923,81.26363,103.365098,1.994963,0.297348,0.012951,0.786181,20000,0.326418,7.034127
1924,115.026615,142.917222,0.892211,0.248499,0.037081,0.804848,20000,0.326418,3.619924
1925,113.680005,145.740112,1.394433,0.251924,0.010632,0.780019,20000,0.326418,4.542214
1926,152.320339,194.550529,0.414491,0.385322,0.055567,0.782935,20000,0.326418,4.226081
1927,69.643245,75.682296,1.503547,0.3437,0.021835,0.920205,20000,0.326418,10.265869
1928,164.312195,181.111935,1.132046,0.398752,0.031738,0.907241,20000,0.326418,23.412169
1929,68.277695,62.527183,1.515971,0.40156,0.017522,1.091968,20000,0.326418,16.829295
1930,53.317401,63.39955,0.705403,0.251064,0.046659,0.840974,20000,0.326418,1.861964
1931,54.67433,52.533955,0.370294,0.144777,0.001907,1.040743,20000,0.326418,3.195913
1932,50.157191,63.73279,1.367937,0.100144,0.057179,0.786992,20000,0.326418,0.233943
1933,179.499099,176.928829,0.337628,0.361339,0.04142,1.014527,20000,0.326418,17.228101
1934,80.929079,71.471362,1.589806,0.391742,0.073294,1.132329,20000,0.326418,24.245352
1935,42.877577,59.825078,0.945981,0.180022,0.053604,0.716716,20000,0.326418,0.198236
1936,203.310013,170.304752,1.564912,0.266072,0.040319,1.193801,20000,0.326418,51.222749
1937,128.961118,180.274158,0.363052,0.342981,0.077405,0.715361,20000,0.326418,0.972003
1938,88.850975,84.702914,1.264954,0.416211,0.077039,1.048972,20000,0.326418,22.27598
1939,201.0437,183.055619,1.8284,0.599439,0.043315,1.098266,20000,0.326418,74.377607
1940,102.219562,97.715621,0.790219,0.487466,0.057497,1.046092,20000,0.326418,21.549845
1941,75.003593,67.695023,0.624386,0.471727,0.035249,1.107963,20000,0.326418,15.318427
1942,117.76211,121.741765,0.10067,0.445405,0.035343,0.967311,20000,0.326418,4.917765
1943,170.573744,139.307908,1.384128,0.455386,0.052463,1.224437,20000,0.326418,56.922078
1944,80.557878,62.503076,0.624156,0.13628,0.013756,1.288863,20000,0.326418,18.558384
1945,214.227421,171.231127,0.434224,0.122665,0.026145,1.251101,20000,0.326418,45.043638
1946,135.289549,120.001908,0.65449,0.238163,0.042253,1.127395,20000,0.326418,21.690377
1947,201.449844,170.290113,0.48953,0.267028,0.000851,1.18298,20000,0.326418,34.741722
1948,74.415246,74.697941,1.865938,0.269092,0.028661,0.996215,20000,0.326418,12.467766
1949,154.609154,138.898602,0.832565,0.515321,0.050492,1.113108,20000,0.326418,39.182381
1950,56.977752,51.187823,0.714388,0.523926,0.01152,1.113111,20000,0.326418,12.784169
1951,87.745478,76.043446,1.881182,0.349378,0.021901,1.153886,20000,0.326418,23.136685
1952,242.219239,195.703397,0.154044,0.156916,0.029555,1.237685,20000,0.326418,47.468053
1953,198.877626,174.575168,0.074664,0.23396,0.04742,1.139209,20000,0.326418,25.038198
1954,105.87492,139.206295,1.139262,0.146073,0.029612,0.760561,20000,0.326418,0.485812
1955,201.011194,182.247846,0.792841,0.384057,0.077759,1.102955,20000,0.326418,42.659989
1956,211.569433,164.776543,1.550596,0.151275,0.032936,1.283978,20000,0.326418,55.576301
1957,136.389995,144.86164,1.91712,0.511179,0.01374,0.941519,20000,0.326418,36.727703
1958,201.484067,191.000628,0.823601,0.411959,0.049895,1.054887,20000,0.326418,38.099474
1959,53.38096,60.509401,0.135453,0.118185,0.063784,0.882193,20000,0.326418,0.002576
1960,133.848629,160.342135,1.88813,0.451821,0.025962,0.834769,20000,0.326418,26.279254
1961,105.893585,124.213159,0.083664,0.299304,0.011585,0.852515,20000,0.326418,0.126452
1962,63.097973,69.219917,1.588466,0.574929,0.022224,0.911558,20000,0.326418,16.457208
1963,138.713194,134.015091,1.87296,0.503402,0.053763,1.035057,20000,0.326418,45.047231
1964,208.675602,172.680513,0.058669,0.515491,0.051845,1.208449,20000,0.326418,37.048815
1965,156.638045,126.576168,1.98731,0.585729,0.066597,1.2375,20000,0.326418,67.520994
1966,74.5397,89.640383,0.627767,0.320896,0.027424,0.831542,20000,0.326418,3.134598
1967,217.672757,192.167242,0.155235,0.16563,0.041346,1.132726,20000,0.326418,26.900328
1968,99.505854,105.192291,0.860002,0.389907,0.027318,0.945942,20000,0.326418,12.625389
1969,134.80537,146.242917,1.058084,0.302668,0.045513,0.921791,20000,0.326418,14.51498
1970,136.047411,120.206349,0.660559,0.515309,0.001781,1.131782,20000,0.326418,30.118147
1971,214.724196,198.766192,1.705828,0.32246,0.065002,1.080285,20000,0.326418,54.687549
1972,204.764059,189.879887,0.250544,0.173919,0.063301,1.078387,20000,0.326418,19.187428
1973,74.656799,65.459336,0.923498,0.205253,0.005139,1.140507,20000,0.326418,11.346503
1974,141.020974,197.666723,1.56066,0.365145,0.039037,0.713428,20000,0.326418,12.372992
1975,85.265458,75.490479,0.534486,0.372996,0.059016,1.129486,20000,0.326418,15.993063
1976,60.693111,78.51916,0.338003,0.136939,0.021893,0.772972,20000,0.326418,0.001315
1977,98.564258,96.43803,1.103879,0.585491,0.072033,1.022048,20000,0.326418,27.34162
1978,62.694112,79.743183,0.33843,0.100644,0.05071,0.7862,20000,0.326418,5.3e-05
1979,82.866213,108.652625,1.471936,0.550795,0.073646,0.762671,20000,0.326418,17.219854
1980,49.971217,52.481138,1.671459,0.316566,0.043931,0.952175,20000,0.326418,8.743144
1981,135.608349,192.208122,0.900305,0.232547,0.014821,0.705529,20000,0.326418,1.017523
1982,79.781145,72.899523,1.796735,0.48917,0.056232,1.094399,20000,0.326418,26.280338
1983,97.971034,83.786676,1.080231,0.486845,0.013724,1.169291,20000,0.326418,27.167055
1984,91.09277,73.962093,0.235585,0.427744,0.031502,1.231614,20000,0.326418,18.951715
1985,187.216096,197.424786,0.114124,0.479841,0.059576,0.948291,20000,0.326418,8.390661
1986,64.048296,77.109427,1.081,0.527083,0.036183,0.830616,20000,0.326418,10.294955
1987,102.265632,112.072064,0.984174,0.2632,0.072808,0.912499,20000,0.326418,9.843371
1988,128.004726,168.430287,1.295933,0.497587,0.06306,0.759986,20000,0.326418,20.46261
1989,140.932858,197.496345,0.339693,0.375623,0.054909,0.713597,20000,0.326418,1.149591
1990,95.995763,106.983326,0.672821,0.431812,0.060432,0.897296,20000,0.326418,10.988043
1991,110.398728,120.507782,1.909048,0.165404,0.047886,0.916113,20000,0.326418,10.06337
1992,135.156331,137.726026,0.718864,0.536521,0.055923,0.981342,20000,0.326418,25.946233
1993,241.039328,192.873043,0.699144,0.194298,0.015753,1.249731,20000,0.326418,51.667838
1994,210.894032,195.556262,1.841786,0.414875,0.03886,1.078431,20000,0.326418,58.817117
1995,137.951331,106.822942,0.331493,0.182208,0.050069,1.291402,20000,0.326418,32.724329
1996,177.36787,194.571379,1.890583,0.157395,0.063914,0.911583,20000,0.326418,17.415885
1997,189.189151,160.48842,0.626069,0.206706,0.068404,1.178834,20000,0.326418,36.718332
1998,145.958809,185.784416,0.147109,0.40607,0.050138,0.785635,20000,0.326418,0.764916
1999,125.122586,155.273845,1.547879,0.524479,0.04902,0.805819,20000,0.326418,25.9921
2000,124.868531,119.331265,0.872913,0.284308,0.027968,1.046402,20000,0.326418,17.319434
2001,48.03699,66.512447,1.079892,0.363134,0.036486,0.722226,20000,0.31105,2.692615
2002,244.273459,198.31203,1.824982,0.124547,0.034111,1.231763,20000,0.31105,58.744672
2003,168.428374,161.858154,0.651749,0.581259,0.005071,1.040592,20000,0.31105,33.83826
2004,57.276599,56.80083,0.767686,0.447602,0.030358,1.008376,20000,0.31105,9.843628
2005,68.469179,53.465606,0.415743,0.152166,0.019725,1.280621,20000,0.31105,15.504005
2006,78.212842,70.535522,1.50733,0.371011,0.071818,1.108843,20000,0.31105,21.404577
2007,59.83142,50.40695,0.138208,0.164744,0.051044,1.186968,20000,0.31105,9.738903
2008,56.523477,57.293134,0.483136,0.300057,0.01204,0.986566,20000,0.31105,4.536625
2009,170.404526,191.429388,0.414499,0.403425,0.05896,0.890169,20000,0.31105,11.546412
2010,119.375664,124.166151,1.638272,0.495375,0.074029,0.961419,20000,0.31105,34.4256
2011,188.305543,190.46224,1.454059,0.539879,0.026231,0.988677,20000,0.31105,49.40448
2012,89.335889,114.973093,1.078289,0.572203,0.063674,0.777016,20000,0.31105,14.774682
2013,145.304406,146.588134,0.887377,0.175962,0.049713,0.991243,20000,0.31105,12.208748
2014,88.58222,70.303061,0.194765,0.472148,0.066196,1.260005,20000,0.31105,20.231439
2015,110.101115,153.498119,1.904792,0.395059,0.046357,0.71728,20000,0.31105,14.327027
2016,69.371087,66.691499,1.742809,0.271847,0.061268,1.040179,20000,0.31105,14.691176
2017,128.232637,145.762588,1.923927,0.596969,0.036932,0.879736,20000,0.31105,39.37439
2018,194.315883,188.465791,1.417503,0.197849,0.050119,1.031041,20000,0.31105,28.083947
2019,47.175348,58.209649,1.845566,0.223964,0.060503,0.810439,20000,0.31105,3.796295
2020,158.264862,178.056245,0.113964,0.248813,0.033665,0.888848,20000,0.31105,0.556003
2021,145.037102,114.891015,0.830401,0.253875,0.019371,1.262389,20000,0.31105,34.35137
2022,67.471294,78.653898,1.6094,0.157844,0.048428,0.857825,20000,0.31105,3.310601
2023,77.648861,62.743882,1.409142,0.237445,0.05836,1.237553,20000,0.31105,21.261974
2024,208.268269,181.571448,1.465583,0.117104,0.025122,1.147032,20000,0.31105,34.526458
2025,160.887592,167.08348,1.909414,0.258865,0.035509,0.962917,20000,0.31105,24.949859
2026,83.172117,85.04602,0.824858,0.476062,0.030828,0.977966,20000,0.31105,14.13803
2027,93.508079,80.743097,0.216702,0.313897,0.072312,1.158094,20000,0.31105,14.568999
2028,103.643475,112.294402,1.323335,0.423182,0.029032,0.922962,20000,0.31105,18.378758
2029,203.340426,175.274623,0.940921,0.217065,0.043721,1.160125,20000,0.31105,39.57284
2030,178.644178,186.110391,1.911509,0.258234,0.068645,0.959883,20000,0.31105,33.098941
2031,117.986193,149.91081,0.798914,0.402889,0.02479,0.787043,20000,0.31105,7.81701
2032,97.589539,125.995369,1.714971,0.589412,0.075378,0.774549,20000,0.31105,25.061917
2033,131.034085,150.706582,0.263775,0.346787,0.019594,0.869465,20000,0.31105,3.275426
2034,163.583612,176.913734,0.599934,0.523409,0.006428,0.924652,20000,0.31105,21.47529
2035,127.21035,132.418002,0.768508,0.49918,0.054679,0.960673,20000,0.31105,22.025661
2036,225.462713,192.466526,1.607862,0.443596,0.050479,1.171439,20000,0.31105,71.94568
2037,131.481261,156.412767,1.863755,0.342658,0.016832,0.840604,20000,0.31105,17.362951
2038,151.931851,193.11697,0.765551,0.227429,0.030884,0.786735,20000,0.31105,2.458462
2039,223.042147,172.739636,0.854561,0.284429,0.040395,1.291204,20000,0.31105,59.421642
2040,87.261132,82.171551,0.840649,0.4368,0.004601,1.061938,20000,0.31105,16.440854
2041,79.829883,90.686407,0.793477,0.351966,0.006554,0.880285,20000,0.31105,6.204855
2042,125.839051,100.427773,0.611084,0.300811,0.043314,1.25303,20000,0.31105,30.080963
2043,159.955939,125.260047,1.6842,0.481954,0.003719,1.276991,20000,0.31105,53.80434
2044,63.780463,62.188134,1.365376,0.456702,0.079242,1.025605,20000,0.31105,17.305102
2045,63.610404,87.74696,0.619026,0.26616,0.052373,0.72493,20000,0.31105,0.601981
2046,103.153379,86.048279,0.149516,0.422302,0.032027,1.198785,20000,0.31105,18.555111
2047,115.420964,110.743248,0.848091,0.536162,0.072595,1.042239,20000,0.31105,27.707705
2048,82.957051,67.629312,1.580945,0.330643,0.035708,1.226643,20000,0.31105,23.913457
2049,67.908176,85.414104,0.616078,0.299563,0.010559,0.795046,20000,0.31105,1.604357
2050,140.831401,164.239433,1.29589,0.163309,0.048698,0.857476,20000,0.31105,5.487332
2051,152.610653,155.407523,1.61153,0.13367,0.052689,0.982003,20000,0.31105,15.603688
2052,83.800268,77.61117,0.158709,0.143206,0.064708,1.079745,20000,0.31105,7.098573
2053,226.274859,190.153255,1.236806,0.356154,0.014177,1.18996,20000,0.31105,56.316551
2054,56.960958,79.186246,1.935175,0.306424,0.044587,0.719329,20000,0.31105,4.703042
2055,211.820599,191.113238,1.835221,0.515605,0.065983,1.108351,20000,0.31105,74.94823
2056,98.156688,110.697089,1.155332,0.519044,0.020459,0.886714,20000,0.31105,17.667033
2057,46.21988,61.100044,1.371097,0.14991,0.038528,0.756462,20000,0.31105,0.408298
2058,143.846444,131.163069,1.503857,0.562325,0.008771,1.096699,20000,0.31105,44.914334
2059,149.289609,156.159849,0.71304,0.363538,0.030571,0.956005,20000,0.31105,16.78946
2060,163.798495,181.420109,1.124012,0.481924,0.058622,0.902868,20000,0.31105,29.272681
2061,90.246358,82.460979,1.857938,0.262148,0.054457,1.094413,20000,0.31105,21.022635
2062,145.422789,141.52775,0.306254,0.497805,0.06637,1.027521,20000,0.31105,19.537815
2063,89.759637,81.940854,0.660755,0.376402,0.069217,1.09542,20000,0.31105,16.928409
2064,108.388711,134.601523,1.616992,0.12999,0.00095,0.805256,20000,0.31105,0.859379
2065,51.054285,51.722062,0.072759,0.12148,0.039653,0.987089,20000,0.31105,0.440145
2066,116.969054,151.470181,0.730457,0.345601,0.050886,0.772225,20000,0.31105,5.063244
2067,160.991912,158.630934,0.292836,0.175922,0.004068,1.014883,20000,0.31105,7.370235
2068,155.135983,128.562489,1.713364,0.348143,0.067635,1.206697,20000,0.31105,49.402555
2069,176.424235,194.919531,1.244189,0.320941,0.002664,0.905113,20000,0.31105,17.801612
2070,135.089718,181.820921,1.876357,0.105917,0.015728,0.742982,20000,0.31105,0.283014
2071,160.047972,156.00429,0.699022,0.25939,0.039827,1.02592,20000,0.31105,18.014002
2072,218.533361,192.568253,0.969933,0.508426,0.069589,1.134836,20000,0.31105,60.360021
2073,113.317501,109.788997,0.214842,0.20935,0.078238,1.032139,20000,0.31105,7.434307
2074,46.621796,62.777299,1.445465,0.545653,0.074483,0.742654,20000,0.31105,9.174933
2075,142.406734,125.169146,0.680097,0.551861,0.014602,1.137714,20000,0.31105,34.495116
2076,117.157469,156.60061,0.577331,0.498242,0.069733,0.748129,20000,0.31105,7.506654
2077,74.476682,99.400214,1.620981,0.141227,0.022387,0.749261,20000,0.31105,0.516151
2078,65.35425,67.251931,0.655739,0.513166,0.012482,0.971782,20000,0.31105,10.188578
2079,62.39096,62.141199,1.159641,0.408628,0.020134,1.004019,20000,0.31105,11.633858
2080,125.20812,159.377258,1.085015,0.123133,0.068769,0.785608,20000,0.31105,0.7655
2081,162.620452,146.39979,1.161941,0.18555,0.038022,1.110797,20000,0.31105,26.501126
2082,130.668154,107.404365,1.135918,0.385883,0.034425,1.2166,20000,0.31105,36.284276
2083,89.763818,102.465385,1.73452,0.391451,0.014925,0.87604,20000,0.31105,15.183458
2084,106.253186,86.550458,1.165113,0.561901,0.056843,1.227644,20000,0.31105,37.839855
2085,158.457645,141.218725,0.956049,0.558342,0.045287,1.122072,20000,0.31105,44.434298
2086,105.83122,138.851145,0.440014,0.532214,0.033489,0.762192,20000,0.31105,5.69938
2087,144.665703,130.579697,1.046793,0.446232,0.061767,1.107873,20000,0.31105,37.359622
2088,198.590411,164.068866,1.294926,0.281126,0.031099,1.210409,20000,0.31105,48.268486
2089,111.863304,153.412806,1.159451,0.396492,0.029133,0.729165,20000,0.31105,8.094596
2090,146.575761,113.034326,1.288938,0.524528,0.028414,1.296737,20000,0.31105,53.54442
2091,185.466217,162.956626,0.385518,0.562491,0.060013,1.138132,20000,0.31105,39.084976
2092,71.684839,87.64944,1.209665,0.57701,0.06556,0.817858,20000,0.31105,14.77029
2093,54.456494,73.612017,1.226281,0.229067,0.006543,0.739777,20000,0.31105,0.985089
2094,219.291046,197.164881,0.645531,0.47759,0.06601,1.112222,20000,0.31105,47.827889
2095,84.015784,102.662418,1.281147,0.370114,0.057258,0.818369,20000,0.31105,9.721808
2096,110.587828,89.5923,0.346017,0.429899,0.059361,1.234345,20000,0.31105,25.108414
2097,163.895523,177.031886,0.527717,0.40832,0.008282,0.925797,20000,0.31105,14.505403
2098,69.809787,96.210205,0.227351,0.487129,0.072658,0.725596,20000,0.31105,0.847425
2099,161.363755,174.166743,0.246224,0.489014,0.036904,0.92649,20000,0.31105,11.385713
2100,199.306608,191.469269,0.311974,0.416479,0.059841,1.040933,20000,0.31105,24.329969
2101,157.816457,133.950451,0.275807,0.218671,0.063142,1.17817,20000,0.31696,26.686216
2102,155.156086,173.338764,0.900425,0.406514,0.063459,0.895103,20000,0.31696,20.747128
2103,61.669908,79.117851,1.110508,0.289694,0.0043,0.779469,20000,0.31696,2.543729
2104,67.263065,54.913149,0.669127,0.2994,0.040208,1.224899,20000,0.31696,15.056274
2105,105.009832,127.151205,1.294145,0.416919,0.029621,0.825866,20000,0.31696,13.772185
2106,235.281356,186.669627,0.308652,0.107034,0.006517,1.260416,20000,0.31696,48.909104
2107,73.475101,87.559545,0.639527,0.182722,0.075262,0.839144,20000,0.31696,1.216343
2108,107.279121,93.431057,1.291786,0.415024,0.017922,1.148217,20000,0.31696,27.27293
2109,137.105901,111.006728,0.680172,0.37823,0.028071,1.235113,20000,0.31696,33.370393
2110,143.640507,122.463245,0.233535,0.578076,0.015563,1.172927,20000,0.31696,27.749633
2111,87.143151,94.612439,1.787944,0.185274,0.056957,0.921054,20000,0.31696,9.306175
2112,142.107695,173.73885,1.37747,0.518649,0.03225,0.817939,20000,0.31696,25.673669
2113,89.158609,121.103806,0.104487,0.572607,0.003006,0.736216,20000,0.31696,0.367556
2114,174.369561,134.225507,1.375278,0.563598,0.046072,1.299079,20000,0.31696,66.618445
2115,122.492203,129.201437,1.168861,0.428138,0.070406,0.948072,20000,0.31696,23.550638
2116,155.117237,180.470844,1.173404,0.360719,0.051864,0.859514,20000,0.31696,18.320472
2117,112.961403,146.705054,0.980227,0.432818,0.046774,0.76999,20000,0.31696,10.531707
2118,180.5829,142.32784,0.416179,0.116826,0.014982,1.268781,20000,0.31696,39.088896
2119,66.117176,52.33815,1.098071,0.206378,0.073156,1.263269,20000,0.31696,18.312909
2120,78.940794,63.578178,0.281441,0.438828,0.008059,1.241633,20000,0.31696,17.03232
2121,158.887961,129.417737,1.961615,0.445629,0.070082,1.227714,20000,0.31696,62.311608
2122,187.717382,170.681952,0.053426,0.302448,0.004315,1.099808,20000,0.31696,17.652232
2123,168.049034,164.951031,0.921485,0.497041,0.028082,1.018781,20000,0.31696,34.273892
2124,221.180683,192.911513,1.846776,0.563444,0.063382,1.14654,20000,0.31696,85.736007
2125,124.124698,123.861936,0.280248,0.154664,0.021617,1.002121,20000,0.31696,4.550858
2126,179.863826,146.830194,0.928454,0.596503,0.02112,1.224978,20000,0.31696,57.220605
2127,136.56795,144.458773,1.343207,0.419481,0.019423,0.945377,20000,0.31696,25.003035
2128,87.765963,76.966283,1.051869,0.381104,0.070419,1.140317,20000,0.31696,22.07519
2129,113.674012,123.588794,0.501992,0.569231,0.043229,0.919776,20000,0.31696,15.202098
2130,78.09042,84.777807,1.601862,0.204693,0.021835,0.921119,20000,0.31696,6.412036
2131,180.917223,144.060012,1.687971,0.454151,0.040105,1.255846,20000,0.31696,64.245118
2132,132.730122,138.755926,1.403728,0.550298,0.051134,0.956573,20000,0.31696,36.126644
2133,137.081401,161.856051,1.512405,0.467492,0.037388,0.846934,20000,0.31696,24.92546
2134,154.430253,189.350957,1.460194,0.564863,0.017611,0.815577,20000,0.31696,30.434448
2135,133.336525,182.531227,1.25255,0.14244,0.04784,0.730486,20000,0.31696,0.565296
2136,45.53251,64.650524,0.865326,0.464352,0.061438,0.704287,20000,0.31696,3.331074
2137,161.289244,127.021743,1.24757,0.526572,0.014646,1.269777,20000,0.31696,53.98631
2138,165.447605,132.798158,0.107399,0.389503,0.007729,1.245858,20000,0.31696,33.136008
2139,186.958553,183.20477,0.300083,0.369872,0.068899,1.02049,20000,0.31696,18.84296
2140,162.701556,132.663136,1.354386,0.571315,0.034178,1.226426,20000,0.31696,57.590881
2141,96.188896,79.162838,0.153858,0.546533,0.024114,1.215076,20000,0.31696,18.933181
2142,74.055783,70.873363,0.867449,0.282077,0.0651,1.044903,20000,0.31696,11.483583
2143,65.18057,63.680152,1.808021,0.375437,0.066918,1.023562,20000,0.31696,16.883904
2144,58.533347,66.727007,1.797262,0.360197,0.007526,0.877206,20000,0.31696,8.402261
2145,161.019879,197.315443,1.550766,0.549756,0.062369,0.816053,20000,0.31696,37.553722
2146,54.55367,50.077528,1.198962,0.360684,0.062842,1.089384,20000,0.31696,12.499746
2147,48.562939,57.723237,0.905136,0.194291,0.039034,0.841307,20000,0.31696,1.283649
2148,168.188019,154.318948,0.9015,0.164654,0.003393,1.089873,20000,0.31696,18.821745
2149,53.464884,67.121948,1.659397,0.504102,0.035187,0.796534,20000,0.31696,10.337411
2150,123.958815,106.328176,0.644714,0.328212,0.074718,1.165813,20000,0.31696,26.077364
2151,85.138769,120.864404,1.293209,0.359711,0.015249,0.704416,20000,0.31696,4.806647
2152,148.187803,192.972492,0.689919,0.458252,0.013249,0.767922,20000,0.31696,9.824839
2153,66.222568,87.008184,1.262942,0.440056,0.021321,0.761107,20000,0.31696,7.138715
2154,145.79543,128.261231,0.71647,0.218877,0.060507,1.136707,20000,0.31696,25.351192
2155,125.106719,139.475851,0.6715,0.160776,0.032792,0.896978,20000,0.31696,2.605988
2156,185.978463,162.850685,1.155652,0.313898,0.04313,1.142018,20000,0.31696,41.460256
2157,131.687153,119.075412,1.680537,0.34407,0.078082,1.105914,20000,0.31696,36.570157
2158,99.505069,113.594667,0.327144,0.560894,0.067009,0.875966,20000,0.31696,8.539878
2159,99.859498,122.56352,0.363741,0.324813,0.0533,0.814757,20000,0.31696,1.981971
2160,97.999446,132.274918,0.173111,0.141343,0.054558,0.740877,20000,0.31696,0.0
2161,65.407156,72.305416,0.955985,0.496969,0.044224,0.904596,20000,0.31696,10.850782
2162,91.524616,113.19025,1.171724,0.588359,0.030851,0.808591,20000,0.31696,17.37641
2163,101.14644,102.252713,1.323624,0.387478,0.013013,0.989181,20000,0.31696,18.451196
2164,198.572338,179.445671,0.676533,0.467174,0.0295,1.106588,20000,0.31696,41.48408
2165,166.475257,184.880143,0.607507,0.50641,0.005965,0.90045,20000,0.31696,19.851562
2166,231.850639,185.2024,1.012586,0.290644,0.003077,1.251877,20000,0.31696,55.029883
2167,102.053621,89.175875,0.833856,0.308096,0.007802,1.144408,20000,0.31696,18.304058
2168,211.82445,170.51754,0.317722,0.522377,0.049389,1.242244,20000,0.31696,50.910504
2169,59.113634,81.888892,1.981465,0.14527,0.017829,0.721876,20000,0.31696,0.470575
2170,108.257485,120.353118,0.07703,0.173571,0.036859,0.899499,20000,0.31696,0.029601
2171,130.797104,137.449648,0.770566,0.153351,0.071157,0.9516,20000,0.31696,7.462813
2172,72.79243,89.237833,1.989168,0.313923,0.009188,0.815713,20000,0.31696,7.731226
2173,115.777946,95.48134,0.634404,0.44059,0.071319,1.212571,20000,0.31696,29.983339
2174,247.326737,190.818428,1.984629,0.181725,0.011353,1.296137,20000,0.31696,64.390763
2175,172.378815,180.654107,1.412803,0.569754,0.073708,0.954193,20000,0.31696,49.161195
2176,164.603467,140.350368,1.790509,0.554486,0.024795,1.172804,20000,0.31696,59.464943
2177,174.321606,184.606749,0.914303,0.463632,0.053242,0.944286,20000,0.31696,29.911887
2178,161.131599,166.161769,1.640992,0.572633,0.031297,0.969727,20000,0.31696,47.51328
2179,185.266072,155.587344,1.75455,0.522507,0.019513,1.190753,20000,0.31696,64.480199
2180,87.338352,76.079424,0.557699,0.240272,0.017974,1.147989,20000,0.31696,13.659364
2181,170.012574,189.910007,0.900483,0.20592,0.015262,0.895227,20000,0.31696,6.794643
2182,126.792569,143.203885,1.392561,0.203502,0.077498,0.885399,20000,0.31696,11.519961
2183,211.513883,179.440787,0.733729,0.311893,0.050242,1.178739,20000,0.31696,44.781052
2184,191.455965,148.995938,1.177815,0.214347,0.024015,1.284974,20000,0.31696,49.393524
2185,127.406263,154.733855,0.545003,0.540539,0.039466,0.82339,20000,0.31696,12.202529
2186,173.060536,199.179089,1.624961,0.566102,0.010358,0.868869,20000,0.31696,41.967911
2187,177.114015,181.431575,0.675775,0.157783,0.047963,0.976203,20000,0.31696,9.941722
2188,154.486418,131.005146,0.395145,0.498575,0.023711,1.179239,20000,0.31696,33.082792
2189,91.303311,90.188068,1.660466,0.518889,0.060115,1.012366,20000,0.31696,28.386138
2190,228.367521,186.131092,0.939955,0.293727,0.000582,1.226918,20000,0.31696,50.201556
2191,58.340341,82.986742,1.009774,0.570753,0.047436,0.703008,20000,0.31696,7.388748
2192,112.148839,136.910958,1.999674,0.155058,0.047264,0.819137,20000,0.31696,5.280826
2193,117.585981,133.104475,1.505482,0.568475,0.047524,0.883411,20000,0.31696,29.740219
2194,55.022451,61.048392,0.073347,0.252084,0.075395,0.901292,20000,0.31696,0.141392
2195,126.509219,143.078394,0.833807,0.41391,0.06533,0.884195,20000,0.31696,15.11162
2196,70.177693,57.090931,0.645976,0.293367,0.038652,1.229227,20000,0.31696,15.559498
2197,118.160833,123.66471,1.800388,0.493414,0.011486,0.955494,20000,0.31696,28.640879
2198,79.051944,81.822328,1.225616,0.53882,0.018917,0.966141,20000,0.31696,18.408405
2199,110.433215,105.543707,1.096858,0.466058,0.05866,1.046327,20000,0.31696,27.126923
2200,98.40808,78.221485,1.588841,0.141899,0.052634,1.25807,20000,0.31696,26.752557
2201,162.657398,173.295347,1.677145,0.169686,0.016648,0.938614,20000,0.325954,11.746713
2202,165.289151,149.987901,1.80334,0.396387,0.051033,1.102017,20000,0.325954,47.488781
2203,212.696045,175.12918,0.412745,0.566755,0.016339,1.214509,20000,0.325954,51.316897
2204,108.055835,140.661935,1.373282,0.103299,0.048593,0.768195,20000,0.325954,0.290679
2205,104.186626,110.539781,0.874287,0.462271,0.041507,0.942526,20000,0.325954,17.183393
2206,133.770621,120.020572,0.922819,0.275619,0.025173,1.114564,20000,0.325954,23.072123
2207,84.323897,111.538577,0.479773,0.27886,0.079168,0.756007,20000,0.325954,0.939699
2208,54.478047,70.537478,0.116805,0.109988,0.048954,0.772328,20000,0.325954,0.0
2209,129.29138,102.92135,1.636453,0.10312,0.015765,1.256215,20000,0.325954,28.89821
2210,162.889645,146.121522,1.555058,0.255142,0.018766,1.114755,20000,0.325954,31.263605
2211,75.490159,99.88249,0.648334,0.321024,0.024162,0.75579,20000,0.325954,1.752987
2212,134.211275,153.981557,0.935648,0.594755,0.062272,0.871606,20000,0.325954,26.655552
2213,140.836874,185.431143,1.877316,0.107373,0.032919,0.75951,20000,0.325954,0.738361
2214,116.589493,140.085381,0.908838,0.531158,0.004653,0.832275,20000,0.325954,15.582088
2215,147.746989,166.055338,1.584925,0.146618,0.012587,0.889745,20000,0.325954,5.431893
2216,158.917481,170.910083,0.080011,0.548412,0.051949,0.929831,20000,0.325954,5.381051
2217,186.967095,186.225185,1.285774,0.116361,0.01616,1.003984,20000,0.325954,12.19717
2218,178.268846,184.628944,0.061397,0.405493,0.040187,0.965552,20000,0.325954,4.669863
2219,228.344088,199.621718,0.119642,0.344741,0.057107,1.143884,20000,0.325954,31.835735
2220,182.82681,151.16964,1.642972,0.481158,0.060127,1.209415,20000,0.325954,66.372614
2221,115.484552,99.651514,0.500856,0.250444,0.041368,1.158884,20000,0.325954,19.516564
2222,176.382041,162.253643,1.283674,0.184519,0.015759,1.087076,20000,0.325954,23.937023
2223,68.129761,88.394774,0.270057,0.167868,0.071334,0.770744,20000,0.325954,0.004134
2224,88.325386,97.001302,1.835948,0.396446,0.02463,0.910559,20000,0.325954,16.56613
2225,78.901881,92.482352,1.662412,0.507254,0.021049,0.853156,20000,0.325954,17.161317
2226,215.068799,197.523268,1.192026,0.306622,0.009032,1.088828,20000,0.325954,38.067621
2227,183.736075,166.298787,1.411055,0.364735,0.077221,1.104855,20000,0.325954,48.731031
2228,46.888507,54.745009,0.425497,0.328696,0.049742,0.856489,20000,0.325954,1.721567
2229,40.743455,52.026194,1.740397,0.177372,0.036846,0.783133,20000,0.325954,1.308047
2230,175.485845,169.354683,0.340368,0.302016,0.05779,1.036203,20000,0.325954,17.268945
2231,81.075274,63.142507,1.468682,0.473035,0.012198,1.284005,20000,0.325954,27.768501
2232,49.144384,69.13599,0.69731,0.436467,0.041059,0.710836,20000,0.325954,2.209941
2233,141.750118,113.947609,1.948668,0.201652,0.063565,1.243994,20000,0.325954,42.729798
2234,62.143501,80.0975,1.276709,0.575362,0.032882,0.775848,20000,0.325954,11.714587
2235,163.793103,164.728434,0.535768,0.342262,0.056908,0.994322,20000,0.325954,18.168979
2236,106.863565,92.806599,0.538823,0.299912,0.014111,1.151465,20000,0.325954,17.948225
2237,170.057677,151.837313,0.070997,0.197794,0.049697,1.119999,20000,0.325954,18.816524
2238,183.944387,193.295735,1.253304,0.272648,0.038435,0.951622,20000,0.325954,21.890654
2239,145.935645,169.828238,0.499037,0.304564,0.012395,0.859313,20000,0.325954,5.038567
2240,161.270354,150.060921,0.574406,0.480189,0.056077,1.074699,20000,0.325954,31.204647
2241,183.856278,155.499743,0.342763,0.182622,0.055536,1.182357,20000,0.325954,31.447174
2242,106.239156,84.736249,1.91889,0.201686,0.016551,1.253763,20000,0.325954,26.643091
2243,120.091821,142.147843,0.259746,0.425916,0.021041,0.844837,20000,0.325954,3.779011
2244,128.968284,168.673278,1.061754,0.56941,0.013434,0.764604,20000,0.325954,18.309422
2245,76.604236,74.055492,1.851026,0.4211,0.069582,1.034417,20000,0.325954,22.51663
2246,101.173701,87.469346,0.440836,0.497686,0.022833,1.156676,20000,0.325954,20.745227
2247,167.892992,139.817996,1.222992,0.105842,0.030488,1.200797,20000,0.325954,33.32049
2248,48.821366,63.977209,0.056773,0.43711,0.057846,0.763106,20000,0.325954,0.008181
2249,106.250953,114.819797,0.804226,0.570686,0.018185,0.925371,20000,0.325954,18.498593
2250,63.533076,51.908803,0.239904,0.402206,0.051334,1.223936,20000,0.325954,13.173137
2251,113.698295,141.129275,1.933394,0.521151,0.000307,0.805632,20000,0.325954,23.513003
2252,235.500315,182.75571,0.156421,0.27509,0.04761,1.288607,20000,0.325954,53.871618
2253,168.904819,164.365873,1.821916,0.328626,0.010256,1.027615,20000,0.325954,32.828184
2254,74.353664,67.171876,0.094702,0.441479,0.022993,1.106917,20000,0.325954,8.558465
2255,145.401502,195.405479,0.48306,0.352759,0.021408,0.744101,20000,0.325954,2.479241
2256,74.319634,62.133968,1.58275,0.287567,0.030359,1.196119,20000,0.325954,18.898001
2257,152.51665,138.192533,1.577118,0.421613,0.013611,1.103653,20000,0.325954,40.164855
2258,76.625746,70.808562,1.059434,0.527267,0.010022,1.082154,20000,0.325954,19.340945
2259,68.194108,86.833411,0.228683,0.479801,0.054881,0.785344,20000,0.325954,1.464496
2260,156.242737,185.873313,0.496909,0.555543,0.076795,0.840587,20000,0.325954,16.087817
2261,126.951313,133.009626,0.719294,0.578164,0.009187,0.954452,20000,0.325954,22.274959
2262,64.46005,52.059396,0.786042,0.413705,0.004355,1.238202,20000,0.325954,16.231249
2263,138.609342,136.253148,1.180397,0.333414,0.002955,1.017293,20000,0.325954,21.238446
2264,205.636286,177.162382,1.402717,0.220186,0.028451,1.160722,20000,0.325954,42.581538
2265,118.181374,167.831582,1.253494,0.236173,0.020285,0.704166,20000,0.325954,2.03191
2266,85.704263,105.536501,0.094622,0.408299,0.045719,0.812082,20000,0.325954,0.258027
2267,47.89114,50.082853,0.605986,0.318988,0.072698,0.956238,20000,0.325954,4.800729
2268,169.458436,157.377179,1.246766,0.203778,0.009675,1.076766,20000,0.325954,23.064641
2269,67.599887,60.548786,0.312791,0.467995,0.073324,1.116453,20000,0.325954,11.717592
2270,120.896331,96.42083,0.299579,0.539608,0.009727,1.25384,20000,0.325954,28.551252
2271,136.922272,133.840053,1.597075,0.52736,0.046196,1.023029,20000,0.325954,40.974891
2272,64.881235,58.894577,1.68012,0.280285,0.061134,1.10165,20000,0.325954,15.412899
2273,79.999916,88.144548,0.563615,0.486065,0.054753,0.907599,20000,0.325954,9.53218
2274,94.460333,87.701426,1.909212,0.194832,0.021416,1.077067,20000,0.325954,15.46982
2275,124.983479,117.885235,1.536311,0.279624,0.033121,1.060213,20000,0.325954,23.394123
2276,173.197976,139.540627,0.920654,0.525623,0.006229,1.241201,20000,0.325954,51.040024
2277,200.284023,175.857943,1.943392,0.225306,0.063449,1.138897,20000,0.325954,51.420529
2278,79.188417,90.636565,0.233635,0.501325,0.044991,0.873692,20000,0.325954,3.942697
2279,168.688378,198.737407,1.098437,0.141487,0.065841,0.8488,20000,0.325954,4.272627
2280,153.423018,148.190576,0.84341,0.566894,0.075512,1.035309,20000,0.325954,37.631114
2281,204.813281,167.661176,1.988163,0.3344,0.050819,1.22159,20000,0.325954,64.962333
2282,130.969356,134.232307,0.224845,0.250647,0.019652,0.975692,20000,0.325954,5.080758
2283,104.883498,122.090729,1.519112,0.24609,0.079176,0.859062,20000,0.325954,11.374856
2284,182.679932,164.864864,1.46114,0.30439,0.072354,1.108059,20000,0.325954,44.955872
2285,146.490237,157.682526,0.73876,0.385422,0.017944,0.92902,20000,0.325954,15.398868
2286,75.054944,102.195867,1.929465,0.199378,0.066745,0.734423,20000,0.325954,3.45035
2287,53.775325,56.442818,0.393715,0.563255,0.010712,0.95274,20000,0.325954,6.560262
2288,93.59044,79.755886,0.959915,0.440545,0.066635,1.173461,20000,0.325954,25.447293
2289,83.901434,80.832506,1.375927,0.559264,0.067294,1.037967,20000,0.325954,24.420324
2290,115.386328,97.713504,1.629137,0.57078,0.043668,1.180864,20000,0.325954,43.071332
2291,69.731432,82.035875,1.336029,0.174226,0.065638,0.850011,20000,0.325954,3.531254
2292,120.379141,99.61431,0.120522,0.120233,0.052663,1.208452,20000,0.325954,21.383823
2293,89.555061,81.650904,0.426353,0.219189,0.040659,1.096804,20000,0.325954,10.781598
2294,115.74011,105.130011,1.392857,0.1943,0.002846,1.100924,20000,0.325954,16.103354
2295,76.017539,84.347727,0.162286,0.248965,0.049514,0.90124,20000,0.325954,0.730104
2296,66.231169,67.525196,1.170145,0.565425,0.006669,0.980836,20000,0.325954,15.470764
2297,117.479464,98.021304,0.06119,0.564113,0.027178,1.198509,20000,0.325954,20.264139
2298,121.360381,116.293335,0.508286,0.504616,0.048384,1.043571,20000,0.325954,20.92604
2299,96.953683,93.913891,0.550952,0.173203,0.069031,1.032368,20000,0.325954,8.81136
2300,134.733375,165.882057,1.531424,0.261295,0.06127,0.812224,20000,0.325954,11.298217
2301,224.310094,183.609341,1.474762,0.33164,0.020223,1.22167,20000,0.320879,60.302388
2302,190.471117,159.007129,1.024411,0.475313,0.025362,1.197878,20000,0.320879,53.003085
2303,113.027829,140.643566,0.139955,0.579704,0.031015,0.803647,20000,0.320879,2.367692
2304,152.658223,163.54759,1.464474,0.579143,0.072576,0.933418,20000,0.320879,44.995256
2305,115.873059,98.169274,1.610029,0.423757,0.045925,1.180339,20000,0.320879,36.746326
2306,76.493166,107.100289,1.145399,0.11885,0.036705,0.71422,20000,0.320879,0.03869
2307,110.124635,120.431463,1.835369,0.142997,0.064449,0.914417,20000,0.320879,9.983733
2308,83.272148,101.430585,1.455699,0.27839,0.056488,0.820977,20000,0.320879,7.220551
2309,51.521569,58.568546,0.705761,0.501831,0.059325,0.87968,20000,0.320879,6.783312
2310,80.586318,97.200223,1.177962,0.594338,0.011007,0.829075,20000,0.320879,15.006413
2311,139.518602,189.2583,0.338819,0.500238,0.02018,0.737186,20000,0.320879,3.715345
2312,79.88679,62.511321,1.07048,0.581127,0.047127,1.277957,20000,0.320879,28.31667
2313,102.113447,126.688115,0.417246,0.306541,0.069329,0.806022,20000,0.320879,2.074739
2314,65.028584,69.262062,0.335995,0.333258,0.069233,0.938877,20000,0.320879,3.918241
2315,185.409554,142.646091,0.87785,0.464212,0.008707,1.299787,20000,0.320879,55.453054
2316,72.958996,68.14104,0.68864,0.449317,0.060088,1.070706,20000,0.320879,14.404603
2317,157.78502,186.202507,0.71734,0.404816,0.035463,0.847384,20000,0.320879,13.108224
2318,107.717026,84.035008,0.681917,0.563119,0.00558,1.281811,20000,0.320879,31.398565
2319,123.153715,152.821404,0.972509,0.476206,0.064498,0.805867,20000,0.320879,16.586755
2320,135.221227,129.056129,0.973212,0.359306,0.026032,1.047771,20000,0.320879,23.682715
2321,135.168951,130.327778,1.660789,0.567406,0.024508,1.037146,20000,0.320879,43.001323
2322,179.353605,145.699007,0.151231,0.169435,0.010146,1.230987,20000,0.320879,33.98558
2323,89.452951,121.187263,1.01827,0.19627,0.014972,0.738138,20000,0.320879,0.671426
2324,160.183237,194.261439,0.141282,0.233381,0.051857,0.824576,20000,0.320879,0.091137
2325,85.423126,121.024967,1.2525,0.199981,0.075646,0.705831,20000,0.320879,1.393833
2326,213.263084,182.160948,0.882647,0.254649,0.072115,1.17074,20000,0.320879,47.00704
2327,86.011167,103.934247,0.367371,0.524178,0.066556,0.827554,20000,0.320879,5.629998
2328,85.686704,102.145205,1.021007,0.257956,0.029331,0.838872,20000,0.320879,4.163852
2329,45.248775,60.970157,0.208967,0.555986,0.004437,0.742146,20000,0.320879,0.782898
2330,76.187094,62.160529,0.113096,0.518635,0.062052,1.225651,20000,0.320879,15.069057
2331,165.618513,143.831156,1.091308,0.309701,0.076918,1.151479,20000,0.320879,39.950841
2332,64.049477,60.298966,0.056187,0.298736,0.025054,1.062199,20000,0.320879,4.242795
2333,59.409992,83.209608,1.066061,0.321258,0.011283,0.71398,20000,0.320879,1.989673
2334,104.237654,107.858475,1.279692,0.300306,0.05379,0.96643,20000,0.320879,15.768185
2335,165.012514,175.967779,1.494215,0.188265,0.064036,0.937743,20000,0.320879,17.58231
2336,130.392537,129.118004,1.795636,0.106336,0.002933,1.009871,20000,0.320879,8.437189
2337,142.007813,150.52759,1.045423,0.299067,0.031937,0.943401,20000,0.320879,15.814184
2338,224.349653,190.479709,0.802511,0.228891,0.058213,1.177814,20000,0.320879,45.897658
2339,98.462561,136.128811,0.157955,0.158026,0.010294,0.723304,20000,0.320879,0.0
2340,110.92804,124.162873,1.476066,0.350366,0.052192,0.893407,20000,0.320879,17.192121
2341,102.124223,123.595865,1.849813,0.205562,0.04241,0.826275,20000,0.320879,6.915076
2342,65.492208,54.804737,0.972887,0.492033,0.009421,1.19501,20000,0.320879,18.172361
2343,92.549858,89.054767,1.254997,0.34288,0.066577,1.039247,20000,0.320879,19.596839
2344,161.947676,136.32587,0.157262,0.267011,0.004177,1.187945,20000,0.320879,25.745742
2345,136.215475,152.11242,0.997917,0.284364,0.070377,0.895492,20000,0.320879,12.972136
2346,47.068543,54.868671,1.755807,0.42389,0.046818,0.85784,20000,0.320879,9.33333
2347,173.170845,182.547647,1.024755,0.324456,0.001389,0.948634,20000,0.320879,19.301301
2348,116.130824,137.147473,1.041427,0.402821,0.010529,0.846759,20000,0.320879,12.083574
2349,47.341468,65.766068,0.404766,0.269668,0.075671,0.719846,20000,0.320879,0.160888
2350,66.502339,63.352769,1.231449,0.102172,0.064056,1.049715,20000,0.320879,8.481008
2351,48.218505,51.716365,1.335591,0.357005,0.053277,0.932365,20000,0.320879,7.768839
2352,161.651784,127.04976,0.456215,0.474177,0.046967,1.27235,20000,0.320879,42.402138
2353,86.983109,97.921706,0.095381,0.589215,0.044305,0.888292,20000,0.320879,2.666681
2354,165.055646,173.369074,0.838766,0.211021,0.01622,0.952048,20000,0.320879,10.198336
2355,150.02466,130.505868,0.302117,0.109043,0.006678,1.149563,20000,0.320879,19.754485
2356,174.786788,153.684655,1.695404,0.310428,0.024198,1.137308,20000,0.320879,41.92127
2357,212.28822,166.082058,0.293632,0.455961,0.020708,1.278213,20000,0.320879,50.680609
2358,251.944488,199.164908,1.332747,0.475863,0.033877,1.265004,20000,0.320879,83.725873
2359,141.018523,110.00152,1.83656,0.269497,0.036684,1.281969,20000,0.320879,42.235668
2360,89.484381,107.10314,0.107429,0.276717,0.004834,0.835497,20000,0.320879,0.085875
2361,123.228083,139.423188,1.602508,0.380537,0.06615,0.883842,20000,0.320879,22.762616
2362,108.621448,112.318966,0.288941,0.438112,0.039947,0.96708,20000,0.320879,9.169401
2363,119.598391,151.043741,1.946172,0.366757,0.059141,0.791813,20000,0.320879,18.550133
2364,183.177751,199.255129,1.839531,0.331808,0.007419,0.919313,20000,0.320879,28.055361
2365,102.250347,146.046882,1.855395,0.355293,0.063055,0.70012,20000,0.320879,10.82093
2366,135.474666,119.225288,1.815165,0.566675,0.055527,1.136291,20000,0.320879,50.408007
2367,113.155581,160.034419,1.193033,0.550692,0.056104,0.70707,20000,0.320879,16.35637
2368,62.066249,54.71789,0.979859,0.452694,0.047026,1.134295,20000,0.320879,15.573923
2369,185.429234,193.875469,0.803943,0.30207,0.011137,0.956435,20000,0.320879,17.467542
2370,117.117321,159.763341,1.048284,0.421718,0.053729,0.733068,20000,0.320879,9.713488
2371,63.607015,76.218232,1.173936,0.251728,0.012818,0.834538,20000,0.320879,3.104665
2372,156.777509,154.985682,1.208309,0.472791,0.058327,1.011561,20000,0.320879,37.837971
2373,147.076712,172.012095,0.938356,0.309434,0.025484,0.855037,20000,0.320879,10.21586
2374,163.19133,134.139301,0.706488,0.294478,0.004082,1.216581,20000,0.320879,33.575237
2375,152.707231,161.248603,1.934806,0.341594,0.040726,0.94703,20000,0.320879,30.488942
2376,105.598693,148.271524,1.194248,0.405887,0.047505,0.712198,20000,0.320879,8.320643
2377,171.475178,198.95416,0.065933,0.406878,0.072644,0.861883,20000,0.320879,0.740004
2378,112.707794,144.492056,0.269482,0.193152,0.07727,0.780028,20000,0.320879,0.049629
2379,120.563379,170.482201,0.678333,0.324198,0.059866,0.70719,20000,0.320879,2.312763
2380,163.412537,146.717402,0.571271,0.210209,0.015721,1.113791,20000,0.320879,21.521632
2381,147.667795,115.793576,0.306166,0.529531,0.033731,1.275268,20000,0.320879,37.327291
2382,122.961585,116.321544,0.254631,0.342242,0.00834,1.057083,20000,0.320879,11.967372
2383,189.496473,147.213253,1.283561,0.361522,0.062438,1.287224,20000,0.320879,61.219863
2384,195.397709,166.326417,1.629979,0.55268,0.046354,1.174785,20000,0.320879,71.49155
2385,70.588091,100.413848,1.124787,0.386456,0.050811,0.702972,20000,0.320879,4.582908
2386,81.210114,110.740312,0.951315,0.243801,0.035985,0.733338,20000,0.320879,1.260976
2387,170.120276,144.382583,0.605549,0.341418,0.03193,1.17826,20000,0.320879,34.458338
2388,101.186184,84.306601,1.134226,0.248988,0.042674,1.200217,20000,0.320879,23.739624
2389,122.557917,116.550345,0.587685,0.494119,0.073446,1.051545,20000,0.320879,23.806829
2390,66.945415,54.992202,0.60942,0.487771,0.061093,1.217362,20000,0.320879,17.854513
2391,86.36075,100.119313,1.460062,0.286943,0.079157,0.862578,20000,0.320879,10.865614
2392,209.365724,199.475466,1.543454,0.193161,0.066015,1.049581,20000,0.320879,36.569633
2393,171.173937,174.342261,0.209067,0.476877,0.026554,0.981827,20000,0.320879,14.109918
2394,197.442299,163.627057,0.444112,0.140153,0.043655,1.20666,20000,0.320879,36.925752
2395,108.216422,143.004082,0.573252,0.34614,0.07842,0.756737,20000,0.320879,3.220699
2396,96.186711,125.083963,0.625499,0.411673,0.072199,0.768977,20000,0.320879,5.283455
2397,228.568762,178.084848,0.506784,0.127265,0.053966,1.283482,20000,0.320879,55.492534
2398,82.999788,112.851357,0.842342,0.434336,0.03552,0.735479,20000,0.320879,5.267535
2399,128.92053,109.933112,1.094861,0.272576,0.051222,1.172718,20000,0.320879,29.423703
2400,147.259344,133.241795,0.296486,0.303334,0.045903,1.105204,20000,0.320879,19.227954
2401,80.086858,73.195133,1.614982,0.293944,0.037128,1.094156,20000,0.298749,17.155925
2402,85.553932,73.587637,1.796705,0.48793,0.066316,1.162613,20000,0.298749,30.860511
2403,46.192482,65.666982,0.299578,0.173551,0.042068,0.703435,20000,0.298749,0.000236
2404,77.202234,63.202548,0.073102,0.162837,0.025478,1.221505,20000,0.298749,14.138514
2405,84.100586,92.548021,1.772693,0.312247,0.045337,0.908724,20000,0.298749,13.069612
2406,156.211108,187.223801,0.534506,0.571146,0.013468,0.834355,20000,0.298749,15.863853
2407,81.307014,98.841321,1.661509,0.438088,0.026917,0.822601,20000,0.298749,13.443119
2408,221.776907,192.616353,0.591099,0.297815,0.045614,1.151392,20000,0.298749,40.209068
2409,173.837437,142.584007,1.531756,0.578038,0.072839,1.219193,20000,0.298749,70.362391
2410,144.589658,124.815203,1.291924,0.344548,0.079752,1.15843,20000,0.298749,39.879181
2411,174.832282,176.109426,0.889469,0.486462,0.075385,0.992748,20000,0.298749,36.385748
2412,84.248961,91.18681,1.049553,0.29938,0.046461,0.923916,20000,0.298749,9.199356
2413,247.323562,199.82158,1.921619,0.149876,0.051794,1.237722,20000,0.298749,67.643302
2414,185.222548,143.873097,1.133081,0.310662,0.042731,1.287402,20000,0.298749,53.484633
2415,112.518748,111.861758,1.301647,0.24889,0.065814,1.005873,20000,0.298749,17.569258
2416,240.997778,189.022023,1.540552,0.215466,0.045488,1.274972,20000,0.298749,68.053459
2417,186.151017,189.703832,1.127288,0.355487,0.015661,0.981272,20000,0.298749,27.68545
2418,146.598028,119.169157,0.498812,0.491469,0.07552,1.230168,20000,0.298749,38.046899
2419,166.625776,182.77605,0.47717,0.539716,0.07026,0.911639,20000,0.298749,20.398053
2420,127.048472,155.444885,0.365391,0.234671,0.03454,0.817322,20000,0.298749,0.878213
2421,101.935245,83.586439,0.702578,0.402438,0.078216,1.219519,20000,0.298749,26.657603
2422,155.343735,143.776314,0.366757,0.428706,0.050403,1.080454,20000,0.298749,23.670974
2423,116.437531,97.403369,0.385931,0.29444,0.041008,1.195416,20000,0.298749,21.751431
2424,111.624259,91.588546,1.153309,0.521748,0.020036,1.218758,20000,0.298749,34.937518
2425,131.349171,142.170115,1.310569,0.312739,0.025127,0.923887,20000,0.298749,15.97455
2426,195.660762,194.912442,1.505061,0.162132,0.012148,1.003839,20000,0.298749,17.317388
2427,131.612716,180.510181,0.269159,0.477458,0.033789,0.729115,20000,0.298749,1.977861
2428,130.47033,112.386212,1.006814,0.380281,0.05109,1.16091,20000,0.298749,32.483431
2429,137.209817,161.660715,1.528776,0.116449,0.032746,0.848752,20000,0.298749,2.566742
2430,115.809146,110.575131,1.951047,0.223769,0.049903,1.047334,20000,0.298749,22.662281
2431,235.802577,194.330388,1.114317,0.184335,0.05838,1.213411,20000,0.298749,55.233039
2432,58.832697,53.377485,1.449788,0.594965,0.031381,1.102201,20000,0.298749,19.809196
2433,145.871219,161.205067,0.189526,0.472308,0.076207,0.90488,20000,0.298749,6.986227
2434,107.63983,138.792619,0.984726,0.466573,0.05461,0.775544,20000,0.298749,11.967019
2435,149.123027,154.216415,0.617465,0.443619,0.005624,0.966972,20000,0.298749,18.797546
2436,49.078651,54.424112,1.02785,0.430894,0.02944,0.901781,20000,0.298749,7.130192
2437,119.868009,155.388814,1.148823,0.387287,0.022428,0.771407,20000,0.298749,9.763218
2438,172.720831,143.379282,0.35188,0.104354,0.030704,1.204643,20000,0.298749,30.994913
2439,87.578395,117.118201,1.507164,0.307874,0.026692,0.747778,20000,0.298749,5.872478
2440,122.368907,130.657724,1.360002,0.410732,0.035204,0.936561,20000,0.298749,22.427376
2441,165.361993,193.497379,1.423577,0.369397,0.022752,0.854596,20000,0.298749,21.078918
2442,151.742562,139.362881,0.763371,0.12786,0.046135,1.088831,20000,0.298749,18.345282
2443,128.370146,106.392904,0.542632,0.50206,0.010258,1.206567,20000,0.298749,30.746734
2444,143.898428,114.617151,0.324063,0.558096,0.022414,1.25547,20000,0.298749,35.884422
2445,92.836164,98.860072,1.688724,0.44084,0.035297,0.939066,20000,0.298749,20.478587
2446,189.582591,156.781551,1.184767,0.596402,0.013015,1.209215,20000,0.298749,62.762389
2447,154.759217,131.965555,0.238775,0.432438,0.066541,1.172724,20000,0.298749,28.161526
2448,130.59688,106.568402,0.571256,0.36738,0.061616,1.225475,20000,0.298749,31.069546
2449,226.033093,189.424576,1.768119,0.171867,0.032771,1.193262,20000,0.298749,51.380637
2450,216.774626,174.153732,1.749781,0.255179,0.001431,1.244731,20000,0.298749,53.127203
2451,163.549597,196.929993,0.525671,0.268066,0.00384,0.830496,20000,0.298749,3.214352
2452,75.526634,74.054249,0.173363,0.464244,0.064175,1.019883,20000,0.298749,6.972479
2453,172.093365,156.890184,0.682809,0.307673,0.0039,1.096903,20000,0.298749,25.555045
2454,73.91879,96.977847,0.740893,0.227115,0.012973,0.762223,20000,0.298749,0.680746
2455,143.910746,134.02992,0.216311,0.357859,0.057041,1.073721,20000,0.298749,16.101357
2456,165.711694,146.467108,1.47464,0.229843,0.056482,1.131392,20000,0.298749,36.672218
2457,186.776108,155.350676,0.498134,0.464802,0.032676,1.202287,20000,0.298749,42.457428
2458,119.568426,93.637772,1.082214,0.420489,0.052614,1.276925,20000,0.298749,36.84915
2459,68.74187,55.715065,0.447235,0.325464,0.053234,1.233811,20000,0.298749,15.283715
2460,61.938412,73.7372,0.33717,0.484241,0.005546,0.839989,20000,0.298749,3.187945
2461,63.722066,56.578618,0.815457,0.37625,0.030769,1.126257,20000,0.298749,12.819502
2462,107.521389,116.586731,1.147509,0.298812,0.072161,0.922244,20000,0.298749,13.732388
2463,144.311601,186.878302,1.531177,0.161635,0.056375,0.772222,20000,0.298749,3.415051
2464,132.567816,178.624944,1.149837,0.580895,0.013809,0.742157,20000,0.298749,19.323559
2465,90.483589,120.791948,0.507,0.573872,0.021711,0.749086,20000,0.298749,6.438825
2466,209.588634,182.072192,1.35145,0.256208,0.072224,1.151129,20000,0.298749,51.361231
2467,151.374783,132.659852,1.182431,0.345518,0.073955,1.141075,20000,0.298749,38.186138
2468,186.084746,155.898057,0.436116,0.316578,0.078083,1.193631,20000,0.298749,38.368773
2469,116.405062,101.592215,1.417618,0.460323,0.041082,1.145807,20000,0.298749,35.381251
2470,249.087325,192.87506,1.656962,0.262448,0.04822,1.291444,20000,0.298749,76.804186
2471,133.318366,118.254297,1.387391,0.338637,0.038999,1.127387,20000,0.298749,32.149026
2472,128.048387,151.079368,1.352002,0.334108,0.040849,0.847557,20000,0.298749,14.267549
2473,92.70007,95.010162,0.258907,0.403713,0.027895,0.975686,20000,0.298749,6.844434
2474,193.603274,161.582507,1.477691,0.316619,0.041408,1.19817,20000,0.298749,51.87661
2475,128.033663,110.783925,1.440073,0.195929,0.056125,1.155706,20000,0.298749,28.225174
2476,142.684511,156.144192,1.189564,0.581146,0.007543,0.9138,20000,0.298749,32.061246
2477,70.374086,64.276352,1.918881,0.353136,0.014779,1.094867,20000,0.298749,17.208107
2478,125.454537,154.6105,1.880693,0.338031,0.037865,0.811423,20000,0.298749,16.321732
2479,237.236351,183.889878,0.915033,0.283238,0.076905,1.2901,20000,0.298749,68.365001
2480,176.594166,176.977035,1.078176,0.177672,0.06654,0.997837,20000,0.298749,19.187498
2481,93.334471,78.7355,0.840823,0.267798,0.013315,1.185418,20000,0.298749,18.44873
2482,75.268477,99.010045,1.523753,0.213958,0.056387,0.760211,20000,0.298749,2.987857
2483,126.595774,106.943399,0.968003,0.148448,0.0441,1.183764,20000,0.298749,24.728215
2484,132.123403,115.062042,0.924261,0.175168,0.052957,1.14828,20000,0.298749,24.07188
2485,144.779512,136.092772,0.454386,0.2023,0.041292,1.06383,20000,0.298749,14.609061
2486,101.191199,84.499321,1.232075,0.257157,0.0758,1.197539,20000,0.298749,26.450589
2487,162.926256,139.914218,1.138446,0.307547,0.048146,1.164472,20000,0.298749,37.932375
2488,94.224911,117.082593,1.158624,0.204841,0.032969,0.804773,20000,0.298749,2.62593
2489,213.914625,172.799778,1.004793,0.300836,0.036653,1.237933,20000,0.298749,52.970981
2490,91.487239,88.60211,0.866856,0.156215,0.02838,1.032563,20000,0.298749,8.009818
2491,187.779644,145.999273,0.700264,0.45117,0.061473,1.286168,20000,0.298749,56.128143
2492,62.453694,65.555326,1.660073,0.118224,0.051878,0.952687,20000,0.298749,5.045323
2493,168.305499,174.868383,0.639613,0.122893,0.052797,0.96247,20000,0.298749,6.377812
2494,148.678219,177.721374,1.157144,0.371278,0.0404,0.83658,20000,0.298749,16.113907
2495,52.483655,64.04591,1.523283,0.316105,0.028758,0.819469,20000,0.298749,5.14614
2496,70.172369,55.608627,1.76878,0.586301,0.036999,1.261897,20000,0.298749,28.858774
2497,101.436599,131.992986,1.304799,0.384113,0.01259,0.7685,20000,0.298749,8.789822
2498,89.554935,95.37356,1.07668,0.184276,0.041085,0.938991,20000,0.298749,5.993972
2499,63.225367,84.01411,1.171316,0.304727,0.036695,0.752557,20000,0.298749,3.159701
2500,68.682554,86.803993,0.307449,0.492851,0.078146,0.791237,20000,0.298749,2.692206
2501,168.129165,199.246425,1.074032,0.132855,0.007179,0.843825,20000,0.323817,1.4291
2502,78.342089,94.912395,1.341908,0.431641,0.018142,0.825415,20000,0.323817,10.586359
2503,184.616508,160.958928,1.223135,0.12116,0.052237,1.146979,20000,0.323817,34.291489
2504,118.002692,118.367195,1.573133,0.583467,0.044345,0.996921,20000,0.323817,35.553272
2505,50.749228,62.783309,0.704071,0.453506,0.001809,0.808324,20000,0.323817,3.767247
2506,83.437802,85.803645,0.651979,0.354175,0.052186,0.972427,20000,0.323817,9.593958
2507,43.879372,52.435955,1.872195,0.141157,0.044453,0.836818,20000,0.323817,1.771012
2508,133.739364,135.145425,0.914215,0.307198,0.043464,0.989596,20000,0.323817,17.365009
2509,111.907816,142.707059,1.077659,0.449746,0.035423,0.784179,20000,0.323817,12.426159
2510,166.075745,189.691063,1.094624,0.246555,0.02845,0.875506,20000,0.323817,10.252555
2511,71.584373,73.091546,0.740811,0.508744,0.031471,0.97938,20000,0.323817,12.269524
2512,213.172554,171.290029,1.941653,0.578396,0.021346,1.244512,20000,0.323817,87.438084
2513,151.90053,152.11007,0.437929,0.355517,0.079954,0.998622,20000,0.323817,17.081524
2514,103.889664,140.687427,0.430145,0.40075,0.060198,0.738443,20000,0.323817,2.3594
2515,69.879857,80.183036,1.522203,0.105454,0.065387,0.871504,20000,0.323817,2.442086
2516,82.736004,104.038319,1.319773,0.418598,0.027729,0.795245,20000,0.323817,9.874561
2517,172.764035,140.965084,0.54768,0.449033,0.05519,1.22558,20000,0.323817,42.113509
2518,68.503733,88.398055,1.219432,0.471717,0.044105,0.774946,20000,0.323817,9.370988
2519,202.964813,170.68974,0.254209,0.155779,0.058092,1.189086,20000,0.323817,34.734395
2520,201.575507,162.499056,0.241091,0.159312,0.00923,1.240472,20000,0.323817,39.452927
2521,79.686104,88.158517,1.608272,0.370215,0.034287,0.903896,20000,0.323817,13.169662
2522,58.435775,76.25339,1.326941,0.406333,0.023908,0.766337,20000,0.323817,6.144034
2523,159.940753,139.211732,0.711759,0.370819,0.045972,1.148903,20000,0.323817,33.108499
2524,75.104325,86.836008,0.160911,0.41848,0.061057,0.864898,20000,0.323817,1.55935
2525,151.455077,130.236773,1.999912,0.192391,0.034951,1.162921,20000,0.323817,34.710908
2526,178.564185,193.255121,0.494949,0.43511,0.061916,0.923982,20000,0.323817,18.445348
2527,197.037623,152.60905,1.090087,0.384512,0.076981,1.291127,20000,0.323817,64.723171
2528,137.706887,107.36401,1.939321,0.376964,0.03138,1.282617,20000,0.323817,47.177756
2529,110.567314,89.869506,1.115194,0.471964,0.005528,1.23031,20000,0.323817,32.25138
2530,145.921654,118.262195,0.398336,0.215811,0.001355,1.233883,20000,0.323817,28.063636
2531,179.414658,186.217914,1.771628,0.243779,0.069976,0.963466,20000,0.323817,30.744213
2532,65.094192,58.6531,1.48055,0.175411,0.070702,1.109817,20000,0.323817,13.380052
2533,134.469591,145.883192,0.123271,0.280617,0.054591,0.921762,20000,0.323817,1.801089
2534,216.051956,183.287432,1.931666,0.304666,0.041733,1.17876,20000,0.323817,60.492196
2535,63.306245,64.23042,1.260041,0.53993,0.019666,0.985612,20000,0.323817,15.111706
2536,190.480442,196.946045,0.931187,0.247849,0.054138,0.967171,20000,0.323817,19.672019
2537,79.816303,112.571235,1.685626,0.426538,0.034787,0.709029,20000,0.323817,9.823953
2538,160.713671,194.225537,0.738929,0.350333,0.052574,0.827459,20000,0.323817,10.012594
2539,81.172518,70.815006,0.309365,0.258934,0.024359,1.146262,20000,0.323817,11.723109
2540,71.146078,78.959325,0.229995,0.391831,0.072525,0.901047,20000,0.323817,2.94582
2541,65.687709,67.390311,0.488714,0.532531,0.00418,0.974735,20000,0.323817,9.068767
2542,72.856029,62.675215,1.409498,0.131508,0.059253,1.162438,20000,0.323817,15.452799
2543,72.238314,62.698334,0.166232,0.53187,0.01229,1.152157,20000,0.323817,11.898496
2544,74.068359,71.67282,1.064253,0.375174,0.034644,1.033423,20000,0.323817,13.710649
2545,70.771638,58.860561,1.128474,0.102391,0.049629,1.202361,20000,0.323817,15.307724
2546,176.11501,164.602159,0.347501,0.155155,0.065855,1.069943,20000,0.323817,16.430928
2547,127.16323,105.005894,1.614241,0.271486,0.069014,1.21101,20000,0.323817,37.038338
2548,164.594106,157.382112,1.644,0.470943,0.063512,1.045825,20000,0.323817,48.688736
2549,97.297407,92.054923,1.348401,0.338744,0.019025,1.05695,20000,0.323817,18.684149
2550,87.034218,107.311534,0.568701,0.560984,0.056952,0.811043,20000,0.323817,8.964837
2551,193.71572,171.727372,0.125991,0.553693,0.014494,1.128042,20000,0.323817,28.206621
2552,145.289764,188.330167,1.318403,0.308013,0.047313,0.771463,20000,0.323817,9.94931
2553,176.083937,151.904279,0.223746,0.260375,0.004789,1.159177,20000,0.323817,25.403535
2554,126.99941,163.743515,0.21936,0.47813,0.06059,0.7756,20000,0.323817,2.227088
2555,109.615373,114.620982,1.500603,0.247049,0.05961,0.956329,20000,0.323817,15.339465
2556,162.688369,125.172356,1.509992,0.316683,0.078059,1.299715,20000,0.323817,56.39226
2557,104.102336,144.196663,0.414294,0.400291,0.050481,0.721947,20000,0.323817,1.869238
2558,163.313877,190.78476,1.439119,0.311226,0.033524,0.856011,20000,0.323817,17.69782
2559,140.519196,156.088803,1.394751,0.418034,0.072079,0.900252,20000,0.323817,27.230797
2560,178.061611,160.698943,0.941466,0.574533,0.065623,1.108045,20000,0.323817,52.22097
2561,191.819333,175.364827,1.094848,0.253911,0.062827,1.09383,20000,0.323817,36.374045
2562,87.355308,81.133685,1.893461,0.149153,0.058543,1.076684,20000,0.323817,16.387566
2563,86.520755,71.549732,0.11629,0.21345,0.045133,1.209239,20000,0.323817,15.362224
2564,206.941909,174.804512,1.790621,0.277822,0.001664,1.183848,20000,0.323817,47.327764
2565,140.484267,109.05307,1.650271,0.168572,0.058475,1.288219,20000,0.323817,41.34722
2566,154.351166,157.252399,0.958137,0.194314,0.026374,0.98155,20000,0.323817,12.280386
2567,160.697538,137.584219,1.513663,0.41824,0.023989,1.167994,20000,0.323817,45.029359
2568,40.924186,50.845616,1.103672,0.349715,0.053512,0.804871,20000,0.323817,3.449984
2569,141.223563,191.750941,1.449744,0.436606,0.009444,0.736495,20000,0.323817,14.995566
2570,94.849419,84.846802,0.06525,0.225384,0.052576,1.11789,20000,0.323817,10.329942
2571,221.988275,179.803366,1.14032,0.126567,0.07649,1.234617,20000,0.323817,57.363298
2572,124.645383,126.35284,0.273369,0.15448,0.072632,0.986487,20000,0.323817,4.34004
2573,175.395173,197.689282,0.786856,0.393397,0.008357,0.887227,20000,0.323817,17.056905
2574,97.387633,96.471503,1.122859,0.201595,0.07559,1.009496,20000,0.323817,13.121105
2575,232.103025,185.366962,1.695881,0.275134,0.054654,1.252127,20000,0.323817,71.269476
2576,108.966976,106.921501,1.168922,0.446054,0.054358,1.019131,20000,0.323817,24.783514
2577,220.715377,189.791787,0.311335,0.553413,0.028089,1.162934,20000,0.323817,44.965243
2578,47.34305,53.527834,0.856226,0.127413,0.059235,0.884457,20000,0.323817,0.952773
2579,77.862319,91.04989,0.629501,0.450042,0.023832,0.855161,20000,0.323817,6.840996
2580,158.080463,171.548498,1.198419,0.370603,0.030557,0.921491,20000,0.323817,22.153508
2581,178.354844,178.392197,0.127282,0.160745,0.064495,0.999791,20000,0.323817,4.862291
2582,177.497048,138.022953,1.873364,0.532956,0.068327,1.285997,20000,0.323817,75.705386
2583,68.919837,98.112617,1.232215,0.510333,1.9e-05,0.702456,20000,0.323817,7.291952
2584,193.206243,153.767852,0.7571,0.136965,0.030186,1.25648,20000,0.323817,43.192443
2585,140.449443,117.664043,1.689162,0.366699,0.044321,1.193648,20000,0.323817,42.279476
2586,70.215643,57.411185,1.21497,0.578488,0.041114,1.223031,20000,0.323817,24.587794
2587,51.330611,64.68223,0.086664,0.267346,0.010448,0.793581,20000,0.323817,0.002234
2588,104.186908,94.969078,0.85213,0.330907,0.063739,1.097061,20000,0.323817,20.293433
2589,211.784872,194.736613,0.406074,0.208384,0.017634,1.087545,20000,0.323817,22.603819
2590,236.769765,198.317387,0.455562,0.41317,0.019538,1.193893,20000,0.323817,49.177251
2591,182.770895,168.596578,1.764724,0.303456,0.050461,1.084072,20000,0.323817,43.91815
2592,214.251467,199.33399,1.21602,0.566714,0.078986,1.074837,20000,0.323817,65.939784
2593,81.999426,64.633365,1.236374,0.383194,0.051123,1.268686,20000,0.323817,25.200139
2594,85.242403,101.170348,0.181074,0.419442,0.018124,0.842563,20000,0.323817,1.530908
2595,72.29183,64.738709,0.446749,0.587116,0.023057,1.116671,20000,0.323817,15.197155
2596,162.180352,165.727569,0.943563,0.117626,0.065124,0.978596,20000,0.323817,10.787276
2597,143.120511,170.353764,0.658708,0.443583,0.054436,0.840137,20000,0.323817,13.083822
2598,77.462045,63.831606,1.673761,0.200883,0.063674,1.213537,20000,0.323817,21.409864
2599,66.118191,59.746928,1.425603,0.382526,0.038472,1.106638,20000,0.323817,16.437047
2600,120.386684,135.127638,0.993178,0.103814,0.072871,0.890911,20000,0.323817,2.846189
2601,62.452158,71.854848,0.052244,0.521272,0.049382,0.869143,20000,0.309002,0.478261
2602,115.769241,102.544828,0.891742,0.484978,0.011669,1.128962,20000,0.309002,27.620461
2603,132.782431,127.097823,1.508359,0.433426,0.015578,1.044726,20000,0.309002,30.970061
2604,86.860021,76.016704,0.586055,0.375802,0.062337,1.142644,20000,0.309002,17.417277
2605,117.387777,92.401041,0.327717,0.117989,0.024949,1.270416,20000,0.309002,25.808828
2606,185.552913,165.766954,0.320851,0.235958,0.028002,1.11936,20000,0.309002,23.635705
2607,73.554045,89.560374,0.15699,0.103194,0.071198,0.821279,20000,0.309002,0.0
2608,60.134658,82.895437,0.567166,0.384081,0.032129,0.725428,20000,0.309002,1.502065
2609,65.769944,59.417965,1.023463,0.356042,0.002953,1.106903,20000,0.309002,12.679672
2610,64.801623,52.172911,0.090689,0.34804,0.050579,1.242055,20000,0.309002,12.852215
2611,128.287245,125.129627,0.632876,0.290979,0.071781,1.025235,20000,0.309002,16.137439
2612,149.27984,174.181525,0.723596,0.216804,0.039219,0.857036,20000,0.309002,4.349042
2613,75.439513,100.357336,0.229181,0.564628,0.075758,0.751709,20000,0.309002,1.970729
2614,116.178009,93.080577,1.419516,0.569611,0.005692,1.248144,20000,0.309002,41.63938
2615,158.707398,165.12935,0.262771,0.198988,0.049824,0.96111,20000,0.309002,4.804753
2616,117.076388,122.337732,1.545285,0.415602,0.057456,0.956993,20000,0.309002,25.147322
2617,126.562639,161.487532,1.515552,0.28358,0.014585,0.78373,20000,0.309002,8.090783
2618,66.996911,59.052037,1.945321,0.124786,0.042372,1.13454,20000,0.309002,13.220551
2619,75.65694,61.229732,0.095307,0.466999,0.015102,1.235624,20000,0.309002,14.907285
2620,133.426307,188.228055,0.312001,0.389497,0.001697,0.708855,20000,0.309002,0.81588
2621,152.885451,176.085705,0.369696,0.338237,0.059056,0.868245,20000,0.309002,5.895318
2622,164.219096,188.661117,0.36185,0.37207,0.014895,0.870445,20000,0.309002,6.791369
2623,112.903293,140.248544,1.285655,0.473068,0.045976,0.805023,20000,0.309002,17.180384
2624,158.728104,130.956121,1.403917,0.294955,0.063441,1.212071,20000,0.309002,45.146272
2625,154.066698,129.249123,1.04707,0.517866,0.077518,1.192013,20000,0.309002,49.527935
2626,66.356931,73.852563,0.333213,0.391785,0.066896,0.898505,20000,0.309002,3.786113
2627,145.393965,142.307801,1.949344,0.45763,0.069144,1.021687,20000,0.309002,45.198488
2628,111.616417,112.574916,1.028547,0.39464,0.073603,0.991486,20000,0.309002,20.775119
2629,68.529527,92.928117,0.448027,0.210087,0.022617,0.737447,20000,0.309002,0.077887
2630,81.638375,105.71815,1.397427,0.550369,0.075462,0.772227,20000,0.309002,15.763291
2631,75.77749,64.951509,1.62645,0.54803,0.072473,1.166678,20000,0.309002,27.909276
2632,215.143766,190.33931,1.437458,0.597551,0.020367,1.130317,20000,0.309002,71.269987
2633,59.851714,73.03383,0.907412,0.42927,0.022977,0.819507,20000,0.309002,5.7748
2634,134.840369,167.97384,1.702768,0.130668,0.029438,0.802746,20000,0.309002,2.075606
2635,225.469141,186.708938,0.862092,0.521552,0.028852,1.207597,20000,0.309002,64.862742
2636,198.251593,198.352983,0.7174,0.318533,0.050886,0.999489,20000,0.309002,24.153246
2637,129.791759,102.28071,1.836226,0.326971,0.021438,1.268976,20000,0.309002,39.765117
2638,139.776314,163.09656,1.525765,0.177363,0.040172,0.857016,20000,0.309002,7.14347
2639,115.236192,106.68415,1.389579,0.406847,0.029667,1.080162,20000,0.309002,27.073338
2640,212.88873,173.075622,0.430335,0.521561,0.076867,1.230033,20000,0.309002,55.092484
2641,163.653554,170.100724,1.843368,0.436257,0.069546,0.962098,20000,0.309002,42.818837
2642,180.676138,141.854091,0.374061,0.519357,0.070634,1.273676,20000,0.309002,48.056499
2643,120.296076,98.822026,0.553476,0.470848,0.047095,1.2173,20000,0.309002,30.165365
2644,76.863518,90.281939,0.165569,0.491138,0.029769,0.851372,20000,0.309002,2.075369
2645,59.553511,58.648449,1.705996,0.108899,0.004018,1.015432,20000,0.309002,4.057923
2646,113.79067,98.087042,1.566305,0.586921,0.073852,1.160099,20000,0.309002,43.684703
2647,144.687381,199.23221,0.899612,0.314771,0.031233,0.726225,20000,0.309002,4.310784
2648,164.595473,177.942667,1.714649,0.416936,0.060933,0.924992,20000,0.309002,36.724816
2649,133.369049,105.702891,1.015629,0.459018,0.021834,1.261735,20000,0.309002,39.376973
2650,168.475702,161.29453,0.116861,0.510875,0.04005,1.044522,20000,0.309002,15.825963
2651,176.490977,168.74472,1.046491,0.474471,0.00973,1.045905,20000,0.309002,37.872826
2652,131.795826,122.365798,1.249686,0.323818,0.041829,1.077064,20000,0.309002,26.861696
2653,141.587772,167.571432,1.262587,0.236474,0.00281,0.84494,20000,0.309002,6.590769
2654,222.442527,190.473243,0.170841,0.158186,0.000873,1.167841,20000,0.309002,31.911702
2655,216.321099,166.587411,0.354383,0.475617,0.007212,1.298544,20000,0.309002,55.635355
2656,91.818633,129.17252,1.553962,0.174373,0.063996,0.710822,20000,0.309002,1.469368
2657,66.725795,53.820588,0.328319,0.598479,0.00857,1.239782,20000,0.309002,16.46209
2658,127.475127,158.417104,0.842166,0.304892,0.027575,0.80468,20000,0.309002,5.609646
2659,104.81451,89.918289,0.606971,0.319693,0.055409,1.165664,20000,0.309002,20.932024
2660,151.850063,150.624317,1.50902,0.328045,0.04234,1.008138,20000,0.309002,28.835893
2661,48.506835,60.08255,0.386188,0.248355,0.06027,0.807336,20000,0.309002,0.413327
2662,81.647709,86.724454,0.852891,0.547023,0.054836,0.941461,20000,0.309002,15.576658
2663,95.499443,103.066001,1.762824,0.378535,0.053572,0.926585,20000,0.309002,19.696019
2664,159.954749,136.061392,0.283856,0.567214,0.079956,1.175607,20000,0.309002,34.031486
2665,115.469157,153.737778,0.830373,0.251629,0.016292,0.751079,20000,0.309002,1.664999
2666,208.829222,191.200277,1.0246,0.359092,0.013415,1.092201,20000,0.309002,39.95713
2667,186.754539,155.396689,1.849076,0.555415,0.030781,1.201792,20000,0.309002,69.611593
2668,108.674772,130.0818,0.146305,0.282485,0.007815,0.835434,20000,0.309002,0.257975
2669,168.035173,152.949156,1.406642,0.159832,0.03564,1.098634,20000,0.309002,26.316988
2670,140.081953,133.276166,1.618377,0.52612,0.054926,1.051065,20000,0.309002,44.881304
2671,97.8472,119.085768,0.817932,0.219141,0.076854,0.821653,20000,0.309002,3.026293
2672,56.78342,76.427592,1.021515,0.458251,0.01472,0.74297,20000,0.309002,4.83789
2673,61.675369,64.621561,1.807413,0.59681,0.045973,0.954409,20000,0.309002,19.816969
2674,146.133666,155.292744,1.593315,0.511766,0.004525,0.941021,20000,0.309002,33.8796
2675,247.45744,198.591685,0.699658,0.403633,0.002521,1.246061,20000,0.309002,61.135511
2676,179.270514,172.826098,0.86551,0.191104,0.030203,1.037288,20000,0.309002,18.394313
2677,110.017302,122.670168,0.973306,0.217475,0.055793,0.896855,20000,0.309002,6.90836
2678,99.700125,83.436393,1.288139,0.101281,0.052502,1.194924,20000,0.309002,21.785384
2679,191.225586,188.837732,1.011529,0.312343,0.052698,1.012645,20000,0.309002,29.806137
2680,155.063191,160.896802,0.771292,0.164201,0.03023,0.963743,20000,0.309002,7.97983
2681,222.700681,186.920043,1.299315,0.567495,0.057538,1.191422,20000,0.309002,78.395999
2682,68.838142,82.800579,0.49401,0.316712,0.044412,0.831373,20000,0.309002,2.237494
2683,126.472488,176.36985,0.08106,0.583163,0.052837,0.717087,20000,0.309002,0.230316
2684,141.070228,152.243085,0.203544,0.421525,0.064971,0.926612,20000,0.309002,7.060602
2685,183.720608,147.025444,1.763674,0.201454,0.065434,1.249584,20000,0.309002,54.818981
2686,76.041483,78.564878,0.419047,0.562593,0.045189,0.967881,20000,0.309002,10.352198
2687,69.666737,61.136831,0.575191,0.136233,0.012982,1.139522,20000,0.309002,9.249038
2688,112.661814,139.737852,1.955141,0.539476,0.063078,0.806237,20000,0.309002,29.753817
2689,117.473958,97.128585,0.318372,0.551785,0.001769,1.209468,20000,0.309002,25.500561
2690,144.243048,123.968575,0.360282,0.29521,0.036738,1.163545,20000,0.309002,24.197764
2691,185.268154,199.236649,0.39895,0.573771,0.060992,0.92989,20000,0.309002,22.634044
2692,186.663184,147.555197,1.638173,0.207304,0.045916,1.26504,20000,0.309002,52.248514
2693,137.444962,123.18359,1.83258,0.285501,0.042508,1.115773,20000,0.309002,33.583446
2694,130.295042,135.553079,0.568025,0.348507,0.020055,0.96121,20000,0.309002,12.100474
2695,114.971443,144.767467,0.210432,0.518959,0.061392,0.79418,20000,0.309002,2.989606
2696,84.057959,94.170523,0.856186,0.52477,0.015086,0.892614,20000,0.309002,12.593225
2697,161.40621,192.041158,0.904936,0.465539,0.046806,0.840477,20000,0.309002,19.887934
2698,195.682715,187.774915,0.931012,0.321075,0.060716,1.042113,20000,0.309002,33.776192
2699,100.653762,87.207502,1.972337,0.564817,0.006828,1.154187,20000,0.309002,36.87824
2700,84.373571,88.6765,0.550186,0.302784,0.052128,0.951476,20000,0.309002,6.868345
2701,222.713201,192.900991,1.250353,0.53246,0.052162,1.154547,20000,0.369586,69.905717
2702,84.140815,88.322336,0.850354,0.132899,0.044555,0.952656,20000,0.369586,3.63478
2703,110.849207,142.385929,0.276659,0.591776,0.060581,0.778512,20000,0.369586,4.911349
2704,61.068283,61.050713,0.213277,0.466138,0.077663,1.000288,20000,0.369586,5.744675
2705,234.343296,186.43754,1.460857,0.247079,0.036416,1.256953,20000,0.369586,62.743634
2706,106.650148,87.106394,0.281546,0.536914,0.001373,1.224366,20000,0.369586,23.349326
2707,62.660106,58.559485,1.261778,0.280678,0.02731,1.070025,20000,0.369586,10.886582
2708,112.33088,107.875159,1.546172,0.375846,0.021833,1.041304,20000,0.369586,24.633408
2709,93.24129,75.929916,1.566859,0.11849,0.009747,1.227991,20000,0.369586,18.912658
2710,97.632264,125.408962,1.093001,0.529834,0.015547,0.778511,20000,0.369586,12.999512
2711,175.197369,195.906023,0.523633,0.564581,0.063006,0.894293,20000,0.369586,23.038224
2712,147.689205,128.002135,0.109128,0.245168,0.058066,1.153803,20000,0.369586,20.637197
2713,54.460032,73.079988,1.462239,0.263317,0.022118,0.745211,20000,0.369586,2.226084
2714,120.053151,166.583316,1.92492,0.367413,0.014395,0.720679,20000,0.369586,11.740139
2715,158.490438,162.76716,1.5638,0.57542,0.048451,0.973725,20000,0.369586,47.445137
2716,57.767089,53.592231,1.056258,0.295392,0.006317,1.0779,20000,0.369586,9.227169
2717,173.035533,135.904481,0.926854,0.439045,0.051949,1.273214,20000,0.369586,52.341725
2718,98.074361,109.333405,0.601615,0.303689,0.067885,0.897021,20000,0.369586,6.428013
2719,87.367505,78.313502,1.474833,0.30192,0.06272,1.115612,20000,0.369586,20.771054
2720,147.902234,141.251294,0.754237,0.381748,0.00409,1.047086,20000,0.369586,22.595462
2721,100.52648,92.177594,0.389645,0.534349,0.007171,1.090574,20000,0.369586,17.392735
2722,89.576972,80.594984,1.298896,0.38531,0.056871,1.111446,20000,0.369586,23.213098
2723,74.824151,60.681552,1.967015,0.512886,0.028001,1.233063,20000,0.369586,28.644489
2724,60.279887,81.768603,0.562259,0.496062,0.057503,0.737201,20000,0.369586,3.456961
2725,105.54733,113.96297,0.131149,0.535959,0.01106,0.926155,20000,0.369586,5.016768
2726,138.645616,178.127883,1.515764,0.579285,0.018985,0.778349,20000,0.369586,27.989291
2727,82.562352,97.421759,1.600869,0.449438,0.037729,0.847473,20000,0.369586,15.050656
2728,196.949032,194.097795,0.120074,0.557713,0.000449,1.01469,20000,0.369586,16.653661
2729,120.54661,170.017772,1.941398,0.314836,0.063547,0.709024,20000,0.369586,11.375197
2730,69.442237,78.465228,0.189426,0.465613,0.004095,0.885007,20000,0.369586,2.457278
2731,111.480181,117.780388,0.248634,0.460179,0.042219,0.946509,20000,0.369586,8.155064
2732,125.724281,171.110958,0.296684,0.411127,0.046662,0.734753,20000,0.369586,1.466296
2733,135.684174,141.51838,0.343117,0.232924,0.032624,0.958774,20000,0.369586,5.698756
2734,166.196734,160.116317,0.723142,0.571396,0.011101,1.037975,20000,0.369586,35.422985
2735,74.510679,64.088655,0.381281,0.388083,0.039875,1.162619,20000,0.369586,13.709638
2736,99.351917,76.484746,1.275384,0.372533,0.054369,1.298977,20000,0.369586,32.098165
2737,153.530452,155.810239,1.659717,0.564854,0.071359,0.985368,20000,0.369586,48.314017
2738,138.24339,195.143136,1.555736,0.588944,0.031772,0.70842,20000,0.369586,25.964198
2739,127.184783,179.050387,0.959863,0.516331,0.03626,0.71033,20000,0.369586,12.443248
2740,145.936844,190.024897,1.793739,0.174628,0.078287,0.767988,20000,0.369586,6.790585
2741,127.034382,138.171252,1.423601,0.458238,0.033318,0.919398,20000,0.369586,25.28489
2742,113.23123,146.059981,0.08627,0.373194,0.027753,0.775238,20000,0.369586,0.045723
2743,178.71223,169.417563,1.01083,0.458342,0.019605,1.054862,20000,0.369586,37.28059
2744,111.917358,100.075728,0.060772,0.578692,0.075033,1.118327,20000,0.369586,14.002088
2745,71.711515,75.08612,0.837441,0.214931,0.006254,0.955057,20000,0.369586,4.273966
2746,136.702056,169.605417,1.537871,0.248295,0.034821,0.806001,20000,0.369586,8.572946
2747,81.085983,98.942202,1.669468,0.164105,0.062412,0.819529,20000,0.369586,3.790288
2748,143.144188,159.869254,1.199232,0.446653,0.05578,0.895383,20000,0.369586,25.434956
2749,158.800341,144.609849,1.186554,0.226932,0.018572,1.098129,20000,0.369586,25.393914
2750,78.026811,88.674328,1.153988,0.155879,0.002444,0.879926,20000,0.369586,1.781226
2751,76.71604,82.054356,1.352664,0.251066,0.040619,0.934942,20000,0.369586,8.581719
2752,148.918777,138.449291,1.486025,0.258785,0.024685,1.07562,20000,0.369586,26.526035
2753,107.659787,101.342876,1.500238,0.288705,0.005782,1.062332,20000,0.369586,18.479663
2754,71.575296,75.198344,1.345131,0.456792,0.077925,0.95182,20000,0.369586,16.410709
2755,70.463446,91.201714,0.82208,0.357786,0.006569,0.772611,20000,0.369586,3.061577
2756,216.542241,172.53003,0.050394,0.222674,0.043514,1.255099,20000,0.369586,44.33996
2757,156.068538,122.626134,0.147603,0.193968,0.012684,1.272718,20000,0.369586,33.56399
2758,103.291733,147.230471,0.641305,0.210703,0.041023,0.701565,20000,0.369586,0.175555
2759,105.502299,142.621145,0.914469,0.58717,0.061525,0.739738,20000,0.369586,14.362567
2760,98.820593,85.485,1.162782,0.300226,0.016179,1.155999,20000,0.369586,20.725994
2761,114.75542,134.686322,1.006911,0.54655,0.054356,0.85202,20000,0.369586,20.474026
2762,143.107812,115.463704,1.562743,0.118443,0.040115,1.239418,20000,0.369586,35.089816
2763,195.391631,171.37924,0.594552,0.516341,0.073431,1.140113,20000,0.369586,47.004386
2764,173.748147,196.86357,0.489351,0.281697,0.022732,0.882582,20000,0.369586,6.108907
2765,174.299791,152.059547,1.261826,0.417782,0.075861,1.14626,20000,0.369586,50.178636
2766,190.665585,187.616642,1.085542,0.418424,0.008507,1.016251,20000,0.369586,34.747182
2767,84.810631,71.304084,0.30412,0.487168,0.075156,1.189422,20000,0.369586,17.912837
2768,57.186157,59.946202,1.621446,0.255094,0.012007,0.953958,20000,0.369586,6.641789
2769,89.29202,109.060991,1.069619,0.127961,0.07332,0.818735,20000,0.369586,1.241077
2770,203.956988,193.935811,1.221527,0.368599,0.011776,1.051673,20000,0.369586,39.077599
2771,92.649865,132.167125,1.966041,0.245355,0.037863,0.701005,20000,0.369586,4.295864
2772,55.639515,52.659811,0.939456,0.345976,0.051447,1.056584,20000,0.369586,10.029895
2773,121.850713,124.525425,1.998149,0.484456,0.018946,0.978521,20000,0.369586,33.273468
2774,190.33601,159.497856,0.389971,0.25694,0.035301,1.193345,20000,0.369586,34.450879
2775,136.621126,181.812719,1.885651,0.308969,0.020326,0.751439,20000,0.369586,11.073179
2776,96.88163,121.076779,1.408336,0.522648,0.042387,0.800167,20000,0.369586,18.068184
2777,81.375947,101.890663,1.188431,0.367929,0.040874,0.79866,20000,0.369586,7.563872
2778,95.72399,85.603016,1.921323,0.566935,0.048434,1.118232,20000,0.369586,36.092619
2779,108.203144,111.907358,0.259519,0.327222,0.071341,0.966899,20000,0.369586,6.355647
2780,115.111042,105.563435,1.505183,0.488237,0.045421,1.090444,20000,0.369586,34.437539
2781,56.268076,71.329941,0.4102,0.209806,0.018164,0.788842,20000,0.369586,0.163023
2782,66.94736,63.105571,1.071347,0.508678,0.021537,1.060879,20000,0.369586,16.129721
2783,181.290768,179.080288,0.215371,0.362002,0.063276,1.012344,20000,0.369586,14.425179
2784,98.144562,85.467208,0.43867,0.415471,0.029746,1.14833,20000,0.369586,18.37648
2785,209.397025,166.615933,1.535564,0.598932,0.018745,1.256765,20000,0.369586,81.912317
2786,162.653304,164.76334,0.900556,0.174407,0.04968,0.987194,20000,0.369586,13.364124
2787,85.352514,103.094035,0.207831,0.50129,0.000913,0.827909,20000,0.369586,2.421115
2788,204.985778,181.95291,1.193851,0.497277,0.069222,1.126587,20000,0.369586,60.978125
2789,122.713519,126.207032,1.176974,0.251891,0.01251,0.972319,20000,0.369586,12.510727
2790,140.032169,151.45109,1.675625,0.588991,0.013148,0.924603,20000,0.369586,37.752733
2791,79.710201,75.518205,0.66841,0.561625,0.06963,1.05551,20000,0.369586,17.738681
2792,67.437189,94.616144,0.991205,0.4527,0.019036,0.712745,20000,0.369586,4.939086
2793,104.743815,123.535647,0.312037,0.587757,0.069977,0.847883,20000,0.369586,8.055794
2794,138.73686,179.949308,0.666297,0.271444,0.016132,0.770977,20000,0.369586,2.272593
2795,187.969789,150.321014,1.865246,0.178549,0.06889,1.250456,20000,0.369586,57.334061
2796,171.70029,158.559591,1.170027,0.390962,0.00555,1.082875,20000,0.369586,35.058426
2797,76.752807,68.797941,0.340844,0.256665,0.033907,1.115627,20000,0.369586,10.005288
2798,216.462622,188.251117,1.918383,0.254883,0.042492,1.149861,20000,0.369586,53.428117
2799,76.674619,63.485637,1.222715,0.17272,0.021816,1.207747,20000,0.369586,15.649944
2800,221.824646,177.521235,0.238508,0.581904,0.006334,1.249567,20000,0.369586,52.014582
2801,238.154888,191.786514,0.286011,0.20172,0.007436,1.241771,20000,0.328511,46.785821
2802,79.014138,89.323625,0.61222,0.536206,0.067311,0.884583,20000,0.328511,10.37061
2803,87.324879,98.018337,0.205828,0.393136,0.040105,0.890903,20000,0.328511,2.809047
2804,174.293783,150.709006,1.175931,0.564394,0.006349,1.156492,20000,0.328511,52.616407
2805,133.389731,143.916773,0.489408,0.403281,0.056849,0.926853,20000,0.328511,12.417446
2806,126.407472,133.06793,0.268986,0.321914,0.001553,0.949947,20000,0.328511,5.71892
2807,52.599778,63.136409,1.728816,0.585282,0.013523,0.833113,20000,0.328511,12.649289
2808,146.224636,181.501717,0.270571,0.24375,0.038726,0.805638,20000,0.328511,0.449368
2809,108.225919,115.863763,1.15498,0.39872,0.019469,0.934079,20000,0.328511,16.145833
2810,141.648131,193.428269,0.510802,0.236253,0.05247,0.732303,20000,0.328511,0.54481
2811,108.684799,115.534902,1.419552,0.499206,0.055104,0.94071,20000,0.328511,26.432162
2812,246.9168,194.40699,1.025001,0.323722,0.07722,1.270102,20000,0.328511,73.995205
2813,83.953099,95.42287,1.890693,0.416273,0.072197,0.879801,20000,0.328511,19.04055
2814,122.280597,120.436446,0.486424,0.149121,0.011719,1.015312,20000,0.328511,6.482213
2815,102.11533,101.09311,1.01867,0.464042,0.062815,1.010112,20000,0.328511,21.710016
2816,41.421135,58.142082,0.70386,0.131329,0.06847,0.712412,20000,0.328511,0.006613
2817,191.551923,175.050162,0.207731,0.137113,0.003341,1.094269,20000,0.328511,17.022015
2818,119.543758,95.69455,1.281715,0.50298,0.032004,1.249222,20000,0.328511,39.680732
2819,153.566677,152.435889,1.254711,0.552444,0.050167,1.007418,20000,0.328511,41.637
2820,160.573267,189.995444,0.420712,0.324271,0.024674,0.845143,20000,0.328511,4.829148
2821,231.801299,180.636112,1.722829,0.394988,0.0166,1.28325,20000,0.328511,75.74502
2822,112.976188,102.775998,0.830932,0.319418,0.02954,1.099247,20000,0.328511,20.009275
2823,54.966343,53.024493,0.249551,0.323574,0.079126,1.036622,20000,0.328511,5.159545
2824,173.068454,192.92715,1.422065,0.366468,0.079244,0.897066,20000,0.328511,30.810627
2825,107.595935,141.799868,0.560913,0.22666,0.016425,0.758787,20000,0.328511,0.506318
2826,84.974442,65.715323,1.54066,0.580276,0.04239,1.293069,20000,0.328511,34.498486
2827,48.527702,67.248108,1.28932,0.353748,0.076658,0.721622,20000,0.328511,3.887538
2828,211.881102,188.909196,0.510749,0.418526,0.055742,1.121603,20000,0.328511,40.497822
2829,104.727801,116.173074,1.956524,0.500814,0.031266,0.901481,20000,0.328511,27.211983
2830,67.619263,70.326804,0.579541,0.233181,0.062487,0.961501,20000,0.328511,4.642805
2831,129.081094,129.465572,0.948332,0.450532,0.013025,0.99703,20000,0.328511,22.857337
2832,71.272372,94.645927,0.179433,0.182292,0.041581,0.753042,20000,0.328511,0.000442
2833,82.928515,80.550188,0.936711,0.379028,0.037608,1.029526,20000,0.328511,14.512403
2834,63.206002,54.082825,0.17553,0.29849,0.028298,1.168689,20000,0.328511,9.69318
2835,46.917775,57.497984,1.197754,0.404084,0.020839,0.81599,20000,0.328511,5.135279
2836,58.327987,60.141901,1.452306,0.235477,0.060013,0.969839,20000,0.328511,8.123558
2837,209.434504,172.473907,1.361439,0.253797,0.03439,1.214297,20000,0.328511,51.658648
2838,157.874213,177.725851,0.0963,0.447494,0.043462,0.888302,20000,0.328511,2.745995
2839,100.044705,126.002563,1.686681,0.466972,0.049619,0.793989,20000,0.328511,18.664834
2840,55.564037,64.561239,0.90344,0.157551,0.04434,0.860641,20000,0.328511,1.216803
2841,65.900383,67.254371,0.439298,0.222947,0.060765,0.979868,20000,0.328511,4.075472
2842,145.143772,144.531794,1.128898,0.546338,0.014519,1.004234,20000,0.328511,34.632399
2843,156.478984,165.73111,1.364683,0.269964,0.019851,0.944174,20000,0.328511,17.527244
2844,82.85163,85.355442,1.104278,0.521782,0.072978,0.970666,20000,0.328511,19.142293
2845,102.164671,96.765665,1.9047,0.506886,0.000616,1.055795,20000,0.328511,31.024646
2846,180.335345,176.625639,1.426587,0.595121,0.004253,1.021003,20000,0.328511,52.272653
2847,144.451015,160.02478,0.603787,0.517548,0.055367,0.902679,20000,0.328511,18.572692
2848,90.460855,75.833065,0.465262,0.524874,0.006966,1.192895,20000,0.328511,20.388676
2849,130.104211,108.866236,1.493885,0.270496,0.070352,1.195083,20000,0.328511,36.406631
2850,59.082543,83.585931,0.661131,0.373585,0.001624,0.706848,20000,0.328511,1.336761
2851,217.737842,185.858525,1.123826,0.10885,0.024623,1.171525,20000,0.328511,37.676616
2852,64.901853,65.583384,1.960785,0.361008,0.067553,0.989608,20000,0.328511,16.260732
2853,186.271069,190.84945,1.135207,0.422875,0.048872,0.976011,20000,0.328511,34.86635
2854,60.621021,53.938964,1.963594,0.378332,0.029495,1.123882,20000,0.328511,17.166454
2855,151.239644,128.515348,0.139323,0.322774,0.047439,1.176822,20000,0.328511,24.393902
2856,122.129509,111.011104,1.404216,0.242191,0.063278,1.100156,20000,0.328511,25.905586
2857,150.692638,157.019518,1.58072,0.568715,0.071598,0.959706,20000,0.328511,46.351503
2858,146.592001,170.628774,0.871939,0.240407,0.040874,0.859128,20000,0.328511,6.704068
2859,140.508906,118.118222,0.122706,0.147992,0.008598,1.189562,20000,0.328511,22.418984
2860,110.295609,107.467596,1.672124,0.574184,0.023542,1.026315,20000,0.328511,34.624886
2861,216.169883,171.952668,1.2908,0.501617,0.009367,1.257148,20000,0.328511,70.473239
2862,65.021544,62.759199,1.197969,0.570382,0.045075,1.036048,20000,0.328511,18.16464
2863,154.634364,171.152596,1.078624,0.119433,0.018632,0.903488,20000,0.328511,2.969696
2864,187.357743,152.009288,1.732779,0.232038,0.078579,1.232541,20000,0.328511,58.055353
2865,97.46125,98.931664,1.215734,0.150225,0.016026,0.985137,20000,0.328511,6.678957
2866,166.425078,131.272873,0.242281,0.398224,0.029712,1.26778,20000,0.328511,37.684404
2867,209.684607,191.81331,0.576126,0.207968,0.028425,1.09317,20000,0.328511,25.588812
2868,136.221444,130.249078,1.431395,0.55301,0.0038,1.045853,20000,0.328511,37.29665
2869,67.886756,73.264532,0.683765,0.492401,0.005924,0.926598,20000,0.328511,8.947752
2870,102.522215,129.757202,0.965028,0.223524,0.008054,0.790108,20000,0.328511,2.074725
2871,66.323765,90.210456,1.711734,0.202727,0.043598,0.735212,20000,0.328511,2.013242
2872,67.331282,57.98962,0.288066,0.533252,0.022176,1.161092,20000,0.328511,12.919396
2873,195.306988,172.011432,0.141367,0.145657,0.060071,1.13543,20000,0.328511,24.728108
2874,164.227848,155.782452,1.868822,0.138492,0.028614,1.054213,20000,0.328511,21.668064
2875,178.472471,170.842268,0.885519,0.584031,0.008038,1.044662,20000,0.328511,42.274735
2876,50.642716,69.901212,1.937049,0.521057,0.007208,0.72449,20000,0.328511,9.148982
2877,67.039603,63.351274,1.713485,0.344231,0.042601,1.05822,20000,0.328511,15.920863
2878,46.122386,54.323808,1.090853,0.200514,0.059556,0.849027,20000,0.328511,2.076336
2879,76.473487,84.166192,0.050039,0.254009,0.075289,0.908601,20000,0.328511,0.107012
2880,210.371521,192.001533,0.801937,0.398731,0.045568,1.095676,20000,0.328511,42.043574
2881,129.036678,139.379369,1.229086,0.353428,0.039613,0.925795,20000,0.328511,18.446316
2882,168.741517,131.843578,0.609632,0.188422,0.034329,1.279861,20000,0.328511,40.163742
2883,124.450849,145.596826,0.751262,0.135268,0.005551,0.854763,20000,0.328511,0.69062
2884,100.458442,103.586901,0.468922,0.108401,0.015872,0.969799,20000,0.328511,1.938253
2885,176.205437,169.814181,1.745151,0.474885,0.026289,1.037637,20000,0.328511,49.131456
2886,99.805933,125.374104,0.905892,0.491928,0.048419,0.796065,20000,0.328511,11.322015
2887,189.150033,198.637537,1.619419,0.486184,0.007016,0.952237,20000,0.328511,42.213143
2888,104.236981,87.559096,1.34848,0.560589,0.060995,1.190476,20000,0.328511,36.244127
2889,108.584779,102.589915,1.727829,0.280026,0.010544,1.058435,20000,0.328511,20.038401
2890,130.937371,102.141255,0.390771,0.47295,0.040283,1.281924,20000,0.328511,33.782693
2891,97.743309,91.475536,1.768171,0.151817,0.031144,1.068519,20000,0.328511,14.10598
2892,190.6335,150.437701,0.763269,0.498826,0.062054,1.267192,20000,0.328511,57.706812
2893,161.544813,133.843029,0.692898,0.211758,0.019322,1.206972,20000,0.328511,31.174296
2894,93.916722,82.771697,0.394677,0.385838,0.031715,1.134648,20000,0.328511,16.074244
2895,93.981613,128.5069,1.647488,0.228747,0.000443,0.731335,20000,0.328511,2.345614
2896,107.046741,109.150451,1.791118,0.168756,0.042533,0.980727,20000,0.328511,12.551707
2897,97.877681,96.972354,1.218804,0.304133,0.045374,1.009336,20000,0.328511,15.728909
2898,74.258778,61.955049,1.189041,0.298169,0.006448,1.198591,20000,0.328511,16.718259
2899,217.858779,170.270712,1.016914,0.431742,0.019602,1.279485,20000,0.328511,64.151746
2900,200.667093,198.728182,1.876978,0.514314,0.069722,1.009757,20000,0.328511,64.884308
2901,119.338206,95.733099,0.998733,0.255478,0.066958,1.246572,20000,0.328301,31.782452
2902,240.954311,199.216079,0.294762,0.508795,0.001114,1.209512,20000,0.328301,49.478055
2903,135.192481,145.570351,1.184657,0.254814,0.006832,0.928709,20000,0.328301,11.444528
2904,72.076461,96.326974,0.155569,0.313506,0.072779,0.748248,20000,0.328301,0.046961
2905,102.219021,133.288366,1.879134,0.475534,0.053374,0.766901,20000,0.328301,19.797862
2906,39.370395,55.574025,0.759242,0.17166,0.005263,0.708432,20000,0.328301,0.026122
2907,195.654616,156.036795,1.553097,0.545066,0.023709,1.2539,20000,0.328301,71.734313
2908,57.952298,69.386774,1.079775,0.175181,0.020559,0.835207,20000,0.328301,1.226337
2909,67.532067,61.919663,0.097639,0.204181,0.044079,1.09064,20000,0.328301,6.055275
2910,80.025605,111.025574,0.465904,0.455739,0.010777,0.720785,20000,0.328301,2.350087
2911,63.784305,87.818739,0.255725,0.587603,0.07741,0.726318,20000,0.328301,1.857902
2912,240.406404,196.445767,0.373518,0.502014,0.057925,1.22378,20000,0.328301,56.599633
2913,183.93016,167.427118,1.364907,0.261057,0.059242,1.098569,20000,0.328301,38.08452
2914,155.514751,165.634168,1.59059,0.262592,0.00171,0.938905,20000,0.328301,16.437611
2915,182.868782,167.888365,0.626559,0.432674,0.007344,1.089228,20000,0.328301,32.343979
2916,125.913227,100.942132,0.603747,0.300883,0.05087,1.24738,20000,0.328301,30.30509
2917,149.229815,145.019082,1.841159,0.583046,0.053682,1.029036,20000,0.328301,52.859164
2918,83.788233,106.10644,1.527419,0.203252,0.060715,0.789662,20000,0.328301,4.112272
2919,101.701751,109.733924,1.111307,0.557635,0.046012,0.926803,20000,0.328301,21.711275
2920,123.689766,151.962642,0.767861,0.177876,0.0557,0.813949,20000,0.328301,1.606263
2921,84.203286,64.878443,0.110256,0.225805,0.068953,1.297862,20000,0.328301,19.822853
2922,149.278636,120.419679,0.558244,0.415993,0.032224,1.239653,20000,0.328301,36.048705
2923,117.903787,93.652842,1.934691,0.193921,0.074028,1.258945,20000,0.328301,38.228093
2924,83.124678,77.154048,1.495464,0.262438,0.03617,1.077386,20000,0.328301,15.758787
2925,98.159511,94.402409,0.867075,0.101252,0.077515,1.039799,20000,0.328301,10.49865
2926,51.910468,50.80428,1.667189,0.39603,0.031029,1.021774,20000,0.328301,12.192896
2927,47.315147,51.750118,1.812556,0.521058,0.034924,0.9143,20000,0.328301,12.316438
2928,108.846299,102.944053,1.239177,0.213913,0.062934,1.057335,20000,0.328301,17.849333
2929,71.970913,76.784069,1.285627,0.333045,0.062807,0.937316,20000,0.328301,11.134844
2930,158.775031,195.501223,0.285175,0.193852,0.002873,0.812143,20000,0.328301,0.148655
2931,40.798237,54.05387,0.769435,0.243118,0.035462,0.75477,20000,0.328301,0.550759
2932,150.373591,123.935671,0.517178,0.414431,0.005882,1.21332,20000,0.328301,32.308635
2933,148.003312,142.13602,0.700213,0.207219,0.024303,1.041279,20000,0.328301,14.443358
2934,66.787621,86.952348,0.307371,0.297117,0.070358,0.768095,20000,0.328301,0.374928
2935,208.507144,189.425936,1.542459,0.190082,0.030254,1.100732,20000,0.328301,35.009116
2936,140.248353,137.639499,0.569167,0.428669,0.0172,1.018954,20000,0.328301,20.170925
2937,92.597109,108.079194,0.975393,0.258706,0.074327,0.856752,20000,0.328301,6.397501
2938,211.285348,188.059384,1.199181,0.403948,0.000283,1.123503,20000,0.328301,47.940692
2939,140.274023,108.338832,1.341419,0.585846,0.005543,1.294771,20000,0.328301,51.946933
2940,169.819671,130.698181,0.303752,0.150728,0.077701,1.299327,20000,0.328301,42.166401
2941,142.665163,147.263584,1.71837,0.377886,0.05571,0.968774,20000,0.328301,31.664047
2942,89.146683,74.67485,0.464621,0.262197,0.047345,1.193798,20000,0.328301,16.995465
2943,54.195608,53.421173,0.620232,0.121225,0.07905,1.014497,20000,0.328301,4.106223
2944,183.25576,183.581732,1.013691,0.313258,0.024522,0.998224,20000,0.328301,24.699271
2945,65.042533,82.702438,1.236113,0.189333,0.06568,0.786465,20000,0.328301,1.92351
2946,102.538178,107.431993,1.545831,0.100677,0.036869,0.954447,20000,0.328301,5.562716
2947,124.129985,117.463285,0.057275,0.165472,0.029643,1.056756,20000,0.328301,7.083279
2948,87.407572,95.289035,1.215388,0.35842,0.032911,0.917289,20000,0.328301,11.895225
2949,185.8999,192.992134,0.596857,0.308039,0.010601,0.963251,20000,0.328301,14.978209
2950,224.126405,188.215723,1.60771,0.188458,0.057945,1.190795,20000,0.328301,55.05419
2951,73.519503,65.617703,1.736247,0.294857,0.004545,1.120422,20000,0.328301,15.615307
2952,95.439535,87.817355,0.771838,0.504302,0.064605,1.086796,20000,0.328301,22.655398
2953,86.435788,77.242891,1.002217,0.136105,0.035349,1.119013,20000,0.328301,12.658361
2954,67.677836,69.939046,1.759873,0.209695,0.059166,0.967669,20000,0.328301,9.801506
2955,122.025208,97.402705,1.382292,0.216011,0.069645,1.252791,20000,0.328301,34.730146
2956,196.085189,159.032546,0.519884,0.43041,0.078108,1.232988,20000,0.328301,50.103133
2957,56.935729,59.209063,1.915182,0.586399,0.043883,0.961605,20000,0.328301,18.639452
2958,84.610575,68.226141,0.546155,0.150355,0.010091,1.240149,20000,0.328301,16.974094
2959,187.151112,168.416079,1.974049,0.320549,0.055427,1.111243,20000,0.328301,51.217103
2960,165.631211,197.678363,1.153289,0.413194,0.011853,0.837882,20000,0.328301,19.101294
2961,113.889189,133.430038,1.781015,0.178821,0.058399,0.85355,20000,0.328301,8.02078
2962,62.001412,83.969669,0.14974,0.308869,0.006614,0.738379,20000,0.328301,0.015226
2963,162.429879,151.222654,1.285189,0.417875,0.078726,1.074111,20000,0.328301,42.156827
2964,208.632702,197.817446,1.038443,0.166853,0.030919,1.054673,20000,0.328301,23.993869
2965,131.019517,174.706264,1.358256,0.351519,0.022543,0.749942,20000,0.328301,9.471961
2966,126.419687,120.511691,1.242016,0.546526,0.012406,1.049024,20000,0.328301,33.50905
2967,191.121947,187.502866,0.669643,0.113774,0.021229,1.019301,20000,0.328301,10.467188
2968,64.054251,59.888877,1.560096,0.114177,0.010038,1.069552,20000,0.328301,6.567632
2969,136.811994,152.568859,1.18138,0.276579,0.067853,0.896723,20000,0.328301,14.56026
2970,68.209992,90.840745,0.766054,0.202961,0.039926,0.750874,20000,0.328301,0.472636
2971,127.68735,176.58408,0.154466,0.452968,0.04063,0.723097,20000,0.328301,0.411931
2972,81.820996,63.859071,0.502033,0.101168,0.032587,1.281274,20000,0.328301,19.059208
2973,212.991442,172.463034,1.789549,0.549764,0.030847,1.234998,20000,0.328301,80.180736
2974,130.660605,119.763961,0.82775,0.470328,0.019465,1.090984,20000,0.328301,27.933489
2975,72.153527,102.97571,1.398763,0.103481,0.038078,0.700685,20000,0.328301,0.021958
2976,118.086865,147.282197,1.349312,0.246781,0.031895,0.801773,20000,0.328301,6.039649
2977,79.863192,76.7911,0.930194,0.340316,0.03024,1.040006,20000,0.328301,13.150034
2978,95.087821,79.392801,1.462787,0.59197,0.066516,1.197688,20000,0.328301,36.910954
2979,138.170669,186.267772,0.931383,0.112559,0.038498,0.741785,20000,0.328301,0.048184
2980,103.937606,147.255381,0.843958,0.464502,0.042362,0.705832,20000,0.328301,7.018575
2981,101.574719,103.510189,0.706667,0.516248,0.06382,0.981302,20000,0.328301,18.832808
2982,199.60985,182.135783,0.077397,0.130804,0.065682,1.09594,20000,0.328301,18.422959
2983,166.648346,162.595991,1.057688,0.15037,0.035618,1.024923,20000,0.328301,15.911356
2984,189.651842,185.768255,1.118209,0.266337,0.069721,1.020906,20000,0.328301,29.73793
2985,136.754547,144.837321,1.305574,0.157373,0.037275,0.944194,20000,0.328301,9.268361
2986,213.425299,191.628352,1.340876,0.169051,0.04205,1.113746,20000,0.328301,36.267943
2987,146.155374,165.011878,1.893779,0.228158,0.003636,0.885726,20000,0.328301,11.6172
2988,76.559326,72.87766,1.709654,0.251242,0.01239,1.050518,20000,0.328301,12.567626
2989,45.248013,51.613645,1.301307,0.283276,0.00158,0.876668,20000,0.328301,3.548028
2990,157.352601,152.315822,1.788908,0.489301,0.066231,1.033068,20000,0.328301,48.248749
2991,74.461962,66.672034,1.192142,0.573869,0.035016,1.11684,20000,0.328301,22.716514
2992,73.344564,79.55674,0.110138,0.523359,0.031056,0.921915,20000,0.328301,2.833449
2993,86.552871,76.717748,1.155532,0.446262,0.035765,1.128199,20000,0.328301,22.037305
2994,60.112493,71.440664,0.056572,0.52879,0.044618,0.841432,20000,0.328301,0.329978
2995,106.161313,82.562626,1.687735,0.345147,0.04952,1.285828,20000,0.328301,36.103364
2996,73.834453,96.800659,1.046035,0.316892,0.06495,0.762747,20000,0.328301,4.194428
2997,75.367033,66.342362,1.538114,0.369556,0.005936,1.136032,20000,0.328301,18.125817
2998,159.983475,161.258619,0.674957,0.59644,0.040447,0.992093,20000,0.328301,32.214719
2999,128.655057,106.108086,1.295517,0.137252,0.027731,1.212491,20000,0.328301,26.872199
3000,119.217194,129.709652,0.232039,0.586414,0.000639,0.919108,20000,0.328301,9.328225
3001,127.800676,102.314889,1.37394,0.112252,0.03509,1.249092,20000,0.298273,30.154689
3002,104.072237,115.120004,0.171248,0.473335,0.044524,0.904033,20000,0.298273,4.37527
3003,108.369178,128.82132,0.528875,0.352093,0.042328,0.841236,20000,0.298273,5.170894
3004,76.955883,103.915114,1.54691,0.15106,0.064535,0.740565,20000,0.298273,1.208427
3005,178.419557,145.720127,0.227471,0.391955,0.073483,1.224399,20000,0.298273,37.008108
3006,170.188524,178.728704,1.673204,0.233811,0.017762,0.952217,20000,0.298273,19.103965
3007,206.493539,183.841608,0.208102,0.162232,0.024528,1.123214,20000,0.298273,24.119821
3008,168.828864,159.191,1.623876,0.47953,0.034262,1.060543,20000,0.298273,47.350561
3009,121.254423,142.445677,0.155868,0.197037,0.06068,0.851233,20000,0.298273,0.100685
3010,49.350881,50.028259,0.75238,0.192309,0.05191,0.98646,20000,0.298273,3.939696
3011,154.372186,150.781911,1.169969,0.496331,0.001876,1.023811,20000,0.298273,34.441546
3012,115.599307,150.636258,0.570613,0.145884,0.027805,0.767407,20000,0.298273,0.055938
3013,204.822419,167.094887,1.907435,0.19145,0.021759,1.225785,20000,0.298273,49.174077
3014,136.063828,132.593396,0.14523,0.338364,0.03481,1.026173,20000,0.298273,9.072183
3015,104.515791,115.864476,1.40295,0.284898,0.027707,0.902052,20000,0.298273,11.393874
3016,131.452195,124.880175,1.971565,0.305588,0.013436,1.052627,20000,0.298273,26.474655
3017,204.326264,161.633884,0.8945,0.240071,0.050556,1.26413,20000,0.298273,51.693024
3018,193.74263,149.473548,1.521498,0.427034,0.068297,1.296167,20000,0.298273,70.446449
3019,176.308512,179.384077,0.67976,0.115128,0.077163,0.982855,20000,0.298273,10.055698
3020,109.905358,128.753326,1.775669,0.449052,0.038413,0.853612,20000,0.298273,22.451453
3021,117.431461,139.725079,1.181541,0.261597,0.068119,0.840447,20000,0.298273,9.097867
3022,101.029988,112.811659,1.831036,0.183138,0.067627,0.895563,20000,0.298273,10.546574
3023,150.823813,165.155547,1.625587,0.474677,0.054543,0.913223,20000,0.298273,35.3161
3024,137.281765,156.442805,0.884159,0.437466,0.064763,0.87752,20000,0.298273,18.682341
3025,84.116453,77.03785,1.205108,0.410619,0.053887,1.091885,20000,0.298273,20.899127
3026,177.702856,167.442949,0.315069,0.387542,0.06284,1.061274,20000,0.298273,22.620062
3027,123.805438,106.89617,0.292051,0.153768,0.006058,1.158184,20000,0.298273,17.335913
3028,88.995485,120.622597,1.481299,0.119435,0.016159,0.737801,20000,0.298273,0.160125
3029,43.080816,58.613905,1.605717,0.53731,0.061597,0.734993,20000,0.298273,8.888939
3030,150.886168,155.778686,0.224158,0.468253,0.070874,0.968593,20000,0.298273,12.016031
3031,162.601832,186.276081,1.013271,0.271848,0.011618,0.872908,20000,0.298273,10.21288
3032,79.027135,112.510073,0.829303,0.279587,0.026052,0.702401,20000,0.298273,1.087904
3033,96.074823,110.348562,0.986647,0.333091,0.045688,0.870649,20000,0.298273,8.985846
3034,149.518545,158.839602,0.558799,0.587934,0.063809,0.941318,20000,0.298273,24.561231
3035,93.562935,87.939298,0.450077,0.441063,0.03337,1.063949,20000,0.298273,14.296688
3036,224.512928,191.125339,1.548567,0.556573,0.028766,1.174689,20000,0.298273,79.173967
3037,128.64704,169.856712,0.812861,0.497721,0.054238,0.757386,20000,0.298273,12.563929
3038,165.141393,175.095491,1.560841,0.399752,0.056286,0.94315,20000,0.298273,34.230908
3039,54.491065,59.365584,0.059144,0.151034,0.029676,0.91789,20000,0.298273,0.007669
3040,80.234769,73.172253,0.841946,0.472876,0.043495,1.096519,20000,0.298273,18.324641
3041,146.570602,152.862904,1.731608,0.594142,0.05805,0.958837,20000,0.298273,47.308842
3042,153.098198,118.218988,0.555755,0.1702,0.058799,1.295039,20000,0.298273,38.650768
3043,112.497054,112.797303,0.86924,0.173797,0.048985,0.997338,20000,0.298273,9.486691
3044,195.921007,166.516582,1.069003,0.185796,0.054764,1.176586,20000,0.298273,41.225964
3045,169.252933,151.072099,1.96012,0.455141,0.007422,1.120345,20000,0.298273,52.078944
3046,130.794263,103.332541,1.705048,0.469581,0.055703,1.265761,20000,0.298273,48.704773
3047,126.189252,178.952123,0.266079,0.288207,0.025348,0.705156,20000,0.298273,0.078676
3048,91.158359,95.974879,0.200536,0.511204,0.073966,0.949815,20000,0.298273,6.926495
3049,80.432376,109.137021,1.183604,0.398397,0.002833,0.736985,20000,0.298273,5.787282
3050,141.667106,121.067995,1.786084,0.219656,0.027859,1.170145,20000,0.298273,31.762106
3051,82.323218,85.72849,1.796269,0.523062,0.076794,0.960278,20000,0.298273,25.547945
3052,145.86606,124.106161,0.424211,0.418991,0.053592,1.175333,20000,0.298273,30.366926
3053,163.220863,187.154246,0.918297,0.35646,0.014061,0.872119,20000,0.298273,13.932166
3054,48.225084,50.404924,1.702404,0.216321,0.076971,0.956753,20000,0.298273,7.40746
3055,113.874601,101.696116,0.368122,0.208381,0.003446,1.119754,20000,0.298273,13.643765
3056,68.700094,70.916361,0.714405,0.508458,0.066283,0.968748,20000,0.298273,12.029944
3057,115.554475,115.340891,1.809527,0.434686,0.007744,1.001852,20000,0.298273,27.113843
3058,215.620577,193.246703,0.896954,0.424395,0.002035,1.115779,20000,0.298273,46.186334
3059,104.506552,114.902818,0.649243,0.47387,0.016703,0.909521,20000,0.298273,12.108128
3060,63.540123,67.315993,0.980294,0.505723,0.078601,0.943908,20000,0.298273,13.0172
3061,217.872488,180.334005,1.523905,0.446885,0.043111,1.208161,20000,0.298273,71.623342
3062,168.876817,159.832195,1.933988,0.436322,0.031392,1.056588,20000,0.298273,47.864161
3063,72.3931,80.366008,0.685636,0.374064,0.027791,0.900793,20000,0.298273,6.443832
3064,93.247259,122.495442,0.8208,0.392032,0.0649,0.76123,20000,0.298273,6.001261
3065,185.502454,151.657084,0.536042,0.479875,0.024161,1.22317,20000,0.298273,45.625016
3066,90.06897,81.899936,0.474535,0.242235,0.070802,1.099744,20000,0.298273,12.790771
3067,159.777979,162.252352,1.972196,0.102485,0.072453,0.98475,20000,0.298273,21.216512
3068,96.993729,81.57659,0.103529,0.568443,0.033426,1.18899,20000,0.298273,17.062881
3069,192.074079,148.578194,0.144801,0.250634,0.077889,1.292747,20000,0.298273,45.300271
3070,57.819579,62.033423,1.40971,0.418374,0.028896,0.932071,20000,0.298273,10.853018
3071,163.784912,161.130737,0.573439,0.543897,0.022531,1.016472,20000,0.298273,29.04226
3072,91.330229,83.810013,1.388813,0.452586,0.074142,1.089729,20000,0.298273,26.209581
3073,113.670594,114.8822,0.277751,0.167645,0.038376,0.989453,20000,0.298273,3.939342
3074,78.641646,81.087241,1.420644,0.212908,0.004973,0.96984,20000,0.298273,7.173627
3075,61.072053,54.543244,1.018676,0.549542,0.056404,1.1197,20000,0.298273,17.369361
3076,164.769231,134.832284,0.481087,0.349181,0.079465,1.222031,20000,0.298273,38.050468
3077,56.935624,62.407239,0.733928,0.222433,0.078572,0.912324,20000,0.298273,3.545295
3078,125.922631,137.843494,0.71352,0.407038,0.035592,0.913519,20000,0.298273,13.899056
3079,98.671703,123.957658,1.114263,0.227601,0.049258,0.796011,20000,0.298273,3.589578
3080,134.534891,185.585874,0.42184,0.19745,0.017079,0.72492,20000,0.298273,0.03326
3081,169.197845,191.213206,1.355087,0.195061,0.070352,0.884865,20000,0.298273,13.642441
3082,169.525809,135.613686,1.628826,0.468679,0.052604,1.250064,20000,0.298273,61.319533
3083,71.875369,96.23031,0.527724,0.140411,0.013233,0.74691,20000,0.298273,0.008529
3084,120.202844,156.033217,1.178072,0.281526,0.059607,0.770367,20000,0.298273,6.658878
3085,161.170619,138.006621,1.924811,0.235523,0.077799,1.167847,20000,0.298273,46.724251
3086,147.639202,167.871772,0.208502,0.377061,0.056494,0.879476,20000,0.298273,3.944477
3087,122.863741,123.364116,1.663377,0.192457,0.005305,0.995944,20000,0.298273,12.367781
3088,155.315579,199.325227,0.731996,0.476967,0.019272,0.779207,20000,0.298273,12.076832
3089,178.512019,194.455356,1.83074,0.102602,0.018803,0.91801,20000,0.298273,6.153896
3090,102.466042,95.884786,1.901552,0.108584,0.021114,1.068637,20000,0.298273,12.319079
3091,85.833645,111.608697,0.614322,0.336353,0.065035,0.769059,20000,0.298273,2.753348
3092,130.442284,114.288964,1.658552,0.510473,0.01265,1.141338,20000,0.298273,40.814545
3093,165.321846,142.840755,1.853703,0.306801,0.079106,1.157386,20000,0.298273,51.144002
3094,133.425947,115.545618,1.106995,0.219767,0.076322,1.154747,20000,0.298273,29.789781
3095,99.451094,123.024196,1.965901,0.254451,0.009262,0.808386,20000,0.298273,7.303307
3096,57.37543,52.701663,1.07817,0.273251,0.07254,1.088683,20000,0.298273,11.17596
3097,78.682613,67.323775,0.655994,0.271182,0.00343,1.16872,20000,0.298273,13.764008
3098,86.42523,72.680128,0.053254,0.248028,0.04143,1.189118,20000,0.298273,13.850768
3099,106.97251,94.902775,0.259119,0.393576,0.062841,1.12718,20000,0.298273,16.3766
3100,80.952361,80.55442,1.116673,0.326045,0.068771,1.00494,20000,0.298273,14.239846
3101,97.562309,129.293577,1.097904,0.231189,0.068182,0.75458,20000,0.305838,2.838804
3102,69.521822,94.052451,1.469025,0.113445,0.063062,0.739181,20000,0.305838,0.322183
3103,86.497167,88.017971,0.870431,0.385277,0.001891,0.982722,20000,0.305838,11.514406
3104,89.663138,115.119216,1.761312,0.533767,0.021412,0.778872,20000,0.305838,18.250982
3105,102.36149,116.959855,1.262661,0.331476,0.043209,0.875185,20000,0.305838,11.996556
3106,107.893339,122.408064,0.784461,0.388898,0.036056,0.881423,20000,0.305838,10.561269
3107,100.81909,129.073392,1.033636,0.453798,0.068115,0.781099,20000,0.305838,12.013403
3108,122.295932,113.112175,0.315418,0.467916,0.029612,1.081192,20000,0.305838,17.84646
3109,191.042625,173.098527,1.928659,0.23822,0.056353,1.103664,20000,0.305838,44.246159
3110,122.961021,115.876968,0.62795,0.216484,0.065808,1.061134,20000,0.305838,15.170652
3111,129.02684,136.282385,0.43686,0.276426,0.013901,0.946761,20000,0.305838,6.79994
3112,122.71068,131.179106,1.372926,0.321921,0.000362,0.935444,20000,0.305838,15.224355
3113,76.155455,89.633718,1.701567,0.243652,0.000127,0.84963,20000,0.305838,5.055304
3114,84.956685,93.914952,1.676143,0.545966,0.074571,0.904613,20000,0.305838,24.793762
3115,139.915864,168.141257,1.335466,0.332711,0.033608,0.832133,20000,0.305838,13.906792
3116,124.270289,126.569783,0.656436,0.377105,0.003127,0.981832,20000,0.305838,14.332193
3117,112.969012,91.779172,1.066414,0.595289,0.017824,1.230879,20000,0.305838,37.740668
3118,105.91686,123.16004,0.383876,0.573455,0.014015,0.859994,20000,0.305838,9.184668
3119,87.166138,105.705648,1.060459,0.555802,0.018945,0.824612,20000,0.305838,14.33948
3120,87.831791,85.664853,1.856905,0.207383,0.010207,1.025296,20000,0.305838,11.714952
3121,162.063527,189.220547,1.875286,0.562073,0.06475,0.85648,20000,0.305838,46.931299
3122,147.077595,120.600426,0.478479,0.49324,0.066733,1.219545,20000,0.305838,36.722603
3123,132.031505,157.133916,1.566932,0.33909,0.009383,0.840248,20000,0.305838,14.090175
3124,66.773455,65.360326,0.75854,0.307816,0.000613,1.021621,20000,0.305838,7.851214
3125,63.322806,61.904754,0.794509,0.407694,0.058497,1.022907,20000,0.305838,11.193168
3126,129.86281,158.99606,0.514689,0.430136,0.019816,0.816767,20000,0.305838,6.978327
3127,128.009637,112.844179,0.971931,0.210564,0.011782,1.134393,20000,0.305838,20.174939
3128,150.393595,152.340641,0.407428,0.257648,0.01412,0.987219,20000,0.305838,9.276565
3129,179.136671,156.015596,1.773377,0.591705,0.012516,1.148197,20000,0.305838,64.523368
3130,127.198636,160.668731,1.106107,0.267461,0.019276,0.791683,20000,0.305838,4.976133
3131,185.122238,152.179531,0.352092,0.452408,0.041373,1.216473,20000,0.305838,40.416783
3132,132.870402,163.197747,1.13792,0.553133,0.021983,0.814168,20000,0.305838,21.785925
3133,189.510047,184.769282,0.842101,0.38362,0.037929,1.025658,20000,0.305838,31.133629
3134,160.235373,160.444565,0.92972,0.423615,0.005418,0.998696,20000,0.305838,26.522152
3135,47.094967,64.711258,1.711215,0.303298,0.027743,0.727771,20000,0.305838,3.105137
3136,78.125448,78.714989,1.828477,0.56812,0.033713,0.99251,20000,0.305838,25.173664
3137,181.640673,190.338345,0.497828,0.549906,0.052751,0.954304,20000,0.305838,26.141889
3138,106.145272,151.576571,0.863696,0.157796,0.029983,0.700275,20000,0.305838,0.083413
3139,251.496607,197.490841,0.986287,0.351883,0.065158,1.27346,20000,0.305838,74.377151
3140,170.950603,172.64106,1.37145,0.466362,0.036538,0.990208,20000,0.305838,39.263008
3141,77.348622,102.197526,1.136828,0.322554,0.009688,0.756854,20000,0.305838,3.747387
3142,139.557904,121.422003,1.056703,0.48989,0.024979,1.149363,20000,0.305838,37.734416
3143,95.073302,90.813141,1.929261,0.432619,0.026448,1.046911,20000,0.305838,26.272202
3144,79.265844,109.876275,1.918701,0.577312,0.025565,0.72141,20000,0.305838,17.710137
3145,62.80609,85.014282,1.233332,0.161662,0.07652,0.738771,20000,0.305838,0.763906
3146,44.10315,52.526484,1.587572,0.377696,0.046191,0.839636,20000,0.305838,6.488165
3147,115.017835,158.605523,0.736242,0.212603,0.016089,0.725182,20000,0.305838,0.455939
3148,57.456471,76.359044,0.380158,0.472669,0.073036,0.752451,20000,0.305838,1.929244
3149,63.084621,86.251468,1.176402,0.293157,0.015495,0.731403,20000,0.305838,2.169233
3150,125.86612,127.712019,0.785601,0.26525,0.03707,0.985546,20000,0.305838,12.589282
3151,196.289215,167.295504,1.861582,0.162539,0.023166,1.173308,20000,0.305838,39.737633
3152,66.70126,54.141729,0.271925,0.332173,0.051744,1.231975,20000,0.305838,13.904012
3153,136.986471,149.430611,1.223522,0.355649,0.051191,0.916723,20000,0.305838,20.005665
3154,77.25551,94.328822,0.909659,0.338841,0.015636,0.819002,20000,0.305838,4.769692
3155,104.908846,102.224488,1.869383,0.506264,0.062926,1.026259,20000,0.305838,34.156531
3156,118.965931,96.037318,0.869321,0.508725,0.043379,1.238747,20000,0.305838,35.790599
3157,153.507231,172.763345,0.189775,0.298787,0.055918,0.888541,20000,0.305838,2.418564
3158,186.841341,147.063654,1.83375,0.176509,0.074061,1.270479,20000,0.305838,59.741609
3159,157.827112,163.268974,1.708938,0.44188,0.046812,0.966669,20000,0.305838,38.011188
3160,77.220224,90.096403,1.9506,0.571308,0.058395,0.857084,20000,0.305838,23.172326
3161,66.804781,56.718506,1.88365,0.420633,0.073045,1.17783,20000,0.305838,23.52699
3162,182.368609,165.200121,1.768817,0.382409,0.043796,1.103925,20000,0.305838,50.779476
3163,105.920104,121.121503,1.664632,0.403866,0.012498,0.874495,20000,0.305838,17.92619
3164,168.791394,162.670807,1.189214,0.141321,0.027356,1.037626,20000,0.305838,16.844645
3165,92.991708,108.803392,0.215587,0.162131,0.006599,0.854677,20000,0.305838,0.047958
3166,84.588329,120.382808,1.434682,0.105534,0.046251,0.702661,20000,0.305838,0.050512
3167,113.263889,108.440026,0.800549,0.403914,0.077168,1.044484,20000,0.305838,22.157802
3168,106.341559,98.184663,0.493083,0.513179,0.017642,1.083077,20000,0.305838,19.33742
3169,100.708016,131.852139,1.44462,0.114435,0.04891,0.763795,20000,0.305838,0.496869
3170,108.359598,97.94479,1.230897,0.549563,0.04948,1.106333,20000,0.305838,33.157857
3171,57.494556,58.428857,0.475372,0.248954,0.001665,0.98401,20000,0.305838,3.58211
3172,61.833443,52.891164,0.490449,0.575584,0.021546,1.169069,20000,0.305838,14.34823
3173,70.201692,71.873835,1.993306,0.182437,0.067041,0.976735,20000,0.305838,10.91534
3174,92.30656,85.893542,1.876513,0.389878,0.068516,1.074662,20000,0.305838,27.501619
3175,166.165964,163.238089,1.328691,0.366659,0.010133,1.017936,20000,0.305838,30.066169
3176,161.083413,181.860387,1.961307,0.315318,0.012483,0.885753,20000,0.305838,22.157801
3177,103.148294,145.51382,1.400679,0.576545,0.012099,0.708856,20000,0.305838,16.82455
3178,225.983167,176.424937,1.508323,0.433546,0.046616,1.280903,20000,0.305838,77.888844
3179,166.837432,192.676766,1.881149,0.198863,0.065006,0.865893,20000,0.305838,16.494968
3180,170.455585,168.521617,1.278832,0.499524,0.02153,1.011476,20000,0.305838,40.242813
3181,144.045071,125.224856,1.751567,0.456801,0.072637,1.150291,20000,0.305838,50.614427
3182,120.486207,105.463519,0.208727,0.509576,0.000612,1.142444,20000,0.305838,19.841495
3183,135.996388,158.599837,1.758809,0.478881,0.073984,0.857481,20000,0.305838,33.003611
3184,215.594588,166.436169,0.796205,0.197442,0.073032,1.295359,20000,0.305838,58.86629
3185,71.055936,88.938371,0.929397,0.102182,0.026377,0.798935,20000,0.305838,0.060844
3186,181.370914,146.356559,0.355634,0.156686,0.060251,1.23924,20000,0.305838,38.040975
3187,107.394414,125.390243,1.248315,0.569595,0.04204,0.856481,20000,0.305838,23.521424
3188,183.242455,190.124408,0.456144,0.514388,0.074657,0.963803,20000,0.305838,24.645694
3189,104.157695,136.301588,1.9527,0.116149,0.079615,0.764171,20000,0.305838,2.556206
3190,137.288093,175.125214,1.786849,0.292839,0.041431,0.783942,20000,0.305838,12.71165
3191,54.499663,70.934914,0.785329,0.34783,0.005371,0.768305,20000,0.305838,2.154787
3192,175.265419,194.326876,1.950618,0.23159,0.019012,0.90191,20000,0.305838,17.835642
3193,164.960267,198.886861,0.054481,0.320903,0.027315,0.829418,20000,0.305838,0.035412
3194,158.251981,139.140577,1.455034,0.104473,0.000484,1.137353,20000,0.305838,20.770002
3195,136.839538,124.885171,0.666818,0.272036,0.058037,1.095723,20000,0.305838,21.418567
3196,77.349657,99.046654,0.602991,0.502971,0.03718,0.780942,20000,0.305838,5.875983
3197,109.304447,142.60072,0.447523,0.271732,0.064119,0.766507,20000,0.305838,1.047491
3198,89.64644,112.237117,0.482039,0.537723,0.071113,0.798724,20000,0.305838,6.930256
3199,155.680202,146.230085,1.079838,0.169818,0.05191,1.064625,20000,0.305838,21.161273
3200,95.847591,88.892304,0.642651,0.548625,0.01038,1.078244,20000,0.305838,20.149677
3201,74.609946,81.744303,0.065304,0.147183,0.059764,0.912723,20000,0.29982,0.009987
3202,230.653296,199.869848,1.608009,0.121975,0.058287,1.154017,20000,0.29982,49.729947
3203,182.590226,163.675877,0.889602,0.226733,0.003227,1.11556,20000,0.29982,25.868852
3204,98.205034,85.794629,1.930143,0.104043,0.014981,1.144652,20000,0.29982,15.726222
3205,141.817367,146.463711,1.128578,0.476904,0.044122,0.968276,20000,0.29982,29.937771
3206,138.645316,134.871767,0.582679,0.555034,0.068184,1.027979,20000,0.29982,26.987575
3207,104.3361,132.5587,0.21831,0.580596,0.050308,0.787094,20000,0.29982,3.53161
3208,79.628719,61.691526,1.800596,0.236509,0.015922,1.290756,20000,0.29982,21.92647
3209,155.669373,144.08765,0.40136,0.380743,0.073971,1.08038,20000,0.29982,23.452207
3210,185.09113,154.652898,1.866605,0.461881,0.018033,1.196816,20000,0.29982,60.32592
3211,129.79989,109.709738,1.820919,0.170143,0.052848,1.183121,20000,0.29982,31.852865
3212,134.665484,179.089964,1.111326,0.365939,0.025569,0.751943,20000,0.29982,8.982559
3213,50.16606,53.300902,0.709173,0.232338,0.071981,0.941186,20000,0.29982,3.653339
3214,128.870537,150.546254,0.700028,0.420811,0.016554,0.85602,20000,0.29982,11.001793
3215,90.256501,70.361025,0.87147,0.228197,0.023639,1.282763,20000,0.29982,22.15616
3216,187.903903,167.980119,1.441,0.103911,0.06159,1.118608,20000,0.29982,34.784591
3217,147.634306,164.550479,1.114333,0.251162,0.009569,0.897198,20000,0.29982,10.138354
3218,72.075557,69.838679,1.19036,0.382467,0.04356,1.032029,20000,0.29982,14.361246
3219,82.314838,102.342399,0.784078,0.108629,0.004983,0.804308,20000,0.29982,0.039925
3220,62.270933,77.861113,0.235961,0.128411,0.033968,0.799769,20000,0.29982,0.000376
3221,58.763604,71.248552,1.769733,0.511236,0.018965,0.824769,20000,0.29982,12.300692
3222,98.759632,91.237439,0.123286,0.473956,0.029877,1.082446,20000,0.29982,11.0547
3223,81.222667,64.009882,1.425076,0.32682,0.004595,1.268908,20000,0.29982,22.060982
3224,109.667298,133.673113,1.986919,0.180477,0.074706,0.820414,20000,0.29982,8.854065
3225,183.952565,161.538375,1.149739,0.109326,0.079317,1.138755,20000,0.29982,36.821707
3226,63.465647,59.84704,1.442545,0.463379,0.002707,1.060464,20000,0.29982,15.499338
3227,38.503364,52.493608,0.927075,0.399728,0.051342,0.733487,20000,0.29982,2.428183
3228,111.351266,110.948266,0.177161,0.24156,0.048923,1.003632,20000,0.29982,5.228773
3229,138.374375,195.850764,0.674231,0.411947,0.077199,0.70653,20000,0.29982,5.654102
3230,127.407705,162.068498,1.035559,0.541413,0.078325,0.786135,20000,0.29982,20.477493
3231,168.466849,158.415374,0.547883,0.367513,0.063409,1.06345,20000,0.29982,25.421804
3232,71.444749,83.684106,0.098154,0.523157,0.024491,0.853743,20000,0.29982,1.153932
3233,60.275443,85.247993,0.540046,0.359254,0.035132,0.70706,20000,0.29982,0.986448
3234,106.307654,117.600204,1.67869,0.123985,0.034522,0.903975,20000,0.29982,4.914587
3235,57.445522,70.351153,0.802524,0.132948,0.035977,0.816554,20000,0.29982,0.261777
3236,159.563956,142.879114,0.172242,0.154098,0.00166,1.116776,20000,0.29982,16.754449
3237,128.052166,115.735694,0.845943,0.421738,0.019082,1.106419,20000,0.29982,26.179381
3238,76.620402,82.103275,1.11077,0.568511,0.032934,0.93322,20000,0.29982,17.171975
3239,245.430998,190.634861,0.730703,0.141344,0.011136,1.28744,20000,0.29982,56.28145
3240,73.436415,58.30828,1.181737,0.194407,0.013887,1.259451,20000,0.29982,16.829265
3241,83.114899,96.299561,1.456384,0.40951,0.043264,0.863087,20000,0.29982,13.561765
3242,47.67747,67.977591,1.051468,0.234639,0.014174,0.70137,20000,0.29982,0.479131
3243,172.55055,169.033582,1.476655,0.296306,0.045927,1.020806,20000,0.29982,31.712933
3244,58.769959,66.787658,1.560936,0.293401,0.01428,0.879952,20000,0.29982,6.008879
3245,61.48856,56.116427,1.936588,0.458306,0.026848,1.095732,20000,0.29982,18.791814
3246,64.912505,72.75583,1.541529,0.309225,0.07187,0.892197,20000,0.29982,9.937805
3247,62.074718,74.800696,0.45733,0.423596,0.062425,0.829868,20000,0.29982,3.513314
3248,179.256193,194.055646,1.665063,0.251149,0.055207,0.923736,20000,0.29982,23.511362
3249,78.327055,102.534179,0.635388,0.188175,0.061293,0.763912,20000,0.29982,0.376868
3250,121.997486,133.458283,1.595557,0.166348,0.060849,0.914125,20000,0.29982,10.583883
3251,108.018826,98.049771,0.76407,0.329153,0.074309,1.101673,20000,0.29982,20.71731
3252,81.140122,74.125624,1.940572,0.547756,0.020691,1.09463,20000,0.29982,27.93718
3253,39.830204,53.070897,0.870399,0.282945,0.004205,0.750509,20000,0.29982,0.85934
3254,124.536802,129.496516,0.210586,0.366276,0.062212,0.9617,20000,0.29982,6.869384
3255,64.359405,88.431246,0.194577,0.507863,0.010768,0.72779,20000,0.29982,0.58766
3256,78.382641,86.987297,0.158368,0.505844,0.002089,0.901081,20000,0.29982,3.221394
3257,51.533722,55.717352,1.053108,0.567099,0.041688,0.924913,20000,0.29982,11.17319
3258,148.011139,192.228464,1.214907,0.143098,0.021608,0.769975,20000,0.29982,0.819429
3259,140.339057,156.82841,1.758875,0.507251,0.037812,0.894857,20000,0.29982,35.342619
3260,133.212242,119.282691,1.731602,0.370157,0.011492,1.116778,20000,0.29982,33.134803
3261,53.107909,59.716795,0.934972,0.297198,0.009795,0.88933,20000,0.29982,3.833435
3262,116.731903,137.398836,0.941229,0.150942,0.054249,0.849584,20000,0.29982,2.336722
3263,141.430234,116.589309,0.375628,0.31614,0.069302,1.213063,20000,0.29982,29.586371
3264,125.018792,102.655196,1.655728,0.259458,0.070225,1.217852,20000,0.29982,37.045885
3265,183.462289,173.131317,0.986625,0.421131,0.02383,1.059671,20000,0.29982,37.0832
3266,116.677457,111.579244,1.953003,0.453431,0.037154,1.045691,20000,0.29982,34.665541
3267,75.429864,66.727773,0.348131,0.176019,0.035039,1.130412,20000,0.29982,9.843406
3268,74.700661,82.87399,0.586767,0.381055,0.065816,0.901376,20000,0.29982,6.720847
3269,64.738251,50.478698,0.088742,0.499008,0.03452,1.282487,20000,0.29982,14.588358
3270,53.179429,53.937942,0.231594,0.176733,0.003862,0.985937,20000,0.29982,1.47589
3271,91.709968,119.868481,1.533054,0.480579,0.012185,0.765088,20000,0.29982,13.325151
3272,176.125306,191.79777,0.939972,0.225745,0.067956,0.918287,20000,0.29982,13.540817
3273,142.593644,192.731544,1.146528,0.457484,0.047437,0.739856,20000,0.29982,15.375709
3274,125.373936,170.295123,0.893268,0.54423,0.070614,0.736216,20000,0.29982,14.596985
3275,127.450488,145.574205,1.666098,0.303648,0.059028,0.875502,20000,0.29982,18.073436
3276,81.586147,91.791964,0.576686,0.32198,0.077666,0.888816,20000,0.29982,5.630506
3277,129.145213,105.706872,1.978565,0.395073,0.01332,1.22173,20000,0.29982,41.235806
3278,108.336162,93.788907,0.99276,0.481362,0.009897,1.155106,20000,0.29982,27.803243
3279,169.349186,155.426142,1.720209,0.324485,0.079037,1.08958,20000,0.29982,46.209757
3280,57.364289,54.231856,1.923631,0.428026,0.077154,1.05776,20000,0.29982,18.131443
3281,120.88467,107.674215,0.380861,0.389223,0.076775,1.122689,20000,0.29982,20.919348
3282,44.961218,56.498647,1.385607,0.429681,0.063848,0.795793,20000,0.29982,6.874411
3283,93.200642,117.519244,0.214773,0.375404,0.069449,0.793067,20000,0.29982,0.889941
3284,107.364163,84.911091,1.971415,0.340029,0.002658,1.26443,20000,0.29982,31.549581
3285,129.620426,165.775065,0.115158,0.198187,0.018617,0.781905,20000,0.29982,0.000112
3286,109.561731,90.858045,1.434461,0.551147,0.033437,1.205856,20000,0.29982,38.61847
3287,101.757727,134.275574,1.867121,0.240935,0.056097,0.757828,20000,0.29982,6.842664
3288,235.230265,198.792711,1.303144,0.216297,0.016201,1.183294,20000,0.29982,47.023452
3289,155.104746,144.130322,1.865743,0.413127,0.012387,1.076142,20000,0.29982,40.601839
3290,106.164233,137.177199,1.678816,0.38223,0.006041,0.77392,20000,0.29982,11.489524
3291,159.807866,177.770283,1.101546,0.265498,0.006109,0.898957,20000,0.29982,11.512667
3292,95.60361,77.699667,1.210665,0.122105,0.056298,1.230425,20000,0.29982,23.190178
3293,80.536297,67.870163,0.255918,0.485598,0.073462,1.186623,20000,0.29982,16.413184
3294,123.942234,135.654964,1.083081,0.367197,0.018238,0.913658,20000,0.29982,14.883584
3295,113.515468,107.13193,0.375285,0.223974,0.047222,1.059586,20000,0.29982,11.094629
3296,136.563519,149.415109,0.214564,0.390123,0.028425,0.913987,20000,0.29982,5.254187
3297,145.702636,147.979733,1.31454,0.378091,0.038301,0.984612,20000,0.29982,27.583395
3298,80.04914,92.152947,0.97747,0.150455,0.059815,0.868655,20000,0.29982,2.188907
3299,56.719373,67.498475,1.44943,0.343083,0.023103,0.840306,20000,0.29982,6.166718
3300,92.526111,123.11661,0.248899,0.453489,0.061977,0.751532,20000,0.29982,1.335952
3301,122.349795,168.877387,1.302469,0.134636,0.060407,0.724489,20000,0.328722,0.497347
3302,116.387648,141.815049,1.826317,0.238798,0.051282,0.8207,20000,0.328722,10.119344
3303,63.03606,52.997155,1.630375,0.317021,0.042985,1.189423,20000,0.328722,17.219679
3304,128.109683,106.998068,1.919121,0.557835,0.008898,1.197308,20000,0.328722,47.97759
3305,55.122861,51.016105,0.569368,0.137651,0.061357,1.080499,20000,0.328722,6.284558
3306,67.394244,84.508014,1.944658,0.512354,0.000566,0.797489,20000,0.328722,13.092635
3307,91.64276,96.46033,0.685417,0.267409,0.04878,0.950056,20000,0.328722,7.299641
3308,97.224542,83.963174,1.089708,0.265169,0.02483,1.157943,20000,0.328722,19.663578
3309,151.695812,125.933844,1.985855,0.499819,0.048733,1.204567,20000,0.328722,58.069443
3310,180.557373,193.408313,1.462059,0.487464,0.035875,0.933555,20000,0.328722,40.858249
3311,69.439083,77.139921,1.567052,0.463639,0.061548,0.900171,20000,0.328722,15.676003
3312,128.798207,105.13569,0.795234,0.398123,0.021151,1.225066,20000,0.328722,32.143974
3313,47.294983,65.618666,0.89177,0.426153,0.005045,0.720755,20000,0.328722,2.648461
3314,150.041966,117.050778,0.434114,0.529207,0.02081,1.281854,20000,0.328722,39.803238
3315,110.888127,103.81317,1.094627,0.555086,0.060276,1.068151,20000,0.328722,31.517522
3316,154.262698,150.011332,1.160614,0.445024,0.073483,1.02834,20000,0.328722,36.40013
3317,164.255108,147.97967,0.329524,0.228907,0.038891,1.109984,20000,0.328722,20.268717
3318,58.580582,83.096964,0.118845,0.381421,0.072254,0.704967,20000,0.328722,0.014565
3319,113.299672,102.525199,0.32898,0.503834,0.074868,1.105091,20000,0.328722,20.085772
3320,49.188236,69.127379,0.618525,0.276123,0.048361,0.711559,20000,0.328722,0.410983
3321,73.198846,81.310954,1.758376,0.266969,0.040543,0.900234,20000,0.328722,9.430917
3322,145.160633,138.926649,1.906507,0.245057,0.018998,1.044872,20000,0.328722,25.041694
3323,152.155378,135.739985,1.489697,0.329601,0.02024,1.120933,20000,0.328722,34.906937
3324,181.897669,182.425093,0.390676,0.336557,0.074246,0.997109,20000,0.328722,17.560346
3325,168.323092,172.200805,1.058463,0.198318,0.041612,0.977481,20000,0.328722,15.669259
3326,151.852869,125.798506,0.24747,0.47539,0.03166,1.207112,20000,0.328722,30.587219
3327,120.941888,104.565633,0.101854,0.520627,0.008822,1.156612,20000,0.328722,18.625508
3328,117.667606,165.032079,1.411928,0.584955,0.071445,0.712998,20000,0.328722,21.659859
3329,167.275164,159.056256,0.339012,0.350028,0.042785,1.051673,20000,0.328722,18.897579
3330,123.631381,175.253215,1.314668,0.556125,0.033406,0.705444,20000,0.328722,18.183341
3331,88.250306,88.435307,1.899931,0.544506,0.044746,0.997908,20000,0.328722,29.239052
3332,182.244669,144.668334,0.345455,0.260889,0.078908,1.259741,20000,0.328722,42.080994
3333,213.680236,182.831406,1.921891,0.422216,0.066108,1.168728,20000,0.328722,72.865734
3334,190.590595,196.375559,1.872257,0.288024,0.047151,0.970541,20000,0.328722,34.734933
3335,46.391541,53.016901,1.953595,0.593895,0.062865,0.875033,20000,0.328722,14.447756
3336,152.714065,173.302939,0.125194,0.212669,0.049342,0.881197,20000,0.328722,0.281355
3337,68.073093,58.090258,1.215385,0.274624,0.048016,1.17185,20000,0.328722,16.082906
3338,202.423628,188.976037,0.884258,0.218552,0.065645,1.07116,20000,0.328722,30.606915
3339,186.654333,165.373585,1.535922,0.331495,0.015727,1.128683,20000,0.328722,41.999203
3340,86.672975,116.401048,0.923425,0.199475,0.07489,0.744606,20000,0.328722,1.068946
3341,75.565489,90.806566,1.118297,0.559648,0.036389,0.832159,20000,0.328722,13.44449
3342,87.291016,80.774756,0.955974,0.557315,0.028552,1.080672,20000,0.328722,22.09524
3343,191.622441,169.585247,1.602909,0.469971,0.042206,1.129948,20000,0.328722,57.625591
3344,122.377602,135.248436,1.693338,0.416579,0.019971,0.904836,20000,0.328722,22.863347
3345,128.885779,181.955231,1.21005,0.390707,0.005144,0.708338,20000,0.328722,8.105614
3346,144.354876,114.391911,0.950689,0.197913,0.018137,1.261933,20000,0.328722,33.010084
3347,153.377721,164.840155,1.216393,0.31508,0.078173,0.930463,20000,0.328722,22.780468
3348,194.679491,187.743315,0.749398,0.128978,0.047402,1.036945,20000,0.328722,16.53753
3349,191.55288,181.558411,0.357321,0.337213,0.053132,1.055048,20000,0.328722,22.926274
3350,157.067571,192.951848,0.514691,0.43691,0.025588,0.814025,20000,0.328722,8.835955
3351,138.550945,156.380251,0.318021,0.56178,0.066196,0.885987,20000,0.328722,11.946423
3352,92.26922,76.512533,1.554448,0.484935,0.073808,1.205936,20000,0.328722,33.679037
3353,98.857388,81.821889,0.4799,0.563122,0.053028,1.208202,20000,0.328722,25.597587
3354,118.721972,145.414515,1.714823,0.539926,0.017752,0.816438,20000,0.328722,26.060085
3355,74.328425,77.192902,0.590541,0.29865,0.060173,0.962892,20000,0.328722,6.765571
3356,60.945194,67.447204,0.12408,0.533075,0.066144,0.903599,20000,0.328722,2.360184
3357,136.20514,132.822459,0.766854,0.26839,0.058755,1.025468,20000,0.328722,17.566207
3358,127.760364,161.309235,0.311899,0.428787,0.02205,0.792021,20000,0.328722,3.061684
3359,56.783505,78.326809,0.798404,0.115596,0.030666,0.724956,20000,0.328722,0.003401
3360,129.91044,106.774058,1.171677,0.106678,0.002378,1.216685,20000,0.328722,23.569144
3361,69.847846,81.839774,1.558957,0.268148,0.034863,0.853471,20000,0.328722,6.483273
3362,70.244641,55.123282,1.074694,0.288779,0.056673,1.274319,20000,0.328722,19.771924
3363,69.364335,55.74373,0.871794,0.372592,0.00996,1.244343,20000,0.328722,17.160121
3364,145.003822,189.864032,0.890962,0.161595,0.000737,0.763725,20000,0.328722,0.39219
3365,110.946175,152.458555,1.371318,0.341799,0.064187,0.727714,20000,0.328722,8.710485
3366,242.756332,197.059969,1.652943,0.109363,0.018245,1.231891,20000,0.328722,52.23122
3367,153.566174,121.847505,0.44661,0.31124,0.023944,1.260314,20000,0.328722,34.470472
3368,208.2887,167.733482,1.277635,0.499445,0.035912,1.241784,20000,0.328722,69.227542
3369,87.769882,72.78365,1.56686,0.480367,0.033992,1.205901,20000,0.328722,29.572376
3370,75.790889,76.701316,0.807117,0.435061,0.058874,0.98813,20000,0.328722,12.918368
3371,59.722796,60.683249,0.756958,0.380287,0.045523,0.984173,20000,0.328722,8.306118
3372,88.817038,110.689444,0.332872,0.384273,0.021044,0.802398,20000,0.328722,1.934967
3373,65.874342,74.982165,1.408002,0.358261,0.00299,0.878533,20000,0.328722,8.093663
3374,151.531485,145.592539,0.948725,0.555641,0.042339,1.040792,20000,0.328722,37.382365
3375,46.458637,59.346696,1.973184,0.441097,0.0264,0.782834,20000,0.328722,8.223533
3376,145.799762,199.829294,1.602878,0.293629,0.03513,0.729622,20000,0.328722,8.879393
3377,58.637131,59.118425,1.185535,0.11709,0.071807,0.991859,20000,0.328722,5.541116
3378,103.802091,95.833436,0.713796,0.430713,0.070038,1.083151,20000,0.328722,20.884992
3379,152.335458,172.705587,1.632375,0.429784,0.019191,0.882053,20000,0.328722,27.770007
3380,145.835907,156.074575,1.123418,0.325838,0.058457,0.934399,20000,0.328722,19.845794
3381,129.400357,104.676353,0.09952,0.574231,0.007665,1.236195,20000,0.328722,26.029463
3382,137.205879,107.709939,0.060743,0.496733,0.028431,1.273846,20000,0.328722,29.84976
3383,47.599414,59.606742,0.475099,0.166529,0.05142,0.798558,20000,0.328722,0.096083
3384,55.445042,57.003815,0.460103,0.160963,0.016531,0.972655,20000,0.328722,1.932758
3385,86.699884,92.509727,1.11299,0.323151,0.030528,0.937197,20000,0.328722,10.577459
3386,152.939502,133.929328,1.574783,0.37712,0.043767,1.141942,20000,0.328722,42.370469
3387,72.995169,58.12438,0.408534,0.351063,0.005509,1.255844,20000,0.328722,15.989423
3388,187.351498,158.052652,0.094766,0.526431,0.018278,1.185374,20000,0.328722,31.644559
3389,198.28294,188.668517,0.706749,0.188508,0.020724,1.050959,20000,0.328722,19.328482
3390,77.197241,87.89434,1.710284,0.302871,0.062979,0.878296,20000,0.328722,11.33526
3391,85.97815,119.486665,0.326359,0.149725,0.013403,0.719563,20000,0.328722,0.0
3392,53.023155,54.838662,0.777323,0.279939,0.010063,0.966894,20000,0.328722,4.64955
3393,64.091792,86.907658,0.944991,0.111018,0.044398,0.73747,20000,0.328722,0.024296
3394,199.359908,154.240888,0.254753,0.284164,0.034943,1.292523,20000,0.328722,46.713086
3395,183.33487,187.914521,1.595861,0.529234,0.018834,0.975629,20000,0.328722,48.957807
3396,211.474576,192.692952,0.772051,0.127397,0.04206,1.097469,20000,0.328722,26.387289
3397,91.822365,123.157484,0.191383,0.204961,0.035952,0.745569,20000,0.328722,0.001347
3398,125.714759,135.212271,1.399453,0.302665,0.054847,0.929759,20000,0.328722,17.767827
3399,79.56516,87.326886,0.211427,0.568828,0.033951,0.911119,20000,0.328722,5.572789
3400,177.771595,160.237574,0.741826,0.164477,0.015571,1.109425,20000,0.328722,22.129055
3401,202.760805,173.748548,0.182496,0.226034,0.064497,1.166978,20000,0.299698,31.257857
3402,186.283552,163.458253,1.482251,0.2232,0.063736,1.13964,20000,0.299698,43.297009
3403,170.182059,191.836792,0.542515,0.513925,0.046336,0.887119,20000,0.299698,19.242168
3404,82.775999,95.392083,1.446806,0.317608,0.01542,0.867745,20000,0.299698,8.556955
3405,203.802738,190.823417,1.183087,0.409958,0.068808,1.068017,20000,0.299698,48.553605
3406,105.476929,141.32207,1.158666,0.392451,0.012142,0.746359,20000,0.299698,7.671008
3407,165.212147,130.785524,0.754595,0.209053,0.035077,1.26323,20000,0.299698,38.859858
3408,119.113771,96.806162,1.589252,0.594924,0.023708,1.230436,20000,0.299698,45.74339
3409,169.729002,177.492978,1.589448,0.410796,0.011939,0.956258,20000,0.299698,32.417059
3410,122.720452,145.746335,0.13406,0.419393,0.013056,0.842014,20000,0.299698,1.385017
3411,198.339171,199.673775,1.741734,0.284254,0.067717,0.993316,20000,0.299698,39.584605
3412,113.170158,104.469765,1.492081,0.137758,0.072733,1.083281,20000,0.299698,20.382777
3413,169.115982,143.476344,0.539808,0.380724,0.035344,1.178703,20000,0.299698,34.541095
3414,114.690858,103.919454,1.261256,0.372535,0.056304,1.103651,20000,0.299698,27.778851
3415,58.646784,70.218175,0.894047,0.514952,0.058067,0.835208,20000,0.299698,8.384391
3416,157.545185,140.740656,1.140689,0.515138,0.060669,1.119401,20000,0.299698,46.087188
3417,162.35142,164.766484,1.197423,0.431632,0.065464,0.985343,20000,0.299698,34.51095
3418,202.015763,160.980513,0.546248,0.261455,0.021017,1.254908,20000,0.299698,44.66517
3419,95.145847,123.890151,1.561799,0.196406,0.040072,0.767986,20000,0.299698,2.902596
3420,49.089165,65.912796,1.670149,0.412103,0.02531,0.744759,20000,0.299698,5.766966
3421,207.912957,195.652868,1.269474,0.151795,0.027509,1.062662,20000,0.299698,25.030323
3422,96.966194,77.30036,0.640848,0.157285,0.002312,1.254408,20000,0.299698,19.938229
3423,100.601273,121.443129,1.515807,0.450449,0.053744,0.828382,20000,0.299698,18.478879
3424,122.083815,132.768438,0.151678,0.458555,0.043728,0.919524,20000,0.299698,4.851966
3425,61.417258,71.530887,1.003337,0.13988,0.036115,0.858612,20000,0.299698,1.024883
3426,136.387278,122.564184,0.984564,0.116908,0.014063,1.112782,20000,0.299698,16.664969
3427,93.663502,82.697326,1.974182,0.56545,0.055182,1.132606,20000,0.299698,36.159922
3428,123.748508,155.83251,0.392393,0.517888,0.002212,0.794112,20000,0.299698,6.090704
3429,207.215408,160.134527,1.600259,0.371333,0.061776,1.294008,20000,0.299698,72.836635
3430,169.134375,131.618074,0.386435,0.500872,0.028835,1.285039,20000,0.299698,44.367676
3431,126.382958,142.252732,0.49487,0.318591,0.018637,0.88844,20000,0.299698,6.090394
3432,144.910622,149.766453,0.397531,0.462657,0.05506,0.967577,20000,0.299698,15.91418
3433,63.286162,54.052017,1.036219,0.498023,0.021127,1.170838,20000,0.299698,17.610497
3434,107.949198,120.235863,0.601405,0.527251,0.069232,0.897812,20000,0.299698,14.559381
3435,232.244498,187.867204,1.052026,0.387782,0.070473,1.236216,20000,0.299698,69.762045
3436,119.513083,124.668031,1.764342,0.480963,0.007266,0.958651,20000,0.299698,28.605661
3437,149.244746,182.077299,0.126856,0.479774,0.021429,0.819678,20000,0.299698,1.689842
3438,239.783932,195.647575,1.719205,0.206475,0.056604,1.225591,20000,0.299698,65.530395
3439,138.953944,133.593878,0.051205,0.107862,0.010352,1.040122,20000,0.299698,5.48233
3440,75.620551,60.273482,0.969292,0.111332,0.064263,1.254624,20000,0.299698,18.884524
3441,95.345666,73.373749,1.006105,0.48386,0.035165,1.299452,20000,0.299698,31.410898
3442,152.888659,145.655474,1.475639,0.18911,0.003349,1.04966,20000,0.299698,18.097473
3443,138.953928,190.096203,1.776972,0.47006,0.061945,0.730966,20000,0.299698,25.073027
3444,128.798667,146.29797,0.603758,0.569007,0.079719,0.880386,20000,0.299698,18.136339
3445,99.21071,84.277171,0.356596,0.189287,0.040045,1.177196,20000,0.299698,16.447376
3446,92.019506,103.628726,1.099414,0.232187,0.066094,0.887973,20000,0.299698,6.98631
3447,67.822315,76.711527,1.972097,0.392592,0.017194,0.884122,20000,0.299698,12.355978
3448,99.159876,83.597824,1.104838,0.294869,0.039283,1.186154,20000,0.299698,23.097433
3449,189.577465,154.806688,1.316438,0.492451,0.018009,1.224608,20000,0.299698,59.394553
3450,112.629472,139.899669,1.158629,0.423119,0.06325,0.805073,20000,0.299698,14.074595
3451,101.165421,103.527616,0.11889,0.11689,0.055458,0.977183,20000,0.299698,0.92327
3452,127.581605,150.589956,1.455444,0.217778,0.032246,0.847212,20000,0.299698,7.539859
3453,123.156739,130.729409,1.146968,0.363552,0.079572,0.942074,20000,0.299698,21.000461
3454,155.801171,153.935687,0.139545,0.443969,0.032353,1.012119,20000,0.299698,11.583916
3455,79.728387,71.225587,0.65052,0.507395,0.005124,1.119378,20000,0.299698,17.107868
3456,165.412852,180.162377,1.531599,0.110291,0.043952,0.918132,20000,0.299698,7.735345
3457,119.775441,132.760144,0.830036,0.284834,0.04465,0.902194,20000,0.299698,9.008365
3458,93.90951,80.613882,0.769948,0.246941,0.034444,1.16493,20000,0.299698,17.593405
3459,169.907801,177.492644,0.993393,0.532161,0.06559,0.957267,20000,0.299698,37.441574
3460,93.265034,103.802301,0.827166,0.578267,0.023338,0.898487,20000,0.299698,16.075648
3461,108.828858,121.661782,1.258595,0.278501,0.031398,0.89452,20000,0.299698,10.225322
3462,157.840062,190.451089,0.742108,0.469486,0.041926,0.82877,20000,0.299698,16.290801
3463,182.853895,155.272982,0.103294,0.233401,0.004945,1.177629,20000,0.299698,27.574089
3464,215.0857,189.071633,0.057621,0.48788,0.075327,1.137588,20000,0.299698,28.517499
3465,94.329629,83.901349,1.218085,0.344026,0.013862,1.124292,20000,0.299698,20.232421
3466,89.58518,115.97743,0.233239,0.436977,0.039566,0.772436,20000,0.299698,1.234637
3467,153.040789,147.054868,0.593793,0.300568,0.007187,1.040705,20000,0.299698,17.575706
3468,205.991101,178.903362,1.023148,0.549998,0.071447,1.15141,20000,0.299698,63.792624
3469,103.525595,94.736698,0.323649,0.290912,0.037597,1.092772,20000,0.299698,12.57456
3470,183.89702,154.877191,1.070312,0.304197,0.010996,1.187373,20000,0.299698,40.250896
3471,184.798543,150.005175,0.061709,0.597867,0.00078,1.231948,20000,0.299698,35.69261
3472,76.694972,98.210478,0.776472,0.462672,0.034609,0.780925,20000,0.299698,6.462768
3473,95.797801,102.61972,0.59412,0.432026,0.066505,0.933522,20000,0.299698,11.268134
3474,121.361263,140.967033,1.069121,0.505398,0.045568,0.860919,20000,0.299698,20.570957
3475,229.300618,181.26654,1.578043,0.454771,0.027792,1.264991,20000,0.299698,78.373906
3476,140.372849,130.965133,0.108066,0.39055,0.054071,1.071834,20000,0.299698,13.075094
3477,88.665376,122.378732,1.324234,0.355073,0.056457,0.724516,20000,0.299698,6.712619
3478,99.94875,126.728121,0.42777,0.409883,0.05718,0.788686,20000,0.299698,3.569761
3479,92.966472,86.421326,0.62628,0.418283,0.060698,1.075735,20000,0.299698,17.246267
3480,168.576784,184.932372,0.832396,0.116874,0.041472,0.911559,20000,0.299698,3.397543
3481,76.646152,79.454492,1.599454,0.328502,0.063766,0.964655,20000,0.299698,14.594464
3482,195.164705,180.45391,0.565685,0.172966,0.0546,1.081521,20000,0.299698,22.621789
3483,79.839335,73.257221,1.493964,0.576931,0.043104,1.089849,20000,0.299698,27.481291
3484,141.920366,126.135274,0.992929,0.469273,0.002237,1.125144,20000,0.299698,33.708846
3485,164.534513,187.2174,0.0513,0.237928,0.002775,0.878842,20000,0.299698,0.020312
3486,76.555569,103.224026,1.626063,0.102024,0.049108,0.741645,20000,0.299698,0.222864
3487,247.922266,194.643253,1.612454,0.137988,0.025236,1.273726,20000,0.299698,61.882014
3488,88.074259,117.856586,0.220045,0.5028,0.00966,0.7473,20000,0.299698,1.237835
3489,160.539219,125.783002,1.714502,0.297502,0.069628,1.276319,20000,0.299698,53.086676
3490,79.509358,75.542852,0.492903,0.399619,0.034147,1.052507,20000,0.299698,11.405085
3491,45.208135,63.805818,1.298254,0.349012,0.056334,0.708527,20000,0.299698,2.976951
3492,44.817781,51.082161,1.248791,0.109475,0.004671,0.877367,20000,0.299698,0.462816
3493,129.005241,110.265857,0.459867,0.293164,0.049733,1.169947,20000,0.299698,23.491095
3494,129.155712,136.914561,0.992413,0.128184,0.019472,0.943331,20000,0.299698,4.472144
3495,91.802674,97.417216,1.158536,0.372484,0.060515,0.942366,20000,0.299698,14.82102
3496,130.451063,156.8257,1.819419,0.474346,0.07287,0.831822,20000,0.299698,29.182352
3497,66.092143,63.933945,1.724614,0.409663,0.052165,1.033757,20000,0.299698,17.198867
3498,129.39213,117.957283,1.794977,0.191107,0.059232,1.096941,20000,0.299698,27.270158
3499,121.861986,111.216521,1.228915,0.299247,0.025077,1.095718,20000,0.299698,23.103145
3500,118.400305,110.137551,1.990865,0.519632,0.027213,1.075022,20000,0.299698,39.058318
3501,174.517717,167.912225,1.617849,0.501653,0.030532,1.039339,20000,0.508825,51.220864
3502,91.808511,81.17716,0.839808,0.320841,0.031946,1.130965,20000,0.508825,17.544491
3503,49.141059,50.978472,1.42968,0.156533,0.07262,0.963957,20000,0.508825,5.410068
3504,87.452909,112.925025,1.202902,0.185258,0.00023,0.774433,20000,0.508825,1.034032
3505,115.063385,92.326369,1.416039,0.292403,0.002641,1.246268,20000,0.508825,29.053023
3506,124.641916,172.660077,1.153343,0.557493,0.030322,0.721892,20000,0.508825,16.506202
3507,168.911979,136.593907,0.637364,0.382096,0.004473,1.2366,20000,0.508825,38.820564
3508,136.74346,133.827048,0.318421,0.525387,0.071319,1.021792,20000,0.508825,18.919631
3509,160.790609,135.615259,1.513584,0.36609,0.000215,1.185638,20000,0.508825,41.513675
3510,127.122872,138.042848,1.701733,0.343136,0.003569,0.920894,20000,0.508825,18.430366
3511,111.455945,107.007306,1.783034,0.113893,0.002673,1.041573,20000,0.508825,9.447073
3512,144.094306,164.963283,1.276886,0.413817,0.025538,0.873493,20000,0.508825,20.931366
3513,73.886071,67.385373,1.169018,0.26283,0.025683,1.09647,20000,0.508825,12.719858
3514,58.373916,51.438421,1.910985,0.278784,0.030859,1.134831,20000,0.508825,14.102329
3515,64.963317,76.552092,0.685935,0.498662,0.022297,0.848616,20000,0.508825,6.947775
3516,157.86452,176.846667,0.126496,0.11823,0.047905,0.892663,20000,0.508825,0.013486
3517,106.621051,139.845188,0.109157,0.145294,0.009446,0.762422,20000,0.508825,0.0
3518,62.918447,56.93348,1.801743,0.416299,0.039642,1.105122,20000,0.508825,18.439378
3519,101.979366,83.448935,1.36775,0.57191,0.040387,1.222057,20000,0.508825,36.497744
3520,212.051279,195.60297,1.240533,0.10683,0.002841,1.08409,20000,0.508825,20.399562
3521,70.858399,76.712179,1.615869,0.287207,0.013824,0.923692,20000,0.508825,8.873649
3522,133.073221,139.052085,1.460831,0.403942,0.044424,0.957003,20000,0.508825,26.556327
3523,170.339006,185.839358,0.174961,0.158394,0.011714,0.916593,20000,0.508825,0.550429
3524,165.555488,187.780903,1.803299,0.459479,0.022308,0.881642,20000,0.508825,36.164229
3525,133.003644,131.12224,0.231671,0.509468,0.002672,1.014348,20000,0.508825,14.01084
3526,155.048809,147.175217,0.808584,0.232054,0.023637,1.053498,20000,0.508825,18.367582
3527,57.162922,66.248208,0.625336,0.384394,0.064469,0.86286,20000,0.508825,4.438085
3528,190.089449,156.151255,1.145241,0.50513,0.052164,1.217342,20000,0.508825,61.456051
3529,77.235588,59.532665,1.87268,0.299793,0.018563,1.297365,20000,0.508825,23.321479
3530,72.170767,81.346205,0.968535,0.153812,0.004557,0.887205,20000,0.508825,1.505094
3531,170.31094,174.22849,0.762873,0.222275,0.050112,0.977515,20000,0.508825,14.596405
3532,127.941217,125.777405,0.375729,0.188348,0.062278,1.017203,20000,0.508825,8.771081
3533,93.548616,90.124293,0.474041,0.542526,0.001127,1.037996,20000,0.508825,15.370974
3534,111.819324,119.970656,0.922163,0.136125,0.011373,0.932056,20000,0.508825,3.116454
3535,86.846877,79.857214,0.799101,0.290812,0.066512,1.087527,20000,0.508825,15.105057
3536,63.145507,79.261973,0.300267,0.261703,0.010942,0.796668,20000,0.508825,0.239087
3537,57.471394,52.967578,1.274739,0.553193,0.074872,1.08503,20000,0.508825,18.151972
3538,91.779318,117.634084,0.411038,0.131497,0.025752,0.78021,20000,0.508825,0.00307
3539,128.698643,137.522878,1.539795,0.311478,0.076272,0.935834,20000,0.508825,22.626813
3540,187.047536,175.298766,1.070311,0.192172,0.017137,1.067021,20000,0.508825,23.069987
3541,146.879788,182.495421,1.066309,0.571473,0.045386,0.804841,20000,0.508825,25.814034
3542,219.496542,170.124916,1.493483,0.102547,0.030838,1.290208,20000,0.508825,57.123532
3543,108.648537,114.456594,0.544556,0.397115,0.046554,0.949255,20000,0.508825,11.326726
3544,84.138118,90.41331,1.186248,0.227764,0.074449,0.930594,20000,0.508825,8.839444
3545,52.082472,51.07028,0.291785,0.179772,0.060945,1.01982,20000,0.508825,3.031405
3546,104.984035,86.767433,0.431917,0.205929,0.070895,1.209947,20000,0.508825,21.025809
3547,59.652897,61.843258,0.068026,0.219979,0.06014,0.964582,20000,0.508825,0.627496
3548,121.350055,146.639757,1.260896,0.415585,0.064568,0.827539,20000,0.508825,16.701186
3549,83.351542,113.761703,1.447607,0.274896,0.061291,0.732685,20000,0.508825,4.665652
3550,93.363499,104.039864,1.463308,0.278343,0.010939,0.897382,20000,0.508825,8.777865
3551,165.605761,184.206422,0.572656,0.583915,0.024423,0.899023,20000,0.508825,22.89243
3552,73.041915,93.799802,1.025514,0.195292,0.04309,0.7787,20000,0.508825,1.204585
3553,124.625916,164.542627,1.983977,0.274911,0.050698,0.757408,20000,0.508825,10.977099
3554,169.287461,160.65194,1.433312,0.527973,0.059564,1.053753,20000,0.508825,50.270214
3555,56.118567,50.256263,1.81926,0.244293,0.079951,1.116648,20000,0.508825,14.424988
3556,168.243807,147.16603,1.595582,0.532407,0.047289,1.143224,20000,0.508825,57.644709
3557,66.134198,77.266073,0.146987,0.562706,0.017512,0.855928,20000,0.508825,2.205983
3558,136.208968,181.354982,0.725585,0.22964,0.051196,0.751063,20000,0.508825,1.495596
3559,174.813342,176.222962,1.40193,0.352698,0.002091,0.992001,20000,0.508825,28.414224
3560,156.713711,120.819692,0.956679,0.174974,0.021687,1.297087,20000,0.508825,38.681667
3561,181.046801,140.077545,0.881426,0.577878,0.067869,1.292476,20000,0.508825,63.97355
3562,234.166038,180.198242,0.767322,0.221115,0.015378,1.299491,20000,0.508825,57.834276
3563,61.642138,60.41116,0.192958,0.266208,0.076971,1.020377,20000,0.508825,4.056961
3564,43.785526,59.395439,1.243814,0.158311,0.044792,0.737187,20000,0.508825,0.344097
3565,200.9563,165.468664,1.346072,0.495321,0.071602,1.214467,20000,0.508825,70.437834
3566,120.991747,161.477377,0.451421,0.195203,0.03446,0.74928,20000,0.508825,0.116051
3567,89.790665,114.166253,1.390716,0.324671,0.071934,0.78649,20000,0.508825,8.795039
3568,132.982549,159.571718,0.077108,0.379501,0.079525,0.833372,20000,0.508825,0.276852
3569,109.799872,156.522331,0.665039,0.23782,0.070428,0.701497,20000,0.508825,0.618395
3570,157.320727,124.11768,0.355634,0.498763,0.057631,1.267513,20000,0.508825,40.359521
3571,82.844681,91.678193,1.952227,0.316514,0.074402,0.903647,20000,0.508825,15.798422
3572,95.521927,128.872803,0.460107,0.205559,0.064267,0.741211,20000,0.508825,0.143233
3573,110.729012,106.066799,0.576038,0.579783,0.077139,1.043955,20000,0.508825,23.20407
3574,59.539848,61.680425,0.876709,0.331533,0.060071,0.965296,20000,0.508825,7.907893
3575,136.553984,165.218415,0.091018,0.471229,0.074875,0.826506,20000,0.508825,0.990837
3576,110.927085,111.274218,0.120297,0.539564,0.049479,0.99688,20000,0.508825,8.504886
3577,75.118612,99.297432,0.569753,0.322218,0.051516,0.756501,20000,0.508825,1.64887
3578,148.738633,178.385112,1.460346,0.521962,0.018679,0.833806,20000,0.508825,28.547055
3579,171.702562,144.630971,0.697987,0.408641,0.023344,1.187177,20000,0.508825,39.018141
3580,96.880602,77.784648,1.093354,0.437095,0.052065,1.245498,20000,0.508825,29.927052
3581,145.002699,143.28761,0.65601,0.58566,0.049178,1.01197,20000,0.508825,30.717855
3582,75.592562,75.468106,0.23436,0.533959,0.028085,1.001649,20000,0.508825,8.069748
3583,60.627923,50.018306,1.712234,0.26831,0.071954,1.212115,20000,0.508825,18.020049
3584,200.938671,196.909617,1.780092,0.289777,0.022759,1.020461,20000,0.508825,35.892326
3585,161.23124,136.114218,1.521935,0.262256,0.047235,1.184529,20000,0.508825,40.885351
3586,86.51282,78.302215,0.865412,0.401058,0.020802,1.104858,20000,0.508825,17.41879
3587,64.497992,55.46131,1.842541,0.12488,0.001134,1.162937,20000,0.508825,10.194105
3588,162.185275,134.798314,1.529042,0.291452,0.055617,1.20317,20000,0.508825,44.938665
3589,78.308511,100.175896,0.238583,0.479153,0.051061,0.78171,20000,0.508825,1.723531
3590,123.186014,138.313191,0.064201,0.290649,0.008985,0.890631,20000,0.508825,0.238733
3591,157.91278,128.425429,1.526956,0.306041,0.044323,1.229607,20000,0.508825,44.643396
3592,54.345995,59.165345,0.281212,0.309202,0.043912,0.918544,20000,0.508825,1.972376
3593,87.760752,110.178624,0.848425,0.239515,0.060136,0.796532,20000,0.508825,2.512127
3594,70.65246,67.477705,0.205936,0.213466,0.021934,1.047049,20000,0.508825,4.787763
3595,129.470206,143.834913,0.073393,0.292364,0.047734,0.900131,20000,0.508825,0.531115
3596,120.21799,101.019753,0.938191,0.531377,0.048711,1.190044,20000,0.508825,35.875666
3597,64.247413,59.545518,1.742969,0.482025,0.042936,1.078963,20000,0.508825,19.647858
3598,99.667589,84.597008,1.777055,0.225692,0.069917,1.178146,20000,0.508825,26.851694
3599,107.908033,132.480335,1.151857,0.341991,0.075154,0.814521,20000,0.508825,11.143091
3600,78.765126,81.09308,1.312106,0.558123,0.005027,0.971293,20000,0.508825,18.904691
3601,86.879262,74.87596,1.600983,0.133109,0.007462,1.160309,20000,0.326299,14.083873
3602,107.932186,97.01871,1.616416,0.259511,0.059667,1.112488,20000,0.326299,25.096122
3603,132.764176,179.754109,1.611614,0.459297,0.032435,0.738588,20000,0.326299,19.215559
3604,125.708819,106.035061,1.184871,0.108129,0.013171,1.18554,20000,0.326299,21.618621
3605,58.746204,77.349326,1.907994,0.593476,0.064622,0.759492,20000,0.326299,15.240276
3606,168.44636,156.684134,1.835282,0.322168,0.005187,1.07507,20000,0.326299,34.762717
3607,114.950269,99.216887,1.885518,0.341386,0.077371,1.158576,20000,0.326299,36.364785
3608,110.112447,121.772318,0.958039,0.309824,0.067097,0.904249,20000,0.326299,11.679219
3609,49.687863,51.551208,1.61305,0.112957,0.052891,0.963854,20000,0.326299,4.159619
3610,201.711355,176.588109,0.764786,0.408923,0.067746,1.14227,20000,0.326299,45.980519
3611,110.368249,100.699017,1.861429,0.118064,0.046744,1.096021,20000,0.326299,19.277142
3612,153.460576,121.520735,1.722748,0.284409,0.060445,1.262834,20000,0.326299,48.620502
3613,112.680096,99.133097,0.746999,0.557942,0.072904,1.136655,20000,0.326299,30.363834
3614,143.720655,168.494404,1.921641,0.361566,0.027543,0.85297,20000,0.326299,22.183505
3615,158.320586,153.082283,1.205671,0.555354,0.029663,1.034219,20000,0.326299,43.047866
3616,179.170853,182.654187,1.678834,0.122202,0.043915,0.980929,20000,0.326299,16.248018
3617,117.416117,92.07876,1.886412,0.176313,0.043594,1.27517,20000,0.326299,33.754123
3618,132.235476,157.622242,1.318683,0.567313,0.001746,0.838939,20000,0.326299,25.679507
3619,163.818094,178.151118,0.3765,0.331869,0.043734,0.919546,20000,0.326299,8.84002
3620,146.489051,161.357944,1.606965,0.55589,0.026056,0.907851,20000,0.326299,36.88715
3621,61.086861,61.572356,0.575179,0.51745,0.010155,0.992115,20000,0.326299,9.355542
3622,142.623362,195.156929,1.497248,0.291351,0.00133,0.730814,20000,0.326299,6.171746
3623,113.34865,119.396425,0.480353,0.596726,0.047504,0.949347,20000,0.326299,17.126483
3624,196.915985,186.648656,0.311369,0.306678,0.055632,1.055009,20000,0.326299,20.985609
3625,138.198606,156.139013,0.918175,0.209625,0.013997,0.8851,20000,0.326299,5.431883
3626,157.325241,163.158648,0.452751,0.569065,0.078473,0.964247,20000,0.326299,23.864217
3627,139.989707,132.550036,1.567156,0.17412,0.063222,1.056127,20000,0.326299,24.106751
3628,99.380026,91.00747,0.091914,0.381615,0.050913,1.091999,20000,0.326299,10.03346
3629,158.872622,160.031367,0.503275,0.588062,0.035172,0.992759,20000,0.326299,26.931096
3630,132.739554,161.867778,1.564932,0.279091,0.078591,0.820049,20000,0.326299,14.537503
3631,155.831493,140.237221,0.06199,0.443463,0.036007,1.111199,20000,0.326299,17.443078
3632,122.598372,123.731859,0.818111,0.516218,0.045871,0.990839,20000,0.326299,24.278809
3633,52.409392,64.22024,0.105768,0.26984,0.04306,0.816088,20000,0.326299,0.021733
3634,49.712313,55.775611,1.539513,0.367652,0.009201,0.891291,20000,0.326299,7.056547
3635,243.307043,195.919702,0.934023,0.571674,0.071274,1.241871,20000,0.326299,81.172096
3636,193.345787,156.83971,1.144103,0.173832,0.006975,1.23276,20000,0.326299,40.145395
3637,178.53014,146.178589,0.081807,0.142072,0.071321,1.221315,20000,0.326299,33.232341
3638,101.511322,108.992321,0.119399,0.540061,0.079236,0.931362,20000,0.326299,5.036905
3639,60.349684,77.339462,0.376214,0.244446,0.023666,0.780322,20000,0.326299,0.222495
3640,89.534345,100.06331,1.014968,0.320974,0.058832,0.894777,20000,0.326299,9.476292
3641,60.877886,66.604287,1.911614,0.165902,0.031913,0.914024,20000,0.326299,4.843399
3642,192.077549,156.039202,0.106221,0.470268,0.066014,1.230957,20000,0.326299,38.410029
3643,138.741691,133.754384,0.082102,0.21661,0.019108,1.037287,20000,0.326299,6.587914
3644,218.837942,185.606091,1.842361,0.561967,0.058115,1.179045,20000,0.326299,85.955002
3645,144.355813,166.611588,1.845444,0.293477,0.004,0.866421,20000,0.326299,15.638675
3646,125.127343,174.915956,1.450253,0.565159,0.059558,0.715357,20000,0.326299,22.47883
3647,127.161282,168.621279,1.402031,0.453058,0.048428,0.754124,20000,0.326299,17.841243
3648,66.740937,72.013309,1.235516,0.125369,0.008504,0.926786,20000,0.326299,2.000771
3649,80.113608,72.829908,0.065167,0.314202,0.003902,1.10001,20000,0.326299,7.615107
3650,166.451375,183.448616,1.743236,0.521258,0.058306,0.907346,20000,0.326299,44.937144
3651,166.726553,139.449207,1.875203,0.283884,0.075224,1.195608,20000,0.326299,51.728433
3652,136.35826,140.336894,0.366381,0.573088,0.043837,0.971649,20000,0.326299,18.059224
3653,100.882699,100.510996,1.708809,0.151482,0.072876,1.003698,20000,0.326299,14.867978
3654,100.388399,89.654362,1.268417,0.39108,0.056459,1.119727,20000,0.326299,25.589771
3655,211.983997,178.099303,0.142787,0.475666,0.058195,1.190257,20000,0.326299,38.249251
3656,89.40202,105.995274,0.546583,0.478332,0.002501,0.843453,20000,0.326299,7.011033
3657,47.907858,50.935607,0.119725,0.373359,0.060881,0.940557,20000,0.326299,1.463829
3658,137.963857,172.222966,1.993257,0.512892,0.000693,0.801077,20000,0.326299,29.054268
3659,90.379876,119.565268,0.258702,0.425114,0.074881,0.755904,20000,0.326299,1.221361
3660,52.942132,64.926901,0.527197,0.153774,0.071614,0.815411,20000,0.326299,0.199953
3661,60.182567,80.469828,1.980271,0.15095,0.02141,0.74789,20000,0.326299,0.881959
3662,64.775798,58.530617,0.525382,0.140595,0.000694,1.106699,20000,0.326299,6.799129
3663,77.617809,86.004601,1.756205,0.582051,0.007236,0.902484,20000,0.326299,21.059431
3664,82.582866,76.09007,1.430774,0.214783,0.019377,1.08533,20000,0.326299,12.98544
3665,64.613108,57.972984,0.349046,0.371688,0.018542,1.114538,20000,0.326299,9.648737
3666,167.179836,180.386587,1.19609,0.285279,0.004433,0.926786,20000,0.326299,15.81471
3667,63.410187,78.978972,1.080227,0.287078,0.017334,0.802874,20000,0.326299,3.1219
3668,106.038467,130.056879,1.721849,0.238797,0.07332,0.815324,20000,0.326299,9.560338
3669,49.050323,59.171569,0.098905,0.220766,0.012461,0.828951,20000,0.326299,0.003538
3670,156.755846,142.944619,1.801057,0.160464,0.006541,1.096619,20000,0.326299,22.195464
3671,69.754305,72.362284,0.701151,0.296864,0.033074,0.963959,20000,0.326299,6.474024
3672,107.654912,90.615171,0.439576,0.356806,0.036314,1.188045,20000,0.326299,21.18435
3673,70.802273,81.973053,1.336184,0.394204,0.068736,0.863726,20000,0.326299,11.113878
3674,96.012931,122.849691,0.120687,0.394477,0.026727,0.781548,20000,0.326299,0.220306
3675,155.122112,122.150368,1.33235,0.397339,0.057416,1.269928,20000,0.326299,50.692106
3676,163.206485,128.763156,1.835422,0.581863,0.070761,1.267494,20000,0.326299,71.985722
3677,140.105218,188.340838,0.343385,0.581971,0.053375,0.743892,20000,0.326299,6.459639
3678,87.306741,82.784746,0.631598,0.587404,0.073459,1.054624,20000,0.326299,19.910603
3679,202.877895,165.153856,1.136835,0.553762,0.0676,1.228418,20000,0.326299,72.390142
3680,131.586771,140.348479,1.764245,0.130628,0.059012,0.937572,20000,0.326299,11.990112
3681,134.855731,151.188489,0.308521,0.458762,0.074602,0.891971,20000,0.326299,8.848274
3682,145.328077,117.468529,1.490045,0.576523,0.012176,1.237166,20000,0.326299,52.424334
3683,134.082928,161.495389,1.859279,0.351174,0.019339,0.830259,20000,0.326299,18.354447
3684,157.596128,137.213292,0.122633,0.131292,0.001045,1.148549,20000,0.326299,20.399197
3685,131.402525,170.898732,0.847764,0.323677,0.055444,0.768891,20000,0.326299,6.00162
3686,110.99037,113.618312,0.42574,0.582594,0.01769,0.97687,20000,0.326299,15.843897
3687,104.438265,146.765502,0.311278,0.566035,0.03302,0.7116,20000,0.326299,2.937442
3688,142.332901,173.484014,1.022586,0.503946,0.007646,0.820438,20000,0.326299,18.951389
3689,107.100704,84.512598,0.619932,0.372826,0.065362,1.267275,20000,0.326299,28.680483
3690,131.455528,132.304609,1.997732,0.541733,0.058047,0.993582,20000,0.326299,43.736356
3691,127.490151,152.475723,1.394794,0.302688,0.06857,0.836134,20000,0.326299,13.754932
3692,156.020478,168.197643,0.095593,0.374742,0.068631,0.927602,20000,0.326299,3.197368
3693,189.352141,189.877083,1.707171,0.179771,0.025758,0.997235,20000,0.326299,21.683158
3694,127.930456,100.515639,1.427001,0.545319,0.015158,1.272742,20000,0.326299,45.18532
3695,179.18933,152.652465,0.125695,0.34814,0.076883,1.173838,20000,0.326299,28.836231
3696,217.308526,168.08821,0.098189,0.132194,0.022419,1.292824,20000,0.326299,49.665377
3697,62.938873,51.626169,0.566473,0.594283,0.003964,1.219127,20000,0.326299,16.840609
3698,87.963351,114.326459,0.452371,0.46634,0.045581,0.769405,20000,0.326299,3.805943
3699,137.173228,126.918956,1.912464,0.345396,0.024737,1.080794,20000,0.326299,33.423053
3700,37.962296,52.402487,0.286532,0.542685,0.016872,0.724437,20000,0.326299,0.851152
3701,186.498185,164.221064,1.900737,0.140842,0.078451,1.135653,20000,0.368717,46.323066
3702,132.154759,135.2763,1.229782,0.310241,0.010127,0.976925,20000,0.368717,17.386065
3703,172.168646,160.599894,0.474682,0.358775,0.051525,1.072035,20000,0.368717,25.11194
3704,120.813216,135.178525,1.626932,0.103267,0.026032,0.893731,20000,0.368717,3.074939
3705,62.266501,70.273022,0.72008,0.523586,0.026133,0.886066,20000,0.368717,8.589964
3706,99.454992,132.442075,1.063913,0.115955,0.039672,0.750932,20000,0.368717,0.10979
3707,237.688661,188.7282,0.534689,0.365611,0.04158,1.259423,20000,0.368717,57.626833
3708,139.755078,117.914883,0.786788,0.42365,0.040427,1.18522,20000,0.368717,33.865017
3709,138.708204,186.267454,1.637888,0.302806,0.055502,0.744672,20000,0.368717,11.505926
3710,169.452448,197.498375,0.95419,0.491687,0.046396,0.857994,20000,0.368717,24.856039
3711,173.874372,189.553617,0.256268,0.432847,0.047235,0.917283,20000,0.368717,10.072195
3712,111.751443,96.687035,1.881765,0.370875,0.007686,1.155806,20000,0.368717,30.073644
3713,72.458629,61.160302,1.294366,0.546001,0.058968,1.184733,20000,0.368717,25.33175
3714,81.616204,64.725351,1.638567,0.564624,0.036832,1.260962,20000,0.368717,31.937115
3715,131.1121,106.258121,1.213474,0.401702,0.07374,1.233902,20000,0.368717,41.785731
3716,182.978277,180.01267,0.744109,0.582618,0.064283,1.016474,20000,0.368717,40.666895
3717,172.423228,175.439176,0.458191,0.453369,0.007399,0.982809,20000,0.368717,19.807077
3718,131.638749,137.476149,1.761219,0.372801,0.021933,0.957539,20000,0.368717,25.464636
3719,197.742417,193.095388,0.43453,0.464466,0.04754,1.024066,20000,0.368717,27.894902
3720,126.730263,99.060262,1.144849,0.413595,0.072948,1.279325,20000,0.368717,41.213972
3721,62.096381,57.829415,0.929644,0.108042,0.028309,1.073785,20000,0.368717,6.275014
3722,133.880741,144.438046,0.09599,0.510496,0.02604,0.926908,20000,0.368717,4.597181
3723,51.322455,62.953483,0.205214,0.478408,0.001146,0.815244,20000,0.368717,1.108255
3724,181.670608,189.069985,0.362827,0.49796,0.032058,0.960864,20000,0.368717,19.579768
3725,58.07868,59.972959,0.842348,0.254066,0.047962,0.968414,20000,0.368717,5.718444
3726,170.563619,188.145424,1.889361,0.268004,0.029111,0.906552,20000,0.368717,22.09972
3727,223.101583,199.731633,1.062505,0.125166,0.021096,1.117007,20000,0.368717,30.149944
3728,168.625377,162.375221,0.253395,0.41773,0.07689,1.038492,20000,0.368717,19.333566
3729,41.116393,50.943696,0.331105,0.303931,0.076466,0.807095,20000,0.368717,0.556636
3730,96.410001,129.542465,0.8156,0.20844,0.023202,0.744235,20000,0.368717,0.683689
3731,179.041083,144.077527,1.418701,0.10007,0.048526,1.242672,20000,0.368717,44.788925
3732,88.557888,74.321001,0.715201,0.251199,0.076439,1.191559,20000,0.368717,19.341969
3733,59.425817,70.828119,0.312543,0.446277,0.008048,0.839014,20000,0.368717,2.34792
3734,62.847197,83.446456,1.815467,0.326342,0.062824,0.753144,20000,0.368717,7.003483
3735,170.168052,168.449146,0.50342,0.471311,0.072968,1.010204,20000,0.368717,27.088782
3736,87.660999,125.157216,1.521839,0.276606,0.033772,0.700407,20000,0.368717,3.468745
3737,131.648849,164.755759,0.398981,0.442381,0.044678,0.799055,20000,0.368717,5.560195
3738,169.111749,160.066555,0.096039,0.244639,0.003552,1.056509,20000,0.368717,10.816446
3739,200.920882,199.510619,0.312437,0.576003,0.002654,1.007069,20000,0.368717,26.366783
3740,119.823122,154.353781,1.399837,0.216452,0.019494,0.776289,20000,0.368717,3.43921
3741,82.683814,111.950476,1.343217,0.392679,0.001164,0.738575,20000,0.368717,6.678934
3742,80.977869,82.294949,0.365641,0.364922,0.063891,0.983996,20000,0.368717,7.380169
3743,51.76626,57.870258,1.410726,0.240963,0.073984,0.894523,20000,0.368717,5.859825
3744,65.258459,70.857384,1.672122,0.42615,0.036712,0.920983,20000,0.368717,13.372057
3745,130.29906,116.397936,1.441923,0.163172,0.006258,1.119428,20000,0.368717,18.79247
3746,111.763012,87.139789,1.767242,0.295672,0.056036,1.282572,20000,0.368717,36.10602
3747,56.983952,53.375922,1.138591,0.184773,0.01328,1.067597,20000,0.368717,6.864818
3748,95.021747,88.399164,0.542549,0.43699,0.022065,1.074917,20000,0.368717,15.953291
3749,88.707974,96.976323,1.41715,0.132786,0.060574,0.914738,20000,0.368717,5.338367
3750,133.956719,143.270239,1.037599,0.468707,0.049571,0.934993,20000,0.368717,24.422699
3751,70.444703,82.619337,1.341018,0.508889,0.032334,0.852642,20000,0.368717,12.938403
3752,93.337771,103.75464,1.230011,0.523674,0.020389,0.899601,20000,0.368717,18.826553
3753,148.358237,125.91714,1.102006,0.505827,0.031751,1.178221,20000,0.368717,44.312257
3754,57.252539,62.087482,0.640196,0.420569,0.012218,0.922127,20000,0.368717,5.834484
3755,69.691532,57.240749,0.398661,0.399067,0.009618,1.217516,20000,0.368717,14.628713
3756,130.438424,135.188029,0.154962,0.541308,0.007411,0.964867,20000,0.368717,9.206729
3757,196.612338,159.973996,1.178686,0.216623,0.025054,1.229027,20000,0.368717,44.660209
3758,94.737917,98.61907,1.358905,0.215494,0.000514,0.960645,20000,0.368717,7.693854
3759,118.85314,156.30039,0.467694,0.517928,0.065283,0.760415,20000,0.368717,6.741962
3760,87.805087,69.060871,1.16831,0.393783,0.034716,1.271416,20000,0.368717,26.049233
3761,96.666608,98.582347,1.576841,0.404185,0.019483,0.980567,20000,0.368717,19.785418
3762,59.345433,54.646234,0.828105,0.200431,0.035932,1.085993,20000,0.368717,8.064757
3763,79.447599,111.026751,0.22442,0.382742,0.033473,0.715572,20000,0.368717,0.234538
3764,115.007104,111.491645,0.866666,0.590852,0.078183,1.031531,20000,0.368717,29.698663
3765,52.036435,68.348102,0.572022,0.124046,0.037067,0.761344,20000,0.368717,0.006195
3766,160.030337,127.716269,1.213753,0.435155,0.017927,1.253014,20000,0.368717,49.176214
3767,92.536045,117.899442,0.898143,0.50356,0.049587,0.784873,20000,0.368717,11.014768
3768,149.940601,148.877189,0.267308,0.232544,0.073875,1.007143,20000,0.368717,9.272751
3769,98.125828,87.440958,0.619095,0.495032,0.075731,1.122195,20000,0.368717,22.40865
3770,156.338332,196.241623,1.137464,0.465154,0.054227,0.796662,20000,0.368717,21.40276
3771,132.105161,143.349163,1.082561,0.18546,0.07137,0.921562,20000,0.368717,9.762054
3772,64.768865,72.940332,0.845904,0.279044,0.032584,0.887971,20000,0.368717,4.284996
3773,85.640922,107.755427,1.912953,0.308573,0.044889,0.794771,20000,0.368717,10.025543
3774,149.677764,145.084039,1.213552,0.338582,0.060871,1.031663,20000,0.368717,30.06271
3775,140.777406,142.107493,0.795305,0.152129,0.028063,0.99064,20000,0.368717,8.483151
3776,184.316465,179.244581,1.132167,0.423969,0.049374,1.028296,20000,0.368717,39.969071
3777,52.817221,66.223832,1.236724,0.537673,0.050424,0.797556,20000,0.368717,9.19399
3778,140.896392,131.462946,1.90171,0.386537,0.079135,1.071757,20000,0.368717,41.989368
3779,179.843686,194.312323,0.579869,0.311244,0.055615,0.925539,20000,0.368717,13.098881
3780,47.255286,54.614294,0.254632,0.276487,0.006259,0.865255,20000,0.368717,0.531652
3781,62.82212,65.119787,1.415597,0.190005,0.016537,0.964716,20000,0.368717,5.284229
3782,37.239273,52.311189,1.529506,0.525226,0.072298,0.71188,20000,0.368717,6.509841
3783,46.14745,63.582159,0.206666,0.296434,0.07338,0.725792,20000,0.368717,0.033213
3784,178.693977,152.557136,1.26054,0.284208,0.020972,1.171325,20000,0.368717,39.048347
3785,134.721937,149.594392,1.631059,0.36966,0.065696,0.900581,20000,0.368717,25.584814
3786,172.331576,155.365411,1.979505,0.251689,0.012889,1.109202,20000,0.368717,34.979603
3787,91.172456,120.95442,1.822092,0.488958,0.016252,0.753775,20000,0.368717,15.464294
3788,88.697202,110.937568,0.816505,0.210165,0.007351,0.799524,20000,0.368717,1.167632
3789,91.753998,71.177586,1.683092,0.188867,0.004915,1.289086,20000,0.368717,22.632984
3790,103.127028,130.069949,0.321437,0.458832,0.069375,0.792858,20000,0.368717,3.553713
3791,99.389021,135.006038,0.743897,0.444916,0.065203,0.736182,20000,0.368717,6.427564
3792,125.194857,151.905767,0.974729,0.427201,0.072101,0.824161,20000,0.368717,15.192573
3793,83.251037,110.977629,0.933152,0.558336,0.067573,0.750161,20000,0.368717,11.125105
3794,158.052343,122.933297,1.454243,0.491925,0.043419,1.285676,20000,0.368717,56.713349
3795,73.939459,77.591109,1.357398,0.356077,0.001472,0.952937,20000,0.368717,10.685376
3796,87.97498,71.385874,1.105366,0.450476,0.078442,1.232386,20000,0.368717,28.298154
3797,174.042546,189.141156,0.544306,0.296522,0.035446,0.920173,20000,0.368717,10.441124
3798,234.274042,197.642133,0.087832,0.49593,0.063973,1.185345,20000,0.368717,39.513635
3799,61.976802,79.763165,0.883238,0.126231,0.024725,0.77701,20000,0.368717,0.088161
3800,99.982753,100.374429,0.964685,0.462755,0.073165,0.996098,20000,0.368717,20.508651
3801,93.188875,101.601936,1.887705,0.418927,0.06215,0.917196,20000,0.340997,22.485903
3802,125.373859,134.912833,1.684796,0.561599,0.065134,0.929295,20000,0.340997,37.525697
3803,49.506508,64.844641,1.202554,0.37619,0.005028,0.763463,20000,0.340997,3.567307
3804,148.89807,152.023742,0.87106,0.363727,0.015305,0.97944,20000,0.340997,19.429927
3805,200.609962,182.082181,1.245638,0.572354,0.072584,1.101755,20000,0.340997,64.866587
3806,66.456827,84.31448,1.730351,0.426196,0.007629,0.788202,20000,0.340997,9.51702
3807,126.072957,178.330957,0.150292,0.245866,0.011655,0.706961,20000,0.340997,0.00101
3808,103.249057,95.92103,1.188927,0.152689,0.033157,1.076396,20000,0.340997,13.41296
3809,100.720588,125.23815,0.362239,0.582591,0.036725,0.804232,20000,0.340997,6.915877
3810,94.336159,125.509976,0.413413,0.41701,0.044811,0.751623,20000,0.340997,2.383011
3811,106.315356,110.052526,1.303377,0.400887,0.055679,0.966042,20000,0.340997,21.427487
3812,107.48844,86.082028,0.650965,0.193917,0.046895,1.248675,20000,0.340997,24.319836
3813,63.355873,61.207465,0.790533,0.141337,0.008869,1.0351,20000,0.340997,4.566008
3814,84.257848,73.481358,0.267962,0.477861,0.052299,1.146656,20000,0.340997,14.909938
3815,220.733329,174.601264,0.517826,0.551574,0.00783,1.264214,20000,0.340997,59.815983
3816,61.420741,64.574831,1.813122,0.241507,0.022649,0.951156,20000,0.340997,7.660474
3817,141.938552,114.750715,0.912892,0.594757,0.007107,1.23693,20000,0.340997,44.032729
3818,79.504361,97.735903,0.553001,0.423729,0.033274,0.813461,20000,0.340997,4.523955
3819,66.414225,65.239023,1.832347,0.234486,0.079271,1.018014,20000,0.340997,13.488329
3820,61.010603,79.477314,1.552032,0.257084,0.064049,0.767648,20000,0.340997,4.039934
3821,146.797716,175.14418,1.511476,0.518564,0.027524,0.838154,20000,0.340997,29.653667
3822,175.446836,155.840454,0.469638,0.103315,0.043294,1.125811,20000,0.340997,22.847495
3823,97.414277,108.857823,0.096863,0.106981,0.025731,0.894876,20000,0.340997,0.000386
3824,119.622726,92.042266,0.321935,0.527498,0.051237,1.29965,20000,0.340997,31.574184
3825,67.386963,79.881829,0.727008,0.547222,0.039239,0.843583,20000,0.340997,8.766365
3826,103.642501,138.274753,1.172721,0.471171,0.027395,0.74954,20000,0.340997,11.703757
3827,159.123094,192.690374,0.537568,0.272093,0.033223,0.825797,20000,0.340997,3.668147
3828,129.219303,165.546985,1.478496,0.420335,0.060664,0.78056,20000,0.340997,17.685372
3829,119.608572,92.806607,0.765063,0.193047,0.025398,1.288794,20000,0.340997,28.966046
3830,47.233504,66.881633,1.458848,0.28374,0.051133,0.706225,20000,0.340997,2.189008
3831,55.102638,59.993477,0.121374,0.283704,0.014769,0.918477,20000,0.340997,0.623565
3832,209.101126,194.070235,0.372764,0.421667,0.010946,1.077451,20000,0.340997,29.704962
3833,78.716943,77.871837,0.696279,0.375931,0.013642,1.010853,20000,0.340997,10.777478
3834,73.52519,64.341446,0.283893,0.577863,0.006465,1.142735,20000,0.340997,13.811683
3835,211.99795,175.109936,1.097507,0.231932,0.064387,1.210656,20000,0.340997,52.233708
3836,63.046155,63.601607,1.558165,0.42441,0.036283,0.991267,20000,0.340997,14.274506
3837,122.782407,155.61891,1.748916,0.479662,0.060646,0.788994,20000,0.340997,24.97629
3838,64.925695,65.777744,1.734813,0.433823,0.041073,0.987047,20000,0.340997,16.013465
3839,124.188792,170.009207,1.317588,0.152434,0.029953,0.730483,20000,0.340997,0.632245
3840,236.327937,198.997926,0.414198,0.277886,0.009283,1.18759,20000,0.340997,41.808215
3841,130.703887,116.425983,1.848081,0.286545,0.072689,1.122635,20000,0.340997,36.129758
3842,194.147226,166.738815,1.006501,0.594706,0.058215,1.164379,20000,0.340997,62.334102
3843,86.117508,108.236517,1.846883,0.101929,0.012575,0.795642,20000,0.340997,0.422482
3844,181.84908,172.842854,0.3591,0.53686,0.049747,1.052106,20000,0.340997,28.747364
3845,76.065126,101.833282,0.354681,0.451151,0.029787,0.746957,20000,0.340997,1.825878
3846,164.109795,166.098391,1.015096,0.564727,0.000294,0.988028,20000,0.340997,36.09052
3847,212.872345,172.698366,1.524692,0.154014,0.047185,1.232625,20000,0.340997,53.062419
3848,74.354428,81.32888,0.397538,0.434178,0.069581,0.914244,20000,0.340997,6.369585
3849,94.396129,114.216284,0.967901,0.483847,0.041188,0.826468,20000,0.340997,12.469773
3850,125.82978,158.149139,1.133273,0.448477,0.018751,0.79564,20000,0.340997,14.379175
3851,97.334574,110.304104,0.150952,0.171796,0.01158,0.88242,20000,0.340997,0.089013
3852,123.153657,97.827015,1.156692,0.487963,0.052664,1.258892,20000,0.340997,41.295735
3853,196.756144,189.977943,1.677514,0.237529,0.068182,1.035679,20000,0.340997,37.798488
3854,213.835831,172.857436,1.312685,0.552013,0.026474,1.237065,20000,0.340997,73.792273
3855,215.909497,176.864419,1.777786,0.440585,0.053284,1.220763,20000,0.340997,75.168981
3856,180.540579,174.312687,0.252468,0.105862,0.053965,1.035728,20000,0.340997,9.512237
3857,208.223688,190.986263,1.940999,0.362162,0.04636,1.090255,20000,0.340997,56.592199
3858,139.465665,138.089886,0.148375,0.159939,0.011782,1.009963,20000,0.340997,4.240898
3859,119.76479,93.794302,0.287756,0.328841,0.057738,1.276888,20000,0.340997,28.192489
3860,150.659215,135.409474,0.14736,0.148614,0.062684,1.112619,20000,0.340997,16.6086
3861,59.78226,56.489778,0.596983,0.200771,0.054865,1.058285,20000,0.340997,6.741521
3862,122.143053,131.146711,0.79021,0.244094,0.021126,0.931347,20000,0.340997,7.703377
3863,134.324597,187.322997,0.610451,0.430218,0.060888,0.717075,20000,0.340997,5.581807
3864,41.118594,52.293962,1.819861,0.59567,0.038364,0.786297,20000,0.340997,10.674644
3865,45.521449,51.159342,0.430637,0.236945,0.021818,0.889797,20000,0.340997,1.058758
3866,223.000197,183.663686,1.446273,0.199601,0.007946,1.214177,20000,0.340997,46.458573
3867,143.86834,159.15597,1.289421,0.176016,0.047258,0.903946,20000,0.340997,8.9165
3868,48.589238,57.284984,1.4741,0.489477,0.050347,0.848202,20000,0.340997,10.022927
3869,151.570162,169.705398,1.122714,0.357738,0.031293,0.893137,20000,0.340997,18.575852
3870,91.791717,71.341552,0.395771,0.314083,0.05801,1.286652,20000,0.340997,22.584456
3871,227.182931,196.718412,0.74682,0.396253,0.037999,1.154864,20000,0.340997,50.22567
3872,84.603751,114.727292,0.439815,0.149022,0.036136,0.737434,20000,0.340997,0.005638
3873,86.021642,98.594663,0.735088,0.444457,0.018498,0.872478,20000,0.340997,9.105285
3874,64.440289,73.761288,0.15948,0.365742,0.009093,0.873633,20000,0.340997,0.985196
3875,138.053189,142.087949,0.672626,0.4683,0.015313,0.971604,20000,0.340997,20.125726
3876,153.178593,126.434626,1.039962,0.397238,0.046484,1.211524,20000,0.340997,41.403623
3877,67.188818,59.095413,1.919873,0.20349,0.049892,1.136955,20000,0.340997,15.752645
3878,96.416084,79.424492,0.641337,0.156836,0.03103,1.213934,20000,0.340997,18.734435
3879,146.904883,181.9502,1.683083,0.372104,0.018227,0.807391,20000,0.340997,18.187694
3880,224.046066,187.686519,0.316388,0.583414,0.009698,1.193725,20000,0.340997,49.562475
3881,160.299284,174.439964,0.196635,0.176459,0.069955,0.918937,20000,0.340997,1.291394
3882,133.263407,116.127362,0.550078,0.566295,0.04057,1.147563,20000,0.340997,30.75347
3883,105.414731,150.388833,1.924618,0.502104,0.060358,0.700948,20000,0.340997,20.153681
3884,126.294335,132.891145,0.18633,0.253663,0.058624,0.950359,20000,0.340997,3.472095
3885,89.006926,116.093566,1.271032,0.490619,0.037376,0.766683,20000,0.340997,12.451235
3886,62.425006,83.087092,1.715274,0.506837,0.012442,0.75132,20000,0.340997,10.652059
3887,141.244117,137.986562,0.574035,0.239105,0.027515,1.023608,20000,0.340997,13.112214
3888,139.766462,162.259015,0.638134,0.395261,0.02986,0.861379,20000,0.340997,10.650869
3889,132.369579,159.922341,1.386343,0.542402,0.076157,0.827712,20000,0.340997,29.272547
3890,116.395281,107.677889,0.697311,0.236779,0.051236,1.080958,20000,0.340997,16.231115
3891,223.969431,179.824733,0.687966,0.39663,0.060708,1.245487,20000,0.340997,59.829423
3892,127.952108,135.452325,1.249166,0.46185,0.029235,0.944628,20000,0.340997,25.418778
3893,208.075035,169.681011,1.840225,0.194709,0.040748,1.226272,20000,0.340997,54.431031
3894,162.715179,177.826833,0.28194,0.523546,0.055137,0.91502,20000,0.340997,13.123673
3895,233.659504,183.417021,1.835167,0.22812,0.047139,1.273925,20000,0.340997,70.111653
3896,144.24848,120.591963,0.50347,0.142315,0.000976,1.19617,20000,0.340997,23.839705
3897,87.146388,100.637439,1.535035,0.390793,0.049191,0.865944,20000,0.340997,14.3585
3898,87.9098,106.437054,0.184039,0.121657,0.052827,0.825932,20000,0.340997,0.000622
3899,161.981613,148.106473,0.677489,0.130073,0.071179,1.093684,20000,0.340997,21.57979
3900,155.927733,133.849244,1.269447,0.447966,0.072643,1.16495,20000,0.340997,47.819411
3901,163.57892,187.554848,1.183817,0.164435,0.03302,0.872166,20000,0.37917,5.622915
3902,56.175176,58.051309,1.453977,0.306816,0.017533,0.967681,20000,0.37917,8.020425
3903,71.503327,68.639038,0.602475,0.295523,0.030749,1.04173,20000,0.37917,8.718311
3904,133.500048,114.630577,1.650302,0.380232,0.009582,1.164611,20000,0.37917,35.060724
3905,67.833067,84.008597,0.614164,0.372021,0.040948,0.807454,20000,0.37917,3.53877
3906,132.027566,179.176402,1.670004,0.206187,0.064379,0.736858,20000,0.37917,5.102753
3907,137.349766,135.745597,0.097924,0.135666,0.01684,1.011817,20000,0.37917,3.371711
3908,109.627828,98.013093,0.230604,0.103832,0.027758,1.118502,20000,0.37917,12.26117
3909,75.946835,65.952463,0.094294,0.36648,0.035827,1.151539,20000,0.37917,10.543767
3910,68.548908,62.910725,0.671897,0.40626,0.031007,1.089622,20000,0.37917,12.401151
3911,184.981593,158.474984,1.283809,0.51726,0.010881,1.167261,20000,0.37917,55.20974
3912,78.507963,79.928454,1.594325,0.131628,0.065167,0.982228,20000,0.37917,8.970722
3913,100.52838,109.079166,1.392144,0.130447,0.057368,0.921609,20000,0.37917,6.036223
3914,98.035305,121.64869,1.83839,0.109416,0.045206,0.805889,20000,0.37917,1.560057
3915,97.098582,101.402139,1.720455,0.30728,0.03663,0.95756,20000,0.37917,16.226404
3916,184.938024,167.177488,0.582531,0.257253,0.059545,1.106238,20000,0.37917,28.116716
3917,184.663948,182.397293,1.623473,0.177153,0.011686,1.012427,20000,0.37917,19.183543
3918,165.495086,129.373978,0.180923,0.1498,0.04541,1.279199,20000,0.37917,37.280119
3919,132.160432,108.883597,1.010904,0.335012,0.067817,1.213777,20000,0.37917,35.233931
3920,119.608582,131.659948,0.952615,0.325846,0.041211,0.908466,20000,0.37917,11.82469
3921,88.02993,75.396148,1.703747,0.352196,0.064948,1.167565,20000,0.37917,26.507231
3922,77.427296,67.733095,0.486153,0.127354,0.028501,1.143124,20000,0.37917,10.711205
3923,194.007212,187.175494,0.514731,0.552564,0.057937,1.036499,20000,0.37917,35.433467
3924,108.659287,150.062383,0.897789,0.300329,0.034989,0.724094,20000,0.37917,2.93195
3925,103.278382,114.231824,0.930313,0.484692,0.010672,0.904112,20000,0.37917,15.250141
3926,57.111496,70.441618,0.979983,0.215815,0.059647,0.810764,20000,0.37917,1.846122
3927,218.363688,197.794289,1.635066,0.129751,0.007664,1.103994,20000,0.37917,27.77717
3928,178.109751,166.044273,0.546544,0.525001,0.048742,1.072664,20000,0.37917,35.977114
3929,86.076472,116.443184,0.279523,0.264169,0.024867,0.739214,20000,0.37917,0.078849
3930,163.502896,167.94495,0.763778,0.277099,0.046799,0.973551,20000,0.37917,16.419308
3931,91.927617,76.397682,0.971566,0.185782,0.0685,1.203278,20000,0.37917,20.924081
3932,107.828477,127.082948,0.853628,0.175068,0.024331,0.848489,20000,0.37917,1.871266
3933,194.219568,178.958698,0.4274,0.389118,0.042704,1.085276,20000,0.37917,29.493239
3934,209.084683,177.376384,0.427443,0.24911,0.056157,1.178763,20000,0.37917,37.664748
3935,64.233417,91.338766,1.162687,0.363499,0.049037,0.703244,20000,0.37917,3.603206
3936,163.121465,156.972204,1.008297,0.538778,0.070072,1.039174,20000,0.37917,42.769403
3937,132.380908,128.727273,0.856653,0.116162,0.063035,1.028383,20000,0.37917,12.206489
3938,114.812715,108.37958,0.117947,0.249237,0.053627,1.059357,20000,0.37917,8.366378
3939,113.4444,98.615167,0.727635,0.577378,0.061391,1.150375,20000,0.37917,31.403672
3940,173.096697,157.762105,1.247108,0.145668,0.063171,1.097201,20000,0.37917,29.101469
3941,162.423313,187.866958,0.981745,0.584394,0.066201,0.864566,20000,0.37917,31.477899
3942,151.122755,193.269169,1.357663,0.554832,0.044915,0.781929,20000,0.37917,28.540909
3943,129.338257,99.606643,0.742159,0.441041,0.063766,1.29849,20000,0.37917,39.27942
3944,47.658774,59.424226,0.422467,0.301893,0.038326,0.802009,20000,0.37917,0.834976
3945,86.769378,71.448662,0.345014,0.459324,0.050076,1.21443,20000,0.37917,18.919948
3946,111.430825,147.365214,0.245806,0.354651,0.04671,0.756154,20000,0.37917,0.664144
3947,237.202118,184.554723,0.432468,0.421272,0.055771,1.285267,20000,0.37917,61.329759
3948,134.41819,169.806394,1.865216,0.58571,0.072201,0.791597,20000,0.37917,37.239299
3949,40.74206,54.459044,0.413373,0.311513,0.029453,0.748123,20000,0.37917,0.332711
3950,167.544634,189.244484,0.425812,0.280758,0.004511,0.885334,20000,0.37917,4.870001
3951,89.797019,120.415797,1.474002,0.526972,0.0558,0.745725,20000,0.37917,15.754552
3952,146.938977,116.680077,1.054105,0.432667,0.012957,1.259332,20000,0.37917,41.840057
3953,103.237727,110.897473,1.434547,0.511326,0.079885,0.930929,20000,0.37917,26.789793
3954,94.454593,80.354815,1.402284,0.203277,0.051473,1.175469,20000,0.37917,21.407432
3955,136.557269,111.537991,0.462313,0.2631,0.031636,1.224312,20000,0.37917,28.045528
3956,220.287902,191.326032,0.142697,0.345885,0.0527,1.151374,20000,0.37917,32.093873
3957,76.076923,66.402438,1.578298,0.155076,0.052139,1.145695,20000,0.37917,15.852537
3958,49.952093,67.484475,1.462935,0.182545,0.064481,0.740201,20000,0.37917,1.145729
3959,233.990881,198.435685,1.907685,0.355427,0.071332,1.179177,20000,0.37917,77.64426
3960,46.155575,53.743067,1.887986,0.430736,0.011807,0.858819,20000,0.37917,8.911198
3961,114.796867,137.267444,1.991299,0.325921,0.012346,0.836301,20000,0.37917,14.267255
3962,119.053153,107.740978,0.833606,0.57817,0.008359,1.104994,20000,0.37917,29.938072
3963,82.378587,77.140166,1.427592,0.14417,0.061806,1.067908,20000,0.37917,13.013886
3964,123.714908,119.276077,0.360822,0.524332,0.071063,1.037215,20000,0.37917,18.837946
3965,129.529207,159.16048,1.752996,0.249545,0.026803,0.813828,20000,0.37917,9.340854
3966,198.464998,188.56058,0.22641,0.492813,0.004444,1.052526,20000,0.37917,24.075578
3967,161.920994,141.138863,1.720773,0.244863,0.022823,1.147246,20000,0.37917,34.958093
3968,141.909499,126.637776,1.040515,0.328117,0.06603,1.120594,20000,0.37917,32.029814
3969,229.914726,185.369325,1.67548,0.363122,0.06901,1.240306,20000,0.37917,76.467963
3970,180.796279,148.698567,1.073697,0.230698,0.073314,1.215858,20000,0.37917,45.20467
3971,141.116336,122.651403,0.925375,0.330402,0.005854,1.150548,20000,0.37917,27.783938
3972,170.679922,175.626326,0.52076,0.236074,0.021316,0.971836,20000,0.37917,10.414574
3973,103.604888,107.167812,1.63786,0.205413,0.056963,0.966754,20000,0.37917,13.748355
3974,141.21082,112.967244,0.715407,0.573426,0.00083,1.250016,20000,0.37917,40.357426
3975,89.53901,90.413791,1.620851,0.122127,0.008209,0.990325,20000,0.37917,5.595054
3976,115.825034,124.9098,1.461044,0.243746,0.073824,0.927269,20000,0.37917,15.36926
3977,178.334788,148.766301,0.989378,0.388378,0.013767,1.198758,20000,0.37917,43.464836
3978,109.039341,148.430831,0.807394,0.139993,0.067249,0.734614,20000,0.37917,0.119604
3979,108.086656,128.76407,0.365422,0.340839,0.027002,0.839416,20000,0.37917,2.889624
3980,66.760678,75.904803,0.119123,0.301099,0.07857,0.879532,20000,0.37917,0.442412
3981,62.641727,83.835733,0.598636,0.413674,0.063981,0.747196,20000,0.37917,2.76538
3982,148.742655,160.531357,0.449875,0.106771,0.038587,0.926564,20000,0.37917,1.302484
3983,172.322895,199.825293,1.10403,0.229279,0.067762,0.862368,20000,0.37917,11.587788
3984,170.058388,150.4735,1.571494,0.451238,0.023467,1.130155,20000,0.37917,49.756434
3985,177.352402,165.483598,0.543537,0.589972,0.056365,1.071722,20000,0.37917,37.500849
3986,72.709014,102.41782,0.549735,0.460494,0.036063,0.709925,20000,0.37917,2.695223
3987,133.897872,164.535164,0.189115,0.332131,0.009721,0.813795,20000,0.37917,0.781194
3988,59.920676,57.945296,0.301426,0.32625,0.023765,1.03409,20000,0.37917,5.528961
3989,233.11604,197.953941,0.596582,0.436557,0.041944,1.177628,20000,0.37917,52.801231
3990,128.178399,133.347323,1.434464,0.340463,0.044252,0.961237,20000,0.37917,22.24456
3991,115.686245,120.741175,0.754262,0.174051,0.067376,0.958134,20000,0.37917,7.269374
3992,81.086069,85.850966,0.729973,0.2882,0.048203,0.944498,20000,0.37917,7.289802
3993,209.788678,193.066846,1.5629,0.568425,0.048591,1.086612,20000,0.37917,69.243433
3994,144.887636,158.646953,1.044329,0.181053,0.073506,0.913271,20000,0.37917,9.774865
3995,63.942974,78.281907,1.018,0.35727,0.005693,0.81683,20000,0.37917,4.757048
3996,65.479941,55.629449,1.586569,0.166246,0.066315,1.177073,20000,0.37917,15.901894
3997,164.569243,196.129551,1.868508,0.552812,0.035648,0.839084,20000,0.37917,41.800681
3998,112.482048,139.281169,1.230175,0.12103,0.076636,0.80759,20000,0.37917,1.636613
3999,197.300569,169.142249,0.915395,0.439789,0.074043,1.166477,20000,0.37917,53.076195
4000,77.567378,62.193234,1.368443,0.440755,0.02322,1.2472,20000,0.37917,24.267247
4001,135.67003,180.121792,1.639381,0.314298,0.025319,0.753213,20000,0.345046,10.104846
4002,71.186325,73.149827,0.822021,0.543631,0.009793,0.973158,20000,0.345046,13.469242
4003,205.174356,196.225819,1.967497,0.273931,0.007266,1.045603,20000,0.345046,36.538512
4004,97.314652,125.334171,0.658052,0.119128,0.022692,0.776441,20000,0.345046,0.022615
4005,54.972972,55.819847,0.222445,0.241718,0.071962,0.984828,20000,0.345046,2.534225
4006,123.839387,163.33233,0.588866,0.532896,0.050186,0.758205,20000,0.345046,9.333366
4007,147.650073,155.7772,0.089731,0.467385,0.029873,0.947829,20000,0.345046,5.215009
4008,99.053936,119.918489,0.787052,0.537566,0.064584,0.826011,20000,0.345046,12.99194
4009,90.458587,87.172153,1.259709,0.464875,0.068807,1.0377,20000,0.345046,23.547541
4010,196.879893,159.866013,0.274568,0.211822,0.0529,1.231531,20000,0.345046,39.321457
4011,108.579999,124.709448,1.923672,0.277926,0.059558,0.870664,20000,0.345046,15.871557
4012,108.235091,85.78979,1.790553,0.279041,0.075137,1.261631,20000,0.345046,36.036781
4013,178.362617,148.742774,1.540723,0.432491,0.078701,1.199135,20000,0.345046,61.239899
4014,106.158492,118.481487,1.760784,0.236509,0.053097,0.895992,20000,0.345046,12.365698
4015,189.35175,146.621965,0.617648,0.232294,0.052082,1.291428,20000,0.345046,47.971883
4016,113.300441,139.114011,1.651592,0.310535,0.045155,0.814443,20000,0.345046,12.266277
4017,151.226376,163.550412,1.235479,0.241064,0.051581,0.924647,20000,0.345046,15.088053
4018,180.839362,160.811162,0.165524,0.274845,0.017632,1.124545,20000,0.345046,21.55666
4019,231.566469,179.281529,1.643787,0.390306,0.040741,1.291636,20000,0.345046,78.679774
4020,209.539866,196.363576,1.776689,0.337518,0.017835,1.067101,20000,0.345046,45.574015
4021,157.442246,134.372463,0.594591,0.505545,0.06667,1.171685,20000,0.345046,39.194899
4022,90.814877,113.278958,0.35355,0.374362,0.071832,0.801692,20000,0.345046,2.337081
4023,147.400139,185.269204,0.082055,0.42044,0.061832,0.7956,20000,0.345046,0.238519
4024,87.126667,104.540344,0.868313,0.461348,0.072812,0.833426,20000,0.345046,11.292633
4025,195.014622,189.837928,1.067118,0.296731,0.062918,1.027269,20000,0.345046,32.570531
4026,70.451274,96.677017,1.045291,0.48204,0.021455,0.728728,20000,0.345046,6.91092
4027,154.274462,143.2375,1.751023,0.246527,0.035134,1.077054,20000,0.345046,30.304704
4028,156.20795,145.710794,1.418059,0.351355,0.048413,1.072041,20000,0.345046,35.497509
4029,104.245437,134.9293,0.244801,0.226931,0.05751,0.772593,20000,0.345046,0.069487
4030,108.231487,137.951052,0.138345,0.335525,0.061776,0.784564,20000,0.345046,0.180286
4031,186.717674,153.386813,0.541858,0.19512,0.072331,1.217299,20000,0.345046,39.811431
4032,137.242001,115.908662,1.847645,0.189908,0.0506,1.184053,20000,0.345046,34.213786
4033,98.738432,116.106734,1.088368,0.587004,0.078409,0.850411,20000,0.345046,21.093909
4034,178.808521,168.377707,0.315231,0.5666,0.022721,1.061949,20000,0.345046,28.301436
4035,136.176871,193.047607,1.620245,0.240484,0.071286,0.705406,20000,0.345046,6.11659
4036,72.377331,69.092533,1.090057,0.57056,0.042505,1.047542,20000,0.345046,19.750833
4037,126.702865,174.491405,1.36104,0.243111,0.010212,0.726127,20000,0.345046,2.853273
4038,82.04799,72.974004,0.573626,0.34943,0.067564,1.124345,20000,0.345046,15.107944
4039,75.270466,69.746873,1.871919,0.483343,0.017152,1.079195,20000,0.345046,22.581021
4040,64.407395,74.043828,1.714332,0.415908,0.061361,0.869855,20000,0.345046,12.571318
4041,149.813518,121.026524,1.278303,0.317067,0.036724,1.237857,20000,0.345046,40.714558
4042,54.126413,51.353645,0.19649,0.176213,0.04984,1.053994,20000,0.345046,3.75682
4043,66.750274,58.000883,0.693603,0.160563,0.010978,1.150849,20000,0.345046,9.738541
4044,150.039745,127.85902,1.756905,0.123979,0.037328,1.173478,20000,0.345046,31.130691
4045,124.570044,98.287224,1.864855,0.180476,0.063864,1.267408,20000,0.345046,38.04848
4046,198.430881,169.412945,1.674744,0.591378,0.07981,1.171285,20000,0.345046,79.325787
4047,82.233321,80.041739,1.471842,0.383388,0.048864,1.02738,20000,0.345046,18.613884
4048,146.704983,165.067016,1.064378,0.204875,0.065666,0.88876,20000,0.345046,9.340965
4049,130.661673,106.067616,1.063164,0.359488,0.075814,1.231871,20000,0.345046,37.980713
4050,146.867428,131.762659,0.308372,0.459755,0.005644,1.114636,20000,0.345046,23.280529
4051,76.496174,104.669558,0.112064,0.471068,0.060642,0.730835,20000,0.345046,0.141026
4052,152.427179,170.77088,1.834659,0.454989,0.025291,0.892583,20000,0.345046,33.952032
4053,81.024116,109.170936,0.75849,0.198905,0.027634,0.742177,20000,0.345046,0.377606
4054,63.941091,69.563751,0.339789,0.138678,0.066303,0.919173,20000,0.345046,0.669743
4055,49.524119,70.653877,1.579613,0.252302,0.004976,0.70094,20000,0.345046,1.288801
4056,96.154541,127.293249,0.786751,0.326272,0.022929,0.755378,20000,0.345046,3.072037
4057,115.4783,139.31879,0.83974,0.246476,0.066533,0.828878,20000,0.345046,4.836879
4058,126.885167,106.21508,1.575356,0.434025,0.059717,1.194606,20000,0.345046,41.522272
4059,64.93543,54.303922,0.063614,0.164429,0.064616,1.195778,20000,0.345046,10.872779
4060,134.961863,166.274954,0.640959,0.281942,0.002215,0.811679,20000,0.345046,3.385103
4061,113.248241,103.128656,0.57955,0.415512,0.000354,1.098126,20000,0.345046,19.355113
4062,87.460443,109.001476,0.724229,0.486259,0.035833,0.802379,20000,0.345046,8.207221
4063,136.103302,174.685433,0.55537,0.558292,0.002675,0.779134,20000,0.345046,11.13581
4064,99.296571,77.576036,1.278987,0.221307,0.069478,1.27999,20000,0.345046,29.078731
4065,65.387897,67.742512,1.094882,0.315102,0.079039,0.965242,20000,0.345046,9.938417
4066,107.846293,149.834328,1.554652,0.458457,0.053062,0.71977,20000,0.345046,14.530046
4067,119.439891,120.060216,0.914509,0.487802,0.013354,0.994833,20000,0.345046,22.721075
4068,109.584653,132.176739,1.303085,0.340181,0.060602,0.829077,20000,0.345046,12.445842
4069,130.222494,110.242028,1.999113,0.416205,0.066801,1.181242,20000,0.345046,47.046613
4070,91.572144,112.317453,1.922404,0.118639,0.06884,0.815298,20000,0.345046,3.328489
4071,141.786869,149.349693,0.215271,0.428812,0.001093,0.949362,20000,0.345046,7.979354
4072,73.739382,93.218852,1.304094,0.458264,0.031892,0.791035,20000,0.345046,10.267085
4073,88.25435,80.208473,0.063257,0.291199,0.063161,1.100312,20000,0.345046,8.653548
4074,92.790269,79.608942,1.199313,0.580848,0.077483,1.165576,20000,0.345046,32.499389
4075,152.998742,129.158596,1.541268,0.34488,0.048771,1.18458,20000,0.345046,43.351909
4076,126.228594,119.809991,0.748973,0.401715,0.051341,1.053573,20000,0.345046,22.337803
4077,194.557518,181.351038,1.976629,0.113421,0.044254,1.072823,20000,0.345046,30.68713
4078,60.076298,55.153977,0.260773,0.284816,0.049312,1.089247,20000,0.345046,6.894737
4079,172.592165,157.919482,0.612729,0.469219,0.003102,1.092912,20000,0.345046,32.152484
4080,177.73728,157.247951,0.435244,0.596072,0.044819,1.130299,20000,0.345046,39.357617
4081,52.804406,72.174159,1.213665,0.515844,0.00328,0.731625,20000,0.345046,6.261225
4082,120.001059,120.314675,0.230293,0.589105,0.036541,0.997393,20000,0.345046,13.65793
4083,137.647098,124.93538,1.148714,0.369176,0.048654,1.101746,20000,0.345046,31.153353
4084,77.964226,84.48938,0.619385,0.392595,0.067526,0.92277,20000,0.345046,8.192095
4085,53.280677,52.551422,1.571118,0.213586,0.026367,1.013877,20000,0.345046,7.180227
4086,202.055983,186.95464,0.632058,0.148044,0.005959,1.080775,20000,0.345046,19.309801
4087,143.707837,148.943059,0.535097,0.474163,0.044913,0.964851,20000,0.345046,19.242726
4088,106.261175,146.589709,1.820721,0.174329,0.034878,0.724888,20000,0.345046,1.991861
4089,135.279653,116.079387,0.272557,0.400491,0.07022,1.165406,20000,0.345046,24.630806
4090,95.723782,95.896817,1.577927,0.585225,0.007863,0.998196,20000,0.345046,27.93515
4091,72.995147,99.661059,0.653027,0.298523,0.002083,0.732434,20000,0.345046,1.014197
4092,110.460215,140.168072,1.929425,0.157074,3.1e-05,0.788055,20000,0.345046,1.85032
4093,179.255043,191.497507,1.854485,0.570839,0.010306,0.93607,20000,0.345046,50.326103
4094,109.286619,141.628692,1.355701,0.395428,0.01487,0.771642,20000,0.345046,11.026045
4095,149.146006,136.10949,0.444458,0.263264,0.027749,1.09578,20000,0.345046,18.940109
4096,105.016969,94.831875,0.879941,0.457456,0.064824,1.107402,20000,0.345046,25.343189
4097,103.671997,88.09163,1.890312,0.423449,0.001475,1.176865,20000,0.345046,30.511788
4098,249.718345,192.957089,0.583809,0.443983,0.059923,1.294165,20000,0.345046,71.3014
4099,90.002621,86.497226,0.724795,0.285853,0.055219,1.040526,20000,0.345046,12.394842
4100,96.621618,98.443668,1.184923,0.104752,0.028901,0.981491,20000,0.345046,5.131711
4101,166.047298,197.397492,0.88263,0.129272,0.068872,0.841182,20000,0.352014,1.956311
4102,92.521202,104.575541,1.418308,0.579589,0.069441,0.884731,20000,0.352014,24.418967
4103,137.363567,112.43721,1.727715,0.329985,0.053973,1.221691,20000,0.352014,42.147725
4104,97.316643,75.434491,0.584063,0.161755,0.023006,1.290082,20000,0.352014,22.793245
4105,56.774146,52.369937,0.965466,0.221593,0.008758,1.084098,20000,0.352014,7.57838
4106,122.405047,98.93316,0.058813,0.238637,0.026349,1.23725,20000,0.352014,23.593215
4107,89.152662,104.161181,1.441419,0.304994,0.06028,0.855911,20000,0.352014,10.34192
4108,68.736461,89.905664,0.899133,0.139588,0.008844,0.76454,20000,0.352014,0.087409
4109,110.489422,109.969591,1.328943,0.266776,0.023199,1.004727,20000,0.352014,15.401643
4110,133.683491,174.621932,0.104411,0.484683,0.004254,0.76556,20000,0.352014,0.452531
4111,248.424771,195.85755,1.171539,0.121239,0.059291,1.268395,20000,0.352014,65.864309
4112,116.596094,119.995719,1.212864,0.417739,0.000961,0.971669,20000,0.352014,19.916585
4113,53.941784,68.485917,0.568355,0.241718,0.013438,0.787633,20000,0.352014,0.519933
4114,99.244135,136.511905,1.839882,0.11653,0.026193,0.727,20000,0.352014,0.317085
4115,139.465685,185.4503,0.247719,0.194702,0.06315,0.752038,20000,0.352014,0.009626
4116,126.194206,106.956415,1.036242,0.353438,0.011154,1.179866,20000,0.352014,28.642236
4117,73.726224,63.575465,0.790361,0.576079,0.077104,1.159665,20000,0.352014,21.216354
4118,159.874692,159.908418,1.17685,0.470872,0.023743,0.999789,20000,0.352014,33.729205
4119,211.620373,167.078811,1.236961,0.382079,0.05169,1.26659,20000,0.352014,65.026749
4120,69.676289,84.711843,1.263417,0.14626,0.043247,0.822509,20000,0.352014,1.35454
4121,159.914156,189.909517,1.282,0.570969,0.065424,0.842054,20000,0.352014,35.753501
4122,109.367468,140.245529,0.669019,0.406753,0.057722,0.779829,20000,0.352014,6.296886
4123,54.592902,60.016183,0.555314,0.539609,0.029873,0.909636,20000,0.352014,6.975299
4124,178.541575,163.331064,1.101541,0.388349,0.074196,1.093127,20000,0.352014,43.152128
4125,58.667784,55.584084,0.25301,0.182068,0.040843,1.055478,20000,0.352014,4.420183
4126,40.119532,53.765655,1.661915,0.452724,0.057938,0.746193,20000,0.352014,6.265585
4127,106.167047,131.334384,0.747398,0.557142,0.044025,0.808372,20000,0.352014,13.348704
4128,85.171078,98.484543,0.070363,0.501547,0.052104,0.864817,20000,0.352014,0.898742
4129,130.17032,123.327866,0.237669,0.526616,0.028224,1.055482,20000,0.352014,17.087781
4130,131.684244,133.040912,1.016195,0.530198,0.066329,0.989803,20000,0.352014,30.463097
4131,163.365252,161.120136,0.964908,0.205436,0.036806,1.013934,20000,0.352014,17.070777
4132,145.166094,138.581951,0.159413,0.265754,0.047816,1.047511,20000,0.352014,10.407522
4133,226.085125,189.290696,1.927044,0.218023,0.068551,1.194381,20000,0.352014,65.108702
4134,156.719902,137.916903,1.463198,0.15708,0.041483,1.136336,20000,0.352014,29.270398
4135,120.72789,141.598806,0.935945,0.350189,0.052704,0.852605,20000,0.352014,10.861875
4136,87.056845,104.755494,1.360963,0.424351,0.05308,0.831048,20000,0.352014,13.49783
4137,166.059649,144.162227,1.725802,0.122033,0.040794,1.151894,20000,0.352014,32.782908
4138,115.130906,111.215409,0.120434,0.289504,0.026372,1.035206,20000,0.352014,6.942491
4139,77.44293,92.24518,1.591742,0.594856,0.075124,0.839534,20000,0.352014,21.016455
4140,170.195566,176.889184,1.699665,0.160578,0.039808,0.962159,20000,0.352014,16.667491
4141,121.144055,135.969446,1.387449,0.150153,0.002183,0.890965,20000,0.352014,3.651297
4142,141.310005,164.509079,0.052146,0.320864,0.049668,0.85898,20000,0.352014,0.086077
4143,130.857604,145.111919,0.313962,0.541728,0.063004,0.90177,20000,0.352014,11.555
4144,96.400663,74.575352,0.956762,0.393458,0.015429,1.292661,20000,0.352014,27.532233
4145,189.547278,165.449524,0.899107,0.353463,0.079197,1.14565,20000,0.352014,44.952357
4146,114.644604,126.773457,0.34643,0.175947,0.058396,0.904327,20000,0.352014,1.566557
4147,116.795048,159.204873,0.061418,0.487294,0.017667,0.733615,20000,0.352014,0.029969
4148,119.331428,98.877632,1.607897,0.411817,9.7e-05,1.20686,20000,0.352014,34.576098
4149,80.87355,105.776987,1.166374,0.302386,0.052082,0.764567,20000,0.352014,4.60013
4150,100.920735,91.580147,0.25521,0.550855,0.034816,1.101994,20000,0.352014,16.079531
4151,72.854628,65.467768,0.549874,0.202158,0.019594,1.112832,20000,0.352014,9.3374
4152,74.101251,80.79546,1.268824,0.165208,0.005925,0.917146,20000,0.352014,3.250689
4153,180.016083,172.779259,0.912782,0.128414,0.05435,1.041885,20000,0.352014,18.483697
4154,153.437525,143.390082,1.359728,0.110299,0.013418,1.070071,20000,0.352014,15.473585
4155,101.632617,87.908355,1.514627,0.498121,0.058914,1.15612,20000,0.352014,33.689233
4156,112.938786,113.459138,0.415683,0.126241,0.033528,0.995414,20000,0.352014,4.133836
4157,223.545029,193.540583,0.138159,0.357149,0.050572,1.155029,20000,0.352014,32.858088
4158,96.327605,128.989621,1.098686,0.223584,0.079973,0.746786,20000,0.352014,2.572666
4159,94.554387,77.523126,1.754602,0.492786,0.019376,1.219693,20000,0.352014,32.403444
4160,136.512685,105.828517,0.167055,0.412093,0.010199,1.289942,20000,0.352014,31.520667
4161,169.495887,162.05923,0.465128,0.136394,0.078023,1.045889,20000,0.352014,14.961377
4162,231.290723,191.538543,0.428312,0.244454,0.007285,1.207541,20000,0.352014,42.128563
4163,97.677817,75.20206,0.982621,0.140377,0.062238,1.298872,20000,0.352014,27.058476
4164,171.43526,164.074252,1.482846,0.407441,0.03614,1.044864,20000,0.352014,41.417417
4165,160.053743,125.633198,0.581416,0.271327,0.057696,1.273977,20000,0.352014,39.865181
4166,131.7996,103.698571,0.76683,0.438295,0.053532,1.270988,20000,0.352014,38.214291
4167,138.080815,165.363379,0.594807,0.406882,0.035764,0.835014,20000,0.352014,9.005958
4168,149.974964,169.008325,0.539525,0.389106,0.05103,0.887382,20000,0.352014,11.450881
4169,78.249499,68.196602,1.686117,0.581171,0.005361,1.147411,20000,0.352014,27.237302
4170,161.570528,134.424496,1.11902,0.314369,0.053878,1.201943,20000,0.352014,41.507247
4171,187.527248,149.95141,1.376055,0.109444,0.054258,1.250587,20000,0.352014,48.328647
4172,68.737455,61.229863,0.321331,0.242215,0.001367,1.122613,20000,0.352014,8.418784
4173,92.865388,114.487807,0.353623,0.562634,0.013267,0.811138,20000,0.352014,5.555059
4174,84.283531,88.117363,1.551053,0.300066,0.047696,0.956492,20000,0.352014,13.855636
4175,130.484319,186.320841,0.22349,0.551969,0.044199,0.700321,20000,0.352014,1.771622
4176,127.513631,106.474322,1.260996,0.442167,0.061918,1.1976,20000,0.352014,38.595055
4177,171.822509,169.82575,0.562572,0.246612,0.038641,1.011758,20000,0.352014,15.461127
4178,76.961117,83.421999,1.366809,0.129743,0.005706,0.922552,20000,0.352014,2.488393
4179,116.874228,155.121585,0.5784,0.357246,0.017374,0.753436,20000,0.352014,3.036836
4180,165.274446,191.213769,0.61229,0.334239,0.040092,0.864344,20000,0.352014,9.759325
4181,241.435962,197.92085,1.932137,0.101034,0.037448,1.219861,20000,0.352014,57.760743
4182,108.262581,108.90714,1.083277,0.436225,0.040042,0.994082,20000,0.352014,21.472571
4183,143.006341,179.039633,0.846438,0.592695,0.019517,0.798741,20000,0.352014,19.979956
4184,68.214531,81.135226,1.1247,0.385402,0.067276,0.840751,20000,0.352014,8.312723
4185,166.66116,163.169886,0.3951,0.462931,0.014197,1.021397,20000,0.352014,21.531856
4186,141.002346,161.354984,1.433338,0.363709,0.017158,0.873864,20000,0.352014,18.206176
4187,97.811829,130.60487,1.865852,0.393194,0.015702,0.748914,20000,0.352014,12.11296
4188,184.823386,174.943623,0.665281,0.449004,0.049081,1.056474,20000,0.352014,34.215748
4189,184.733719,196.420713,0.962702,0.442626,0.042872,0.9405,20000,0.352014,29.889953
4190,72.102632,89.235826,1.972624,0.197471,0.061121,0.808001,20000,0.352014,5.33875
4191,140.172919,195.23179,1.619193,0.288021,0.056225,0.717982,20000,0.352014,8.866024
4192,82.326011,95.107634,1.774235,0.133723,0.017123,0.865609,20000,0.352014,2.480117
4193,65.754741,75.399765,0.45695,0.441543,0.070828,0.872082,20000,0.352014,4.991053
4194,44.979439,50.5469,0.44561,0.455923,0.029834,0.889856,20000,0.352014,3.594377
4195,72.477817,82.738162,1.760552,0.55471,0.036969,0.87599,20000,0.352014,19.024926
4196,65.842002,60.384139,1.110757,0.586567,0.023506,1.090386,20000,0.352014,18.950623
4197,86.355387,71.795064,0.35092,0.527096,0.068242,1.202804,20000,0.352014,19.945609
4198,100.740288,96.525394,1.883773,0.418296,0.008929,1.043666,20000,0.352014,25.802697
4199,215.282901,198.141108,1.385534,0.43917,0.002006,1.086513,20000,0.352014,51.641586
4200,88.970991,100.903425,0.740131,0.392685,0.026635,0.881744,20000,0.352014,8.136961
4201,116.374273,92.048228,0.751785,0.575969,0.028872,1.264275,20000,0.337125,35.77234
4202,64.117812,91.552181,0.161608,0.361228,0.070545,0.700342,20000,0.337125,0.035241
4203,59.982453,65.14693,1.227621,0.301593,0.015509,0.920726,20000,0.337125,6.43806
4204,111.417946,95.922642,0.930816,0.156982,0.079498,1.16154,20000,0.337125,22.65481
4205,94.563884,83.617408,0.979252,0.331723,0.049014,1.130911,20000,0.337125,20.690491
4206,60.922556,77.138457,1.098393,0.546537,0.05516,0.789782,20000,0.337125,9.85185
4207,42.163187,51.198745,1.269444,0.229423,0.030139,0.82352,20000,0.337125,1.976678
4208,160.94004,140.050307,1.404221,0.105378,0.035364,1.149159,20000,0.337125,28.156572
4209,105.650757,100.639409,1.822861,0.245102,0.050092,1.049795,20000,0.337125,21.104403
4210,78.915384,107.532414,1.203331,0.205432,0.014358,0.733875,20000,0.337125,0.900708
4211,172.875824,185.06851,0.8906,0.11652,0.046293,0.934118,20000,0.337125,5.534186
4212,69.361619,76.402222,1.209554,0.181816,0.003093,0.907848,20000,0.337125,2.980663
4213,95.68477,91.548155,0.19779,0.112512,0.069983,1.045185,20000,0.337125,5.642384
4214,187.432789,148.697153,1.220083,0.498979,0.066545,1.2605,20000,0.337125,65.97499
4215,90.777793,91.105996,0.106038,0.43447,0.071419,0.996398,20000,0.337125,5.358676
4216,160.187461,166.064793,1.341709,0.307251,0.029532,0.964608,20000,0.337125,23.80794
4217,78.986214,110.977057,1.706862,0.355906,0.070537,0.711735,20000,0.337125,8.345527
4218,72.064139,67.003532,0.200051,0.295913,0.067481,1.075527,20000,0.337125,7.401655
4219,155.475026,188.113997,1.689895,0.391383,0.041904,0.826494,20000,0.337125,24.501891
4220,203.906527,163.848267,0.30239,0.544644,0.029063,1.244484,20000,0.337125,48.067259
4221,115.302154,102.656828,1.389798,0.263175,0.002678,1.123181,20000,0.337125,20.716243
4222,82.301973,64.853906,1.454391,0.16621,0.010052,1.269036,20000,0.337125,19.082259
4223,67.490756,83.624854,0.778007,0.584535,0.031656,0.807066,20000,0.337125,9.353088
4224,187.854534,184.08613,1.894688,0.597111,0.075233,1.020471,20000,0.337125,70.614827
4225,73.849503,91.051564,1.086683,0.344029,0.006592,0.811073,20000,0.337125,5.100905
4226,201.72337,164.757974,0.872207,0.23486,0.016231,1.224362,20000,0.337125,42.372361
4227,83.550125,69.454395,1.024378,0.555361,0.074416,1.202949,20000,0.337125,27.791144
4228,74.917016,78.955753,1.81273,0.359506,0.037837,0.948848,20000,0.337125,14.720887
4229,92.040302,81.013286,0.776894,0.119242,0.002873,1.136114,20000,0.337125,11.694106
4230,136.074228,169.085754,0.263089,0.250403,0.028338,0.804765,20000,0.337125,0.406035
4231,159.815528,160.131351,1.275695,0.258421,0.037612,0.998028,20000,0.337125,21.890004
4232,83.150159,80.071089,0.969489,0.243828,0.009653,1.038454,20000,0.337125,9.932215
4233,217.913104,191.376037,0.47286,0.580611,0.039107,1.138665,20000,0.337125,49.075791
4234,106.664868,127.603687,0.457761,0.569702,0.019458,0.835907,20000,0.337125,9.540257
4235,159.194289,124.238977,0.424058,0.503689,0.051736,1.281355,20000,0.337125,43.195211
4236,101.037041,81.904243,1.689896,0.211404,0.024966,1.2336,20000,0.337125,24.42108
4237,154.357664,190.376656,1.634149,0.141322,0.030393,0.810801,20000,0.337125,3.126085
4238,161.600671,186.102956,0.592339,0.103356,0.049283,0.86834,20000,0.337125,0.470594
4239,185.10449,193.174691,0.264852,0.523717,0.016506,0.958223,20000,0.337125,17.297429
4240,166.292045,195.921463,1.869867,0.549441,0.065085,0.848769,20000,0.337125,47.408661
4241,101.394032,110.372625,0.219967,0.333348,0.071628,0.918652,20000,0.337125,3.526042
4242,52.498015,52.167296,1.168593,0.318922,0.042981,1.00634,20000,0.337125,8.543209
4243,149.12011,120.060442,1.324229,0.147765,0.029774,1.242042,20000,0.337125,34.251273
4244,193.496543,188.427102,1.94505,0.385881,0.059897,1.026904,20000,0.337125,52.232669
4245,48.925449,60.702422,0.686242,0.155642,0.056922,0.805988,20000,0.337125,0.273213
4246,221.728552,198.791568,1.351158,0.122443,0.073587,1.115382,20000,0.337125,42.93932
4247,176.788355,190.411446,0.389099,0.285617,0.036497,0.928454,20000,0.337125,8.286601
4248,133.599401,131.869571,1.2628,0.514336,0.065287,1.013118,20000,0.337125,35.718615
4249,141.345824,148.881468,0.521852,0.359171,0.072908,0.949385,20000,0.337125,13.760234
4250,70.893873,77.249313,0.727352,0.280533,0.001216,0.917728,20000,0.337125,4.43777
4251,78.654189,93.351305,1.504469,0.469263,0.026939,0.842561,20000,0.337125,14.012859
4252,61.843812,84.70863,0.791987,0.229913,0.044567,0.730077,20000,0.337125,0.561912
4253,67.553873,61.814149,1.264268,0.528114,0.049762,1.092855,20000,0.337125,20.238833
4254,91.408365,102.811232,1.266733,0.296787,0.069691,0.889089,20000,0.337125,10.847405
4255,56.520404,69.082682,1.462228,0.15328,0.077287,0.818156,20000,0.337125,2.250808
4256,113.500159,140.461076,0.153385,0.339879,0.029693,0.808054,20000,0.337125,0.442098
4257,142.160758,189.269462,1.655611,0.440284,0.064234,0.751102,20000,0.337125,22.476348
4258,211.138062,183.467026,0.275019,0.10556,0.032072,1.150823,20000,0.337125,29.300669
4259,83.084519,81.699071,1.477627,0.44603,0.02134,1.016958,20000,0.337125,19.335946
4260,73.780069,80.939113,1.221274,0.584185,0.038539,0.91155,20000,0.337125,17.321809
4261,59.635671,59.829905,1.503513,0.353873,0.078516,0.996754,20000,0.337125,13.349907
4262,85.493585,106.113782,1.262894,0.132523,0.028328,0.805678,20000,0.337125,0.779039
4263,146.259764,114.458435,1.981409,0.426771,0.059351,1.277842,20000,0.337125,55.635099
4264,94.77844,103.275753,0.648189,0.352444,0.079303,0.917722,20000,0.337125,9.318933
4265,125.444336,117.644284,0.763271,0.387961,0.017275,1.066302,20000,0.337125,21.405885
4266,65.768247,55.796802,0.114049,0.308689,0.032234,1.17871,20000,0.337125,10.287942
4267,150.895915,135.802914,1.194803,0.428882,0.046839,1.111139,20000,0.337125,38.733464
4268,218.906538,193.87853,0.798734,0.122777,0.048977,1.129091,20000,0.337125,33.025168
4269,182.555055,156.845872,1.019972,0.118212,0.023089,1.163914,20000,0.337125,29.777436
4270,84.799235,103.015271,1.408757,0.253225,0.051055,0.823172,20000,0.337125,6.123392
4271,172.274993,160.67978,1.843273,0.103261,0.044868,1.072163,20000,0.337125,25.896149
4272,167.022367,185.380524,1.588202,0.377242,0.067451,0.90097,20000,0.337125,32.007266
4273,116.192803,100.895938,1.919567,0.454963,0.028276,1.15161,20000,0.337125,38.784525
4274,128.121956,151.26014,1.792216,0.219074,0.079646,0.847031,20000,0.337125,13.803085
4275,99.188606,109.199312,1.648942,0.28126,0.062237,0.908326,20000,0.337125,14.767327
4276,150.770196,128.098359,1.046696,0.558634,0.053917,1.176988,20000,0.337125,47.496187
4277,62.219473,58.329249,0.795524,0.393432,0.033606,1.066694,20000,0.337125,11.376645
4278,169.022155,132.67241,0.681011,0.52691,0.024538,1.273981,20000,0.337125,49.827994
4279,121.618165,165.689386,0.212935,0.422118,0.052135,0.734013,20000,0.337125,0.675706
4280,118.451278,103.975638,0.557824,0.356406,0.050609,1.139221,20000,0.337125,22.102796
4281,44.922636,51.530263,0.72352,0.537225,0.036991,0.871772,20000,0.337125,6.262857
4282,100.146489,77.802802,0.072289,0.520644,0.040077,1.287184,20000,0.337125,22.919429
4283,36.62272,50.208039,1.430699,0.578889,0.047249,0.729419,20000,0.337125,6.735723
4284,199.611328,194.387798,1.823552,0.39432,0.064955,1.026872,20000,0.337125,53.957513
4285,142.598282,131.001808,0.132584,0.211588,0.0554,1.088521,20000,0.337125,13.177517
4286,202.169198,172.95208,0.18805,0.3131,0.031031,1.168932,20000,0.337125,31.861297
4287,71.562894,95.432115,1.662905,0.563512,0.025269,0.749883,20000,0.337125,15.050032
4288,111.428939,93.797255,0.901243,0.352628,0.073752,1.187977,20000,0.337125,28.178952
4289,86.710298,80.233016,1.10493,0.490736,0.041834,1.080731,20000,0.337125,23.066126
4290,61.396939,66.188635,0.155266,0.374807,0.057464,0.927605,20000,0.337125,1.973192
4291,69.408205,66.414127,1.018707,0.2838,0.078765,1.045082,20000,0.337125,12.28161
4292,94.660468,78.889756,0.092595,0.331717,0.072837,1.199908,20000,0.337125,16.44039
4293,155.721035,137.461376,0.189446,0.225709,0.049999,1.132835,20000,0.337125,20.182709
4294,50.505904,56.849539,1.738794,0.448929,0.027931,0.888414,20000,0.337125,10.367361
4295,81.168824,69.262464,0.375241,0.299824,0.034444,1.171902,20000,0.337125,13.995326
4296,184.462302,196.39558,0.103784,0.50617,0.063845,0.939239,20000,0.337125,7.857256
4297,120.31323,101.86522,1.85061,0.278423,0.05644,1.181102,20000,0.337125,33.927304
4298,131.088796,119.747272,1.644721,0.478425,0.061937,1.094712,20000,0.337125,43.251465
4299,62.56586,57.436943,1.594483,0.127012,0.036921,1.089296,20000,0.337125,9.336292
4300,74.001465,69.430779,0.596236,0.20908,0.029298,1.065831,20000,0.337125,7.987363
4301,96.708741,112.303469,1.33616,0.452244,0.032406,0.861138,20000,0.341953,15.742481
4302,109.724251,98.239753,0.584756,0.308479,0.030443,1.116903,20000,0.341953,17.625213
4303,158.950357,194.700774,1.701694,0.18442,0.023802,0.816383,20000,0.341953,5.89077
4304,184.15212,154.552442,0.287003,0.30602,0.041802,1.191519,20000,0.341953,33.163154
4305,60.199212,50.185596,0.942425,0.422308,0.063812,1.199532,20000,0.341953,16.74734
4306,93.892544,103.611969,0.617229,0.572942,0.030738,0.906194,20000,0.341953,13.726482
4307,72.777671,100.290224,0.753058,0.391908,0.07393,0.725671,20000,0.341953,3.586441
4308,99.126562,90.709127,1.147614,0.24569,0.062697,1.092796,20000,0.341953,18.818272
4309,245.284252,190.6591,1.451911,0.567637,0.041411,1.286507,20000,0.341953,94.599379
4310,77.834703,61.486063,0.976208,0.122917,0.048169,1.265892,20000,0.341953,19.273055
4311,196.599247,157.82916,0.469072,0.576839,0.042716,1.245646,20000,0.341953,53.902086
4312,162.76911,153.398002,1.061935,0.423334,0.044907,1.06109,20000,0.341953,35.49272
4313,152.958447,166.600609,1.952714,0.389541,0.055364,0.918115,20000,0.341953,34.023187
4314,127.590055,104.611314,1.780089,0.345072,0.068859,1.219658,20000,0.341953,41.866383
4315,160.014461,198.914702,0.607189,0.29111,0.052524,0.804438,20000,0.341953,4.503219
4316,45.693861,51.471494,0.396413,0.244665,0.06964,0.887751,20000,0.341953,1.246627
4317,132.393291,158.811979,1.804768,0.481331,0.037881,0.833648,20000,0.341953,28.368576
4318,54.720933,53.611981,0.968281,0.161673,0.020229,1.020685,20000,0.341953,4.578326
4319,208.150816,199.119796,1.52943,0.185084,0.017928,1.045355,20000,0.341953,26.152553
4320,49.017205,60.766497,0.058507,0.306562,0.020922,0.806649,20000,0.341953,0.00169
4321,135.219341,109.130035,1.305031,0.162223,0.032954,1.239066,20000,0.341953,31.392933
4322,199.894466,184.351233,1.843272,0.588269,0.018294,1.084313,20000,0.341953,67.785468
4323,210.374063,186.824913,1.960945,0.575592,0.033941,1.126049,20000,0.341953,78.738969
4324,200.940397,178.0841,1.455688,0.423867,0.018237,1.128346,20000,0.341953,53.100391
4325,94.938965,115.246768,1.299646,0.533486,0.003543,0.823789,20000,0.341953,16.132694
4326,120.636508,117.416031,0.506353,0.211989,0.033666,1.027428,20000,0.341953,9.976288
4327,81.081709,81.720515,0.15508,0.351124,0.07236,0.992183,20000,0.341953,4.708742
4328,226.913523,186.14209,0.383041,0.24898,0.02382,1.219034,20000,0.341953,43.940402
4329,89.26225,70.405112,1.971762,0.320758,0.029202,1.267838,20000,0.341953,28.481553
4330,196.853115,188.267789,0.949472,0.329313,0.056107,1.045602,20000,0.341953,34.151233
4331,128.496252,160.303355,0.341373,0.585063,0.011274,0.801582,20000,0.341953,7.841667
4332,114.515462,159.476515,0.742259,0.565006,0.05057,0.718071,20000,0.341953,10.504985
4333,69.644327,70.221371,0.076441,0.465176,0.021543,0.991783,20000,0.341953,3.340537
4334,204.376759,170.23801,1.119791,0.590706,0.002288,1.200535,20000,0.341953,65.491245
4335,170.015985,157.170828,1.340721,0.39417,0.005645,1.081727,20000,0.341953,36.421267
4336,198.225886,154.412552,1.206971,0.554817,0.063779,1.283742,20000,0.341953,73.529475
4337,63.63406,76.02484,0.655094,0.312272,0.016926,0.837017,20000,0.341953,2.63011
4338,93.761478,78.779483,0.519865,0.160398,0.045569,1.190176,20000,0.341953,17.15998
4339,84.274311,70.938905,1.689627,0.320278,0.030587,1.187984,20000,0.341953,22.424017
4340,121.746725,140.996448,1.484301,0.439671,0.00982,0.863474,20000,0.341953,19.901246
4341,150.006866,185.912632,0.73972,0.439249,0.075462,0.806868,20000,0.341953,13.425505
4342,129.239582,146.725899,0.152504,0.41514,0.006503,0.880823,20000,0.341953,2.781198
4343,173.645998,159.457349,0.72281,0.293514,0.074442,1.088981,20000,0.341953,29.971596
4344,63.255568,77.311947,1.539835,0.524957,0.064686,0.818186,20000,0.341953,14.054684
4345,97.904149,112.130512,0.749351,0.433421,0.049156,0.873127,20000,0.341953,11.017287
4346,198.921079,158.431808,1.159988,0.505534,0.053241,1.255563,20000,0.341953,67.274876
4347,176.485379,142.562321,1.717438,0.12494,0.027317,1.237952,20000,0.341953,41.808135
4348,157.953984,123.451759,1.548362,0.20103,0.019202,1.279479,20000,0.341953,40.826391
4349,70.659063,95.133695,0.207979,0.117871,0.05833,0.742734,20000,0.341953,0.0
4350,108.907172,94.235011,0.408973,0.153726,0.0367,1.155698,20000,0.341953,16.272484
4351,167.403556,166.500185,0.31627,0.424617,0.060609,1.005426,20000,0.341953,17.833915
4352,123.681782,114.785839,0.111877,0.53533,0.002371,1.0775,20000,0.341953,13.5714
4353,98.015536,81.113603,1.231704,0.248169,0.013063,1.208374,20000,0.341953,21.40224
4354,132.521976,165.692201,0.738939,0.497378,0.074619,0.799808,20000,0.341953,14.23704
4355,226.901641,197.267049,1.445792,0.129556,0.068224,1.150226,20000,0.341953,49.056873
4356,64.694294,61.519933,1.287283,0.436354,0.01794,1.051599,20000,0.341953,14.789054
4357,197.412715,193.078902,1.179076,0.446329,0.051052,1.022446,20000,0.341953,44.926405
4358,85.639996,113.604045,0.085817,0.568142,0.074837,0.753846,20000,0.341953,0.340344
4359,239.363153,188.401308,1.144579,0.466761,0.066285,1.270496,20000,0.341953,80.584006
4360,156.671254,172.766465,1.825427,0.191196,0.051442,0.906838,20000,0.341953,15.724222
4361,71.846383,99.842253,1.751777,0.388972,0.035859,0.719599,20000,0.341953,7.957973
4362,46.407163,62.951454,1.183292,0.581266,0.016427,0.73719,20000,0.341953,7.092062
4363,116.603107,114.40195,1.182009,0.544556,0.009867,1.019241,20000,0.341953,28.23335
4364,62.224008,78.482781,1.307887,0.417281,0.027955,0.792836,20000,0.341953,7.359305
4365,75.505773,68.898571,1.434824,0.375784,0.071808,1.095898,20000,0.341953,20.034836
4366,129.624578,100.051043,1.754937,0.434477,0.035288,1.295584,20000,0.341953,46.510088
4367,57.693192,75.925102,1.514428,0.551926,0.017492,0.75987,20000,0.341953,10.24574
4368,129.289349,180.41576,1.604515,0.414339,0.070223,0.716619,20000,0.341953,16.582066
4369,89.315443,92.745119,0.187481,0.354148,0.0665,0.96302,20000,0.341953,4.477444
4370,77.462776,65.693312,1.210463,0.2818,0.061428,1.179158,20000,0.341953,18.949124
4371,162.96493,161.751497,1.535448,0.410248,0.018015,1.007502,20000,0.341953,35.65328
4372,107.918037,116.040307,0.074159,0.130002,0.058339,0.930005,20000,0.341953,0.03361
4373,112.776908,115.075542,1.814104,0.23057,0.05959,0.980025,20000,0.341953,18.698209
4374,200.084121,173.185191,1.629952,0.171937,0.02347,1.155319,20000,0.341953,37.934196
4375,97.217005,106.129561,0.104652,0.532395,0.002117,0.916022,20000,0.341953,3.41138
4376,66.399503,82.01842,0.254675,0.287662,0.073871,0.809568,20000,0.341953,0.446016
4377,174.991452,160.243713,1.408228,0.54761,0.06844,1.092033,20000,0.341953,57.340282
4378,162.07808,191.919942,1.016724,0.4287,0.039729,0.844509,20000,0.341953,20.213586
4379,88.917502,89.672439,1.373058,0.178237,0.074349,0.991581,20000,0.341953,11.638815
4380,67.092127,85.215494,0.514065,0.563629,0.057701,0.787323,20000,0.341953,5.60234
4381,49.195772,55.568801,0.404294,0.413576,0.007563,0.885313,20000,0.341953,2.826056
4382,133.015985,141.521145,0.868548,0.362036,0.005644,0.939902,20000,0.341953,14.5053
4383,71.783837,84.892667,0.712923,0.125593,0.010295,0.845583,20000,0.341953,0.229479
4384,168.805232,182.720875,0.39106,0.230047,0.023416,0.923842,20000,0.341953,4.940153
4385,84.929514,71.039965,1.692762,0.294568,0.028278,1.195517,20000,0.341953,22.045937
4386,83.69133,77.272278,0.317278,0.103288,0.070298,1.083071,20000,0.341953,8.176941
4387,112.776673,139.147434,1.87807,0.296813,0.067102,0.810483,20000,0.341953,14.493623
4388,92.56581,123.186002,0.478057,0.537465,0.042473,0.751431,20000,0.341953,5.439553
4389,148.402665,137.975081,0.883804,0.174716,0.068625,1.075576,20000,0.341953,21.199414
4390,156.317459,188.967523,0.821782,0.388114,0.038322,0.827219,20000,0.341953,12.532132
4391,50.411539,69.642598,0.936289,0.345976,0.006954,0.723861,20000,0.341953,1.829618
4392,134.279866,113.372864,0.302116,0.537125,0.048615,1.184409,20000,0.341953,28.488938
4393,71.160958,68.804247,0.559795,0.140139,0.062548,1.034252,20000,0.341953,5.900797
4394,218.534246,169.739178,1.653894,0.23368,0.028112,1.287471,20000,0.341953,61.362256
4395,56.446438,73.85661,1.677108,0.158421,0.079476,0.764271,20000,0.341953,1.823187
4396,129.267256,164.455923,1.581517,0.142346,0.028378,0.78603,20000,0.341953,1.896118
4397,102.850603,90.497284,0.997792,0.325522,0.062984,1.136505,20000,0.341953,23.272544
4398,78.865225,69.676568,1.179442,0.591006,0.063746,1.131876,20000,0.341953,26.132824
4399,140.769336,142.652137,0.946798,0.111059,0.050154,0.986801,20000,0.341953,8.600614
4400,76.579182,85.289345,1.582972,0.543924,0.056566,0.897875,20000,0.341953,19.809735
4401,107.281247,118.54119,1.67298,0.537623,0.062728,0.905012,20000,0.30659,30.313344
4402,221.036679,187.048644,1.335902,0.475524,0.008135,1.181707,20000,0.30659,64.607419
4403,136.850272,177.449591,1.919881,0.19205,0.049756,0.771206,20000,0.30659,6.544994
4404,163.030224,198.005271,0.271323,0.345335,0.031587,0.823363,20000,0.30659,2.532099
4405,116.117219,115.277456,1.724644,0.211431,0.022552,1.007285,20000,0.30659,15.386476
4406,219.639761,190.970709,1.140251,0.289378,0.075611,1.150123,20000,0.30659,52.83319
4407,131.775851,146.538605,1.956383,0.464427,0.004733,0.899257,20000,0.30659,28.736653
4408,136.269544,180.950862,1.844497,0.406395,0.061623,0.753075,20000,0.30659,20.58922
4409,144.144611,116.896655,0.525899,0.108363,0.036672,1.233094,20000,0.30659,29.452722
4410,109.890555,106.859691,0.309839,0.389774,0.039649,1.028363,20000,0.30659,11.57831
4411,137.040554,150.579255,0.527382,0.136569,0.038273,0.910089,20000,0.30659,1.874106
4412,161.616649,157.177879,0.842416,0.324505,0.009399,1.02824,20000,0.30659,22.17934
4413,121.594045,141.37363,0.913913,0.567694,0.062681,0.86009,20000,0.30659,21.338343
4414,146.916368,171.111175,1.071192,0.312424,0.056169,0.858602,20000,0.30659,13.233825
4415,143.00208,167.663064,1.967025,0.313085,0.045996,0.852913,20000,0.30659,21.107128
4416,131.402813,180.301638,1.43181,0.147037,0.022876,0.728794,20000,0.30659,0.624208
4417,141.86213,137.695644,1.856713,0.311555,0.075498,1.030259,20000,0.30659,34.726398
4418,58.108748,58.041638,0.813568,0.154671,0.014257,1.001156,20000,0.30659,3.546727
4419,121.175317,105.244031,0.713902,0.429019,0.025933,1.151375,20000,0.30659,26.78668
4420,118.838011,122.057148,1.499128,0.51609,0.015037,0.973626,20000,0.30659,28.661655
4421,149.258357,188.016522,0.218292,0.146187,0.077914,0.793858,20000,0.30659,0.001133
4422,141.739237,177.240229,1.900757,0.49357,0.062051,0.799701,20000,0.30659,32.822839
4423,219.834587,170.607538,0.77769,0.539785,0.077879,1.28854,20000,0.30659,73.19868
4424,68.495569,84.598283,1.942461,0.357085,0.033251,0.809657,20000,0.30659,10.014531
4425,69.874113,69.122945,1.068288,0.288374,0.018823,1.010867,20000,0.30659,9.113248
4426,89.497086,85.98359,1.518079,0.547293,0.0724,1.040862,20000,0.30659,29.220947
4427,122.303922,119.106932,1.835849,0.133033,0.042134,1.026841,20000,0.30659,15.782361
4428,196.56537,167.134794,1.82152,0.532849,0.05729,1.176089,20000,0.30659,75.445298
4429,174.525117,169.855136,0.875057,0.422933,0.028386,1.027494,20000,0.30659,30.96993
4430,95.272453,77.165291,0.23157,0.380868,0.053841,1.234654,20000,0.30659,19.759821
4431,65.751499,60.741068,0.541695,0.336551,0.071876,1.082488,20000,0.30659,10.458956
4432,114.759398,99.833857,0.15558,0.508558,0.071703,1.149504,20000,0.30659,18.772792
4433,155.981758,145.991242,0.224432,0.234081,0.071644,1.068432,20000,0.30659,14.629681
4434,154.727245,168.899176,0.382892,0.265169,0.015749,0.916092,20000,0.30659,5.292422
4435,154.136452,150.629392,0.956283,0.476567,0.063729,1.023283,20000,0.30659,33.612124
4436,43.221579,57.029507,1.483174,0.114231,0.00202,0.757881,20000,0.30659,0.055116
4437,54.863257,61.333341,1.713584,0.410824,0.005929,0.89451,20000,0.30659,9.440501
4438,89.899174,108.281033,0.657551,0.304731,0.075789,0.830239,20000,0.30659,4.335476
4439,169.882718,160.97578,1.312005,0.512937,0.05788,1.055331,20000,0.30659,47.731466
4440,98.032749,120.802534,1.650988,0.298102,0.026527,0.811512,20000,0.30659,8.738885
4441,164.792933,129.090885,1.284863,0.599066,0.064654,1.276565,20000,0.30659,64.01199
4442,146.876988,116.718961,1.519582,0.51984,0.075337,1.258382,20000,0.30659,57.768999
4443,125.80507,135.519446,0.965826,0.549516,0.028216,0.928317,20000,0.30659,24.496803
4444,70.108278,55.309183,1.145483,0.441382,0.004746,1.26757,20000,0.30659,20.498142
4445,117.396538,94.716021,0.990818,0.56045,0.015009,1.239458,20000,0.30659,36.432665
4446,202.066696,187.132206,1.58213,0.487301,0.06573,1.079807,20000,0.30659,62.666369
4447,79.797643,101.495381,0.573681,0.541944,0.045062,0.786219,20000,0.30659,6.962211
4448,92.4604,129.330086,1.993769,0.324297,0.069395,0.714918,20000,0.30659,10.403945
4449,95.446341,93.075122,0.229536,0.117807,0.040092,1.025476,20000,0.30659,4.085767
4450,59.588401,77.019281,0.953713,0.246229,0.028347,0.773682,20000,0.30659,1.468546
4451,66.03707,72.505299,1.540274,0.126182,0.059851,0.91079,20000,0.30659,4.060787
4452,155.193786,161.559159,0.986774,0.185762,0.054741,0.9606,20000,0.30659,12.588797
4453,108.700818,91.594541,1.915768,0.172459,0.004822,1.186761,20000,0.30659,20.821194
4454,164.507719,166.208763,0.737978,0.423689,0.041783,0.989766,20000,0.30659,25.329528
4455,168.218981,179.666383,0.551625,0.283379,0.004486,0.936285,20000,0.30659,9.470717
4456,64.566385,66.918001,1.575194,0.384187,0.015406,0.964858,20000,0.30659,12.089818
4457,83.408513,77.435538,1.9741,0.247546,0.054983,1.077135,20000,0.30659,19.036996
4458,89.380408,80.743052,0.360641,0.217695,0.075288,1.106973,20000,0.30659,11.806112
4459,55.20673,54.502719,1.602717,0.204173,0.040368,1.012917,20000,0.30659,7.744661
4460,156.105355,141.022452,1.183083,0.261014,0.058108,1.106954,20000,0.30659,31.517926
4461,62.57895,74.233108,1.050248,0.578155,0.051204,0.843006,20000,0.30659,11.843789
4462,140.482113,117.312514,0.329907,0.259357,0.050787,1.197503,20000,0.30659,25.86241
4463,178.138856,154.304483,0.950252,0.544698,0.058876,1.154463,20000,0.30659,53.906013
4464,212.923548,183.298266,0.488778,0.589157,0.028594,1.161623,20000,0.30659,50.012155
4465,76.644499,105.468409,1.010671,0.542934,0.063731,0.726706,20000,0.30659,9.837674
4466,196.731303,190.753223,0.946093,0.22072,0.005948,1.031339,20000,0.30659,20.090918
4467,98.703421,100.18038,0.314523,0.591055,0.057584,0.985257,20000,0.30659,12.902873
4468,168.753448,193.065362,0.547434,0.495676,0.007341,0.874074,20000,0.30659,15.922651
4469,103.358566,105.007776,1.741279,0.16665,0.077601,0.984294,20000,0.30659,15.409421
4470,166.211206,143.382374,1.117218,0.159718,0.058813,1.159216,20000,0.30659,33.339679
4471,113.947858,125.42597,1.701711,0.211337,0.006003,0.908487,20000,0.30659,8.581592
4472,181.194365,170.524211,1.673337,0.358068,0.074321,1.062573,20000,0.30659,48.045212
4473,108.38313,91.158145,0.235855,0.267913,0.004867,1.188957,20000,0.30659,17.878839
4474,162.263068,176.04416,0.66334,0.499087,0.074498,0.921718,20000,0.30659,23.478125
4475,149.895683,115.354531,1.496278,0.412038,0.014992,1.299435,20000,0.30659,48.829759
4476,206.038675,179.833964,1.843367,0.181972,0.053268,1.145716,20000,0.30659,47.384993
4477,63.253335,66.813856,1.814389,0.233305,0.046097,0.94671,20000,0.30659,8.539005
4478,197.430517,171.763389,1.575142,0.484754,0.060373,1.149433,20000,0.30659,65.663745
4479,182.183952,181.585579,1.09507,0.312229,0.060329,1.003295,20000,0.30659,29.658326
4480,128.403745,104.402943,0.844945,0.213085,0.043091,1.229886,20000,0.30659,28.84461
4481,147.874155,141.021271,1.177059,0.163573,0.031806,1.048595,20000,0.30659,17.141367
4482,60.625093,53.518701,0.428625,0.346018,0.061914,1.132783,20000,0.30659,10.466424
4483,100.944855,85.245342,1.478979,0.449061,0.025871,1.184169,20000,0.30659,30.028726
4484,214.210045,171.907902,1.499945,0.41158,0.066741,1.246074,20000,0.30659,73.292268
4485,162.254489,196.378341,1.241488,0.587138,0.05182,0.826234,20000,0.30659,34.300634
4486,173.607798,171.920119,1.762303,0.1225,0.004162,1.009817,20000,0.30659,12.516825
4487,134.707798,141.043112,0.470519,0.573814,0.054019,0.955082,20000,0.30659,19.449683
4488,145.123968,137.617079,0.144377,0.375964,0.027961,1.054549,20000,0.30659,12.542022
4489,162.332191,142.969532,0.35336,0.14645,0.067413,1.135432,20000,0.30659,22.881099
4490,85.041387,92.650453,0.217201,0.130372,0.007407,0.917873,20000,0.30659,0.208001
4491,73.83292,58.168227,1.231625,0.30304,0.067607,1.2693,20000,0.30659,22.046461
4492,118.129449,114.792705,1.697697,0.536926,0.0115,1.029068,20000,0.30659,34.177771
4493,177.912067,156.488267,0.934995,0.412854,0.044377,1.136904,20000,0.30659,42.19107
4494,118.925494,135.188246,1.601741,0.226368,0.003918,0.879703,20000,0.30659,8.181317
4495,45.538792,54.287038,0.250018,0.402716,0.015997,0.838852,20000,0.30659,1.09527
4496,186.928226,178.074175,0.214513,0.379243,0.012769,1.049721,20000,0.30659,18.063247
4497,180.960156,177.521053,0.330352,0.146449,0.037346,1.019373,20000,0.30659,9.202841
4498,127.667539,177.523623,1.768095,0.431332,0.007482,0.719158,20000,0.30659,14.910013
4499,78.170742,64.006402,0.218047,0.214702,0.066981,1.221296,20000,0.30659,15.081169
4500,197.602835,195.395783,0.914393,0.510734,0.074307,1.011295,20000,0.30659,45.280347
4501,203.97384,158.778862,1.08309,0.101345,0.006014,1.284641,20000,0.325911,46.188658
4502,94.381043,106.071269,0.053308,0.30547,0.078074,0.889789,20000,0.325911,0.16635
4503,64.763166,71.062997,0.384863,0.202154,0.034818,0.911349,20000,0.325911,1.388307
4504,93.14075,122.743018,1.52489,0.159954,0.049466,0.758827,20000,0.325911,1.619108
4505,60.997498,53.230348,1.278443,0.483244,0.048649,1.145916,20000,0.325911,18.068025
4506,102.48146,83.396688,1.588823,0.425229,0.055492,1.228843,20000,0.325911,34.938011
4507,148.924233,135.472439,0.462453,0.434849,0.063264,1.099295,20000,0.325911,26.55856
4508,46.552235,54.489847,0.7157,0.161946,0.009977,0.854329,20000,0.325911,0.47215
4509,114.208663,89.172611,0.975378,0.374403,0.020684,1.280759,20000,0.325911,31.271849
4510,65.578614,53.304798,0.72332,0.122877,0.014128,1.230257,20000,0.325911,12.97777
4511,57.319938,76.648128,1.148662,0.394916,0.023137,0.747832,20000,0.325911,4.479609
4512,72.225814,88.925148,1.958878,0.343888,0.047395,0.812209,20000,0.325911,10.662904
4513,77.546982,83.351768,1.833167,0.150167,0.011051,0.930358,20000,0.325911,4.48979
4514,58.776961,54.367833,0.598472,0.464122,0.063944,1.081098,20000,0.325911,11.544766
4515,82.730645,85.292655,0.948426,0.385637,0.033647,0.969962,20000,0.325911,12.336525
4516,73.744317,82.251567,1.673498,0.574558,0.056798,0.89657,20000,0.325911,21.134105
4517,135.369436,167.422766,0.166826,0.10944,0.07352,0.808549,20000,0.325911,0.0
4518,140.811094,168.077861,1.805003,0.528462,0.058021,0.837773,20000,0.325911,36.330143
4519,136.765238,172.550385,0.728706,0.384735,0.022638,0.79261,20000,0.325911,7.623002
4520,86.945595,77.11144,0.276251,0.321482,0.047368,1.127532,20000,0.325911,12.619934
4521,106.446749,105.819208,1.722197,0.438823,0.01413,1.00593,20000,0.325911,25.836656
4522,132.86617,119.240538,1.643699,0.427083,0.069973,1.11427,20000,0.325911,41.342815
4523,86.65017,78.723812,0.258593,0.447965,0.024183,1.100686,20000,0.325911,12.449647
4524,172.667373,168.369486,1.615137,0.172638,0.041378,1.025527,20000,0.325911,23.310661
4525,69.291399,94.325936,0.535518,0.521667,0.011206,0.734595,20000,0.325911,3.609632
4526,113.627167,125.387822,0.224458,0.39803,0.008556,0.906206,20000,0.325911,4.38018
4527,147.47665,123.882335,0.837599,0.287098,0.056922,1.190457,20000,0.325911,32.748225
4528,137.481699,107.607653,1.253552,0.420248,0.062104,1.27762,20000,0.325911,46.05036
4529,56.092502,79.536029,0.126128,0.265199,0.057905,0.705246,20000,0.325911,7e-05
4530,152.66614,141.363984,1.298484,0.506129,0.022945,1.079951,20000,0.325911,41.198019
4531,151.478159,137.179222,1.521389,0.322778,0.026743,1.104235,20000,0.325911,33.442268
4532,85.523208,111.432888,0.919491,0.279028,0.030064,0.767486,20000,0.325911,2.69514
4533,47.980853,59.381403,0.097854,0.317815,0.003997,0.808011,20000,0.325911,0.027332
4534,214.148526,191.203391,1.835567,0.370778,0.059387,1.120004,20000,0.325911,62.826746
4535,206.688725,197.726436,0.829212,0.53929,0.051198,1.045327,20000,0.325911,47.394882
4536,100.575161,134.258236,1.897975,0.488951,0.044304,0.749117,20000,0.325911,19.017402
4537,87.809724,93.234479,0.141258,0.418926,0.059553,0.941816,20000,0.325911,3.73201
4538,193.786027,156.58473,1.826882,0.113989,0.025048,1.237579,20000,0.325911,44.704497
4539,164.905668,129.905373,1.845534,0.408469,0.044134,1.269429,20000,0.325911,59.356725
4540,97.285923,82.637161,1.166488,0.124049,0.025368,1.177266,20000,0.325911,17.482677
4541,87.59012,107.808114,1.385268,0.342723,0.016298,0.812463,20000,0.325911,8.289732
4542,135.685807,188.253672,0.299634,0.477614,0.028469,0.72076,20000,0.325911,2.267068
4543,146.678905,158.648795,0.110903,0.151417,0.074697,0.924551,20000,0.325911,0.289792
4544,102.626699,103.690676,0.207881,0.422407,0.013366,0.989739,20000,0.325911,7.453178
4545,206.543159,161.695009,1.507886,0.506546,0.048273,1.277363,20000,0.325911,78.687358
4546,73.979425,79.886975,0.340298,0.454596,0.075712,0.926051,20000,0.325911,6.509217
4547,239.205097,194.356799,0.145379,0.544669,0.01141,1.230752,20000,0.325911,48.794212
4548,207.942776,187.47165,0.433062,0.159263,0.044272,1.109196,20000,0.325911,25.167467
4549,81.447366,88.532581,1.884524,0.41944,0.049133,0.919971,20000,0.325911,18.513981
4550,150.304735,136.493291,0.682881,0.306306,0.029224,1.101188,20000,0.325911,24.126029
4551,177.776952,188.965917,1.244151,0.561289,0.029271,0.940788,20000,0.325911,41.334796
4552,129.594586,131.132935,1.845638,0.284741,0.076559,0.988269,20000,0.325911,28.003274
4553,110.384696,140.010939,1.33847,0.143598,0.044718,0.788401,20000,0.325911,1.417753
4554,209.273883,176.385769,0.31151,0.366234,0.020469,1.186456,20000,0.325911,37.963991
4555,72.014813,77.611116,0.850676,0.48887,0.070085,0.927893,20000,0.325911,12.664331
4556,49.577703,57.338939,0.94652,0.261735,0.04899,0.864643,20000,0.325911,3.210032
4557,60.013115,52.493867,0.572927,0.12883,0.037506,1.143241,20000,0.325911,8.747943
4558,60.429564,79.12864,1.879534,0.154125,0.001232,0.763688,20000,0.325911,0.72736
4559,124.345621,166.959495,0.753286,0.198111,0.020344,0.744765,20000,0.325911,0.503394
4560,189.863029,183.901663,0.803064,0.314721,0.050202,1.032416,20000,0.325911,27.530664
4561,70.64112,77.57678,0.552546,0.100691,0.000845,0.910596,20000,0.325911,0.274526
4562,229.001057,194.306607,1.63333,0.585933,0.068982,1.178555,20000,0.325911,91.101688
4563,41.454876,50.63566,1.020465,0.358324,0.051445,0.818689,20000,0.325911,3.629348
4564,148.075405,191.543184,1.513453,0.404473,0.033058,0.773065,20000,0.325911,18.06697
4565,170.166639,142.589349,1.845425,0.442143,0.050239,1.193404,20000,0.325911,58.04762
4566,148.592645,141.479673,1.077289,0.278493,0.059118,1.050276,20000,0.325911,25.130774
4567,60.862255,60.525579,0.218183,0.122866,0.029756,1.005563,20000,0.325911,1.782989
4568,62.528732,82.621605,0.296968,0.471481,0.020177,0.756808,20000,0.325911,1.318442
4569,141.503996,131.096142,1.207989,0.581523,0.008223,1.079391,20000,0.325911,40.957296
4570,237.235519,196.847602,0.729292,0.418747,0.027501,1.205174,20000,0.325911,57.946438
4571,58.112087,74.765731,1.531767,0.360777,0.058264,0.777256,20000,0.325911,6.692766
4572,194.362404,177.257957,1.332696,0.446699,0.024196,1.096495,20000,0.325911,49.138155
4573,131.664011,169.372311,1.983631,0.438976,0.055385,0.777364,20000,0.325911,24.694718
4574,96.933649,101.545444,0.426037,0.33544,0.07033,0.954584,20000,0.325911,7.668727
4575,93.361387,119.807334,1.635336,0.106714,0.077011,0.779263,20000,0.325911,1.388829
4576,94.239782,91.865679,1.205891,0.448736,0.02365,1.025843,20000,0.325911,20.106773
4577,161.032168,147.602364,0.473672,0.594194,0.041698,1.090986,20000,0.325911,33.846839
4578,39.436041,50.404896,0.473728,0.317101,0.039769,0.782385,20000,0.325911,0.716009
4579,238.532685,198.125213,1.392427,0.304514,0.019184,1.203949,20000,0.325911,58.747562
4580,98.767998,104.935918,0.267804,0.295639,0.050836,0.941222,20000,0.325911,3.976154
4581,111.698551,153.573091,1.597914,0.372187,0.026795,0.727332,20000,0.325911,10.270073
4582,52.905102,72.104273,0.175463,0.261677,0.01295,0.73373,20000,0.325911,0.00512
4583,106.612829,127.262586,1.786784,0.419757,0.072358,0.837739,20000,0.325911,21.877485
4584,184.046017,177.952864,0.372076,0.274013,0.005628,1.03424,20000,0.325911,15.840161
4585,85.663217,68.190793,1.29982,0.594489,0.022518,1.256228,20000,0.325911,30.679565
4586,96.865246,113.277039,0.645902,0.560675,0.04985,0.855118,20000,0.325911,12.530922
4587,90.037886,82.34832,0.63677,0.109607,0.020019,1.093379,20000,0.325911,9.169543
4588,185.731537,178.881877,0.798834,0.5596,0.05236,1.038292,20000,0.325911,42.375715
4589,139.71047,134.525574,0.277556,0.212086,0.042359,1.038542,20000,0.325911,9.937993
4590,83.298138,112.00996,0.676091,0.226782,0.007895,0.743667,20000,0.325911,0.439896
4591,43.744857,61.654896,0.71904,0.176713,0.01734,0.709511,20000,0.325911,0.037549
4592,92.067842,75.636622,0.720473,0.532128,0.020849,1.217239,20000,0.325911,25.162623
4593,177.106734,171.192739,0.933228,0.373202,0.012046,1.034546,20000,0.325911,28.918158
4594,115.357448,158.372756,0.326446,0.477733,0.031623,0.728392,20000,0.325911,2.377518
4595,149.41212,139.519394,1.090477,0.263783,0.040478,1.070906,20000,0.325911,24.75051
4596,143.239075,186.702698,0.260852,0.379864,0.057662,0.767204,20000,0.325911,1.419884
4597,173.393234,152.935238,0.67274,0.542014,0.078807,1.133769,20000,0.325911,44.926427
4598,81.90155,63.212935,0.984481,0.337142,0.077302,1.295645,20000,0.325911,25.187232
4599,46.107392,58.349085,1.978554,0.185498,0.035262,0.790199,20000,0.325911,2.03898
4600,192.993458,183.30552,1.710486,0.288071,0.001651,1.052851,20000,0.325911,33.754164
4601,133.91754,148.061917,0.444753,0.361153,0.075908,0.90447,20000,0.297876,8.991816
4602,43.383882,50.663502,0.674354,0.51156,0.03666,0.856314,20000,0.297876,5.195955
4603,171.722837,154.109543,0.414331,0.480156,0.068151,1.114291,20000,0.297876,32.897338
4604,110.295542,123.972294,1.49309,0.401619,0.004505,0.889679,20000,0.297876,17.4009
4605,73.542842,61.330795,1.29408,0.257681,0.07442,1.199118,20000,0.297876,19.602517
4606,229.061654,181.701873,0.818806,0.50351,0.048115,1.260646,20000,0.297876,69.683689
4607,192.511588,166.959061,1.94577,0.265016,0.017348,1.153047,20000,0.297876,45.035347
4608,56.097086,70.132087,1.450415,0.46913,0.037097,0.799878,20000,0.297876,8.9841
4609,221.451159,189.813671,1.262407,0.164284,0.022651,1.166677,20000,0.297876,40.02934
4610,186.920468,158.934867,1.987937,0.267388,0.065299,1.176082,20000,0.297876,56.221072
4611,208.969243,163.823823,1.720079,0.444551,0.031154,1.275573,20000,0.297876,74.582228
4612,126.602292,124.102387,0.254454,0.280772,0.077942,1.020144,20000,0.297876,9.769118
4613,204.267453,172.000635,0.140643,0.411706,0.067468,1.187597,20000,0.297876,35.619163
4614,164.345951,180.882534,0.412798,0.221153,0.015872,0.908578,20000,0.297876,3.962151
4615,103.598281,92.026008,0.846849,0.561042,0.017352,1.12575,20000,0.297876,27.000007
4616,72.483445,79.525799,1.009225,0.19375,0.039574,0.911446,20000,0.297876,4.030576
4617,51.87756,60.692756,1.112331,0.18054,0.074049,0.854757,20000,0.297876,2.317331
4618,94.690339,124.889733,0.689295,0.444545,0.061708,0.758192,20000,0.297876,6.003961
4619,125.168505,99.111846,0.359822,0.30019,0.032577,1.262902,20000,0.297876,27.934533
4620,122.946871,107.08259,0.681728,0.553998,0.075313,1.14815,20000,0.297876,32.619072
4621,78.005291,84.791946,0.378711,0.429593,0.052452,0.919961,20000,0.297876,6.234266
4622,236.661992,194.418043,0.955654,0.599952,0.016765,1.217284,20000,0.297876,74.148379
4623,63.633293,57.196306,1.66259,0.24154,0.04507,1.112542,20000,0.297876,13.873915
4624,115.78493,154.143711,1.253911,0.478506,0.046211,0.751149,20000,0.297876,14.866566
4625,249.997938,192.467799,1.01319,0.387967,0.07807,1.298908,20000,0.297876,80.344552
4626,135.225126,186.711794,0.180642,0.511925,0.00966,0.724245,20000,0.297876,1.117904
4627,146.204461,141.432299,1.788215,0.320741,0.07683,1.033742,20000,0.297876,36.147909
4628,103.143923,125.028608,0.285467,0.11123,0.067963,0.824963,20000,0.297876,0.004667
4629,46.301594,64.72336,1.808075,0.489092,0.046208,0.715377,20000,0.297876,8.008359
4630,104.242484,117.800968,1.050002,0.558829,0.021332,0.884903,20000,0.297876,20.089305
4631,67.443916,80.40053,1.169445,0.218203,0.039862,0.838849,20000,0.297876,3.053992
4632,125.563508,135.51151,0.692351,0.232774,0.019858,0.926589,20000,0.297876,6.451516
4633,135.042041,137.944829,0.337048,0.431886,0.002263,0.978957,20000,0.297876,12.416625
4634,118.414968,120.334887,1.156484,0.332149,0.059002,0.984045,20000,0.297876,19.159997
4635,202.626847,175.827818,0.631426,0.404568,0.056971,1.152416,20000,0.297876,43.486663
4636,168.438258,168.612766,1.772866,0.148798,0.0741,0.998965,20000,0.297876,25.404037
4637,212.489455,173.667476,1.518563,0.141806,0.069553,1.223542,20000,0.297876,56.851577
4638,209.830961,185.785197,0.723067,0.581106,0.001896,1.129428,20000,0.297876,52.607684
4639,152.852518,181.355872,1.920408,0.151322,0.050204,0.842832,20000,0.297876,8.196302
4640,55.229691,55.939836,0.68994,0.424683,0.008568,0.987305,20000,0.297876,7.614217
4641,100.243219,130.02664,1.495987,0.378618,0.033003,0.770944,20000,0.297876,10.946276
4642,73.75235,58.917306,0.303082,0.193785,0.008143,1.251794,20000,0.297876,15.024541
4643,103.096672,113.057636,1.120374,0.172307,0.041981,0.911895,20000,0.297876,5.495152
4644,138.2219,170.130651,0.509219,0.53225,0.044179,0.812446,20000,0.297876,11.50372
4645,72.240483,64.382181,0.887682,0.519499,0.017046,1.122057,20000,0.297876,17.975752
4646,218.143461,194.262302,1.765947,0.56003,0.046841,1.122933,20000,0.297876,79.17097
4647,139.387406,109.822499,1.143936,0.169942,0.025601,1.269206,20000,0.297876,33.376055
4648,109.337523,113.183515,0.418258,0.100062,0.015801,0.96602,20000,0.297876,1.549118
4649,149.6959,124.585262,0.57417,0.426324,0.074265,1.201554,20000,0.297876,36.538169
4650,122.136116,155.300114,1.3253,0.487872,0.022167,0.786452,20000,0.297876,18.21498
4651,127.563847,123.514845,0.66017,0.139835,0.007957,1.032782,20000,0.297876,8.258514
4652,179.522531,139.844312,0.393047,0.487266,0.079074,1.283731,20000,0.297876,48.77382
4653,142.776023,129.613477,0.802105,0.213441,0.020307,1.101552,20000,0.297876,19.481032
4654,121.116965,97.705317,1.035269,0.448829,0.002217,1.239615,20000,0.297876,33.93074
4655,78.784858,111.836652,0.076,0.194616,0.033587,0.704464,20000,0.297876,0.0
4656,119.459834,152.724463,0.632864,0.118724,0.056226,0.782192,20000,0.297876,0.064253
4657,36.819273,52.131162,0.870694,0.271642,0.009439,0.706281,20000,0.297876,0.450738
4658,146.466761,125.436205,0.6698,0.186901,0.070415,1.167659,20000,0.297876,27.724746
4659,155.696947,122.510392,1.095689,0.390399,0.036345,1.270888,20000,0.297876,46.143377
4660,165.659044,136.805896,1.673675,0.159247,0.049692,1.210906,20000,0.297876,41.056828
4661,222.130435,189.066494,0.283711,0.498218,0.066498,1.17488,20000,0.297876,45.160351
4662,139.620886,111.945936,0.76769,0.567646,0.076567,1.247217,20000,0.297876,44.738442
4663,187.490194,172.424836,0.651229,0.470411,0.059446,1.087373,20000,0.297876,38.777592
4664,140.715554,109.62905,0.384103,0.128303,0.032636,1.283561,20000,0.297876,32.465952
4665,165.770107,189.761627,1.913359,0.208547,0.076827,0.87357,20000,0.297876,19.579177
4666,45.397044,60.199524,0.399199,0.23771,0.001769,0.75411,20000,0.297876,0.096738
4667,65.30398,87.350501,1.241113,0.449933,0.03563,0.747609,20000,0.297876,7.149904
4668,122.831339,124.820887,0.283594,0.325375,0.074953,0.984061,20000,0.297876,8.801995
4669,74.472073,64.465035,1.759891,0.295092,0.030613,1.155232,20000,0.297876,18.580362
4670,168.594432,151.629442,0.34463,0.218799,0.00943,1.111885,20000,0.297876,19.882543
4671,131.071233,126.908356,1.667007,0.156582,0.049009,1.032802,20000,0.297876,18.568384
4672,150.34682,181.018312,1.044761,0.449465,0.063158,0.830561,20000,0.297876,20.280616
4673,115.001477,153.883522,0.410736,0.464374,0.007775,0.747328,20000,0.297876,3.715197
4674,207.480947,187.756584,1.098763,0.532875,0.064459,1.105053,20000,0.297876,60.151587
4675,99.176968,77.924337,1.056424,0.281272,0.049807,1.272734,20000,0.297876,27.209001
4676,149.66259,119.540672,1.509162,0.224952,0.044176,1.25198,20000,0.297876,39.992774
4677,172.572811,155.436818,0.510589,0.371361,0.079893,1.110244,20000,0.297876,30.955292
4678,74.841557,70.1208,1.523843,0.13045,0.041383,1.067323,20000,0.297876,10.267662
4679,95.228828,82.621842,0.683113,0.29527,0.069104,1.152587,20000,0.297876,18.821753
4680,215.101089,167.915804,1.472159,0.156057,0.045169,1.281006,20000,0.297876,58.770697
4681,123.336532,112.156146,1.456426,0.15385,0.040649,1.099686,20000,0.297876,20.066477
4682,65.240138,56.731023,1.283075,0.50133,0.06315,1.149991,20000,0.297876,20.754809
4683,127.036018,157.986254,1.206174,0.312681,0.064164,0.804095,20000,0.297876,10.707757
4684,128.642687,128.209931,1.046741,0.239715,0.066251,1.003375,20000,0.297876,17.259463
4685,58.330819,69.37239,1.303911,0.385767,0.018972,0.840836,20000,0.297876,6.882096
4686,134.537138,115.493792,1.53683,0.5744,0.029006,1.164886,20000,0.297876,48.002766
4687,170.234533,141.625833,0.235495,0.403476,0.022236,1.202002,20000,0.297876,31.990763
4688,138.83103,127.674363,1.154648,0.130816,0.072581,1.087384,20000,0.297876,22.383806
4689,183.094775,167.21956,0.068133,0.497743,0.061265,1.094936,20000,0.297876,19.922577
4690,140.176548,151.596824,0.081286,0.472001,0.045538,0.924667,20000,0.297876,3.412735
4691,232.083917,198.408267,0.332253,0.288065,0.037273,1.169729,20000,0.297876,39.002376
4692,106.644523,94.204064,1.592447,0.175735,0.042849,1.132059,20000,0.297876,20.970073
4693,164.918654,193.439348,0.812281,0.253537,0.069994,0.85256,20000,0.297876,8.421902
4694,86.36678,121.666858,1.373431,0.443578,0.011587,0.709863,20000,0.297876,8.494194
4695,162.411876,125.164002,0.775187,0.550491,0.062694,1.297593,20000,0.297876,53.744441
4696,169.551179,193.261979,1.813135,0.209978,0.022667,0.877313,20000,0.297876,13.315577
4697,67.788363,84.589579,0.961775,0.500482,0.056194,0.80138,20000,0.297876,9.016987
4698,117.201921,97.430443,0.127103,0.10043,0.069994,1.202929,20000,0.297876,20.600728
4699,207.640967,172.23692,0.276816,0.28596,0.023704,1.205554,20000,0.297876,38.162562
4700,190.845086,170.055975,0.320199,0.547873,0.04874,1.122249,20000,0.297876,35.601694
4701,88.283599,89.249085,1.520854,0.160341,0.068521,0.989182,20000,0.338161,11.394483
4702,179.390458,138.107572,0.089044,0.373073,0.051205,1.298918,20000,0.338161,42.029252
4703,145.73551,194.951921,1.627969,0.246712,0.001695,0.747546,20000,0.338161,5.236674
4704,176.034723,143.729447,1.034427,0.261598,0.079717,1.224764,20000,0.338161,46.303962
4705,107.868619,141.252887,0.365688,0.428428,0.018922,0.763656,20000,0.338161,2.661447
4706,136.533204,119.654195,0.639402,0.342919,0.026854,1.141065,20000,0.338161,25.166994
4707,165.439377,195.802908,0.247574,0.350436,0.017808,0.844928,20000,0.338161,3.018201
4708,170.046517,160.478053,0.076847,0.491043,0.017424,1.059625,20000,0.338161,14.784588
4709,82.226578,117.158037,1.648037,0.192073,0.071056,0.701843,20000,0.338161,2.024328
4710,84.238284,71.554496,1.573943,0.297978,0.069525,1.177261,20000,0.338161,23.625526
4711,191.641554,192.12371,1.15152,0.161503,0.056708,0.99749,20000,0.338161,19.315536
4712,150.0057,176.110961,1.1836,0.222393,0.06252,0.851768,20000,0.338161,9.268355
4713,69.720158,90.822489,1.125742,0.436967,0.057308,0.767653,20000,0.338161,7.439097
4714,116.38107,140.597359,0.989545,0.544635,0.031703,0.827761,20000,0.338161,18.049239
4715,66.563672,58.440107,0.515131,0.560124,0.035941,1.139007,20000,0.338161,15.240848
4716,46.079009,51.530516,1.155963,0.563603,0.009947,0.894208,20000,0.338161,9.200436
4717,81.84337,67.756774,1.14413,0.242474,0.054128,1.207899,20000,0.338161,19.879817
4718,132.663034,149.681333,1.365086,0.33064,0.063057,0.886303,20000,0.338161,18.393172
4719,41.97972,59.063865,0.764798,0.338386,0.019095,0.710751,20000,0.338161,0.962307
4720,88.005898,73.331449,0.692852,0.569743,0.016095,1.200111,20000,0.338161,24.455135
4721,137.176208,190.273045,0.620838,0.417326,0.020769,0.720944,20000,0.338161,4.756497
4722,112.205276,103.968663,1.516461,0.477722,0.038576,1.079222,20000,0.338161,31.814457
4723,66.997733,85.814074,0.879736,0.167143,0.017249,0.780731,20000,0.338161,0.369593
4724,166.321449,172.682699,0.689866,0.194549,0.012214,0.963162,20000,0.338161,8.68918
4725,104.640269,114.301271,1.468003,0.231345,0.012121,0.915478,20000,0.338161,8.706104
4726,172.251174,144.068102,0.667377,0.226243,0.008725,1.195623,20000,0.338161,31.316654
4727,77.271502,88.531677,1.478446,0.498315,0.040226,0.872812,20000,0.338161,16.133877
4728,123.884255,137.028756,0.878136,0.248462,0.056019,0.904075,20000,0.338161,8.875736
4729,105.631392,121.348691,0.055215,0.156335,0.063786,0.870478,20000,0.338161,2.6e-05
4730,133.024581,150.999843,0.490603,0.544297,0.069876,0.880958,20000,0.338161,15.191638
4731,63.518282,53.142577,1.649384,0.258335,0.073279,1.195243,20000,0.338161,18.392495
4732,159.991281,185.194551,1.150678,0.545447,0.050439,0.863909,20000,0.338161,32.725807
4733,83.947008,88.089217,0.463482,0.35533,0.049491,0.952977,20000,0.338161,7.143561
4734,151.374497,148.990502,1.111743,0.423877,0.053389,1.016001,20000,0.338161,31.339786
4735,99.943073,129.100325,0.130409,0.438921,0.076736,0.77415,20000,0.338161,0.421325
4736,63.851855,82.261022,0.664416,0.279632,0.057442,0.77621,20000,0.338161,1.500708
4737,132.472633,142.942295,1.156921,0.420756,0.026136,0.926756,20000,0.338161,21.047283
4738,144.574322,157.872237,0.245093,0.319253,0.030445,0.915768,20000,0.338161,4.641009
4739,173.80465,136.742439,0.845784,0.102004,0.065024,1.271037,20000,0.338161,44.537774
4740,175.897356,140.246638,1.663196,0.314241,0.051197,1.2542,20000,0.338161,54.378394
4741,159.280882,152.369745,0.152889,0.445853,0.077451,1.045358,20000,0.338161,15.35284
4742,160.380464,147.581873,1.591239,0.332707,0.030139,1.086722,20000,0.338161,36.173318
4743,229.691991,194.707372,0.584046,0.27995,0.04948,1.179678,20000,0.338161,45.071298
4744,183.378788,158.716987,0.724388,0.514698,0.035714,1.155382,20000,0.338161,46.081129
4745,49.747444,56.387858,1.447381,0.147381,0.028054,0.882237,20000,0.338161,1.839915
4746,66.082555,63.578229,0.233474,0.545555,0.006979,1.03939,20000,0.338161,8.179985
4747,62.140534,55.011418,1.878244,0.219118,0.041724,1.129593,20000,0.338161,13.883642
4748,141.479688,116.137002,0.922787,0.483263,0.070924,1.218214,20000,0.338161,42.763488
4749,81.30171,97.153407,0.880409,0.126221,0.003212,0.836838,20000,0.338161,0.308831
4750,153.533581,178.971044,0.687454,0.22085,0.077618,0.857868,20000,0.338161,5.3755
4751,136.064083,137.805609,1.018865,0.484876,0.006164,0.987362,20000,0.338161,26.440465
4752,44.061062,51.133007,1.421667,0.579081,0.000646,0.861695,20000,0.338161,9.505371
4753,66.83018,82.397401,1.477092,0.136058,0.047848,0.811071,20000,0.338161,1.308695
4754,65.290112,60.09437,1.582734,0.20134,0.015485,1.08646,20000,0.338161,9.999162
4755,190.884929,169.511171,0.169539,0.11524,0.055113,1.126091,20000,0.338161,23.016703
4756,159.962981,171.525741,0.529514,0.562154,0.001845,0.932589,20000,0.338161,21.489972
4757,216.437895,181.168377,0.316212,0.351058,0.069002,1.194678,20000,0.338161,42.198933
4758,107.092557,144.882219,0.982143,0.49837,0.040952,0.73917,20000,0.338161,11.300313
4759,50.772651,72.296034,0.402143,0.588919,0.079193,0.702288,20000,0.338161,2.38286
4760,126.141412,119.732478,1.481525,0.526493,0.035965,1.053527,20000,0.338161,36.346728
4761,115.146643,157.728964,0.910416,0.118314,0.040705,0.730029,20000,0.338161,0.035587
4762,52.919289,51.129762,1.317718,0.596994,0.068262,1.035,20000,0.338161,16.574772
4763,113.543894,155.724116,0.370577,0.315733,0.077926,0.729135,20000,0.338161,0.731071
4764,164.464825,134.779952,0.5609,0.363482,0.078383,1.220247,20000,0.338161,39.648577
4765,147.302538,188.418683,1.435872,0.36891,0.006201,0.781783,20000,0.338161,13.619081
4766,136.88321,157.335856,0.956689,0.243753,0.062825,0.870006,20000,0.338161,8.695449
4767,183.508575,145.019676,0.961621,0.120825,0.061241,1.265405,20000,0.338161,47.025193
4768,91.417409,73.987776,1.951403,0.424506,0.015717,1.235575,20000,0.338161,30.479308
4769,106.407746,90.671843,0.277451,0.4854,0.068966,1.173548,20000,0.338161,20.81408
4770,69.175515,54.461923,1.787335,0.281042,0.031323,1.270163,20000,0.338161,20.241816
4771,130.268411,145.551671,1.135119,0.362482,0.010794,0.894998,20000,0.338161,14.701891
4772,102.133306,126.345388,1.842655,0.362566,0.028019,0.808366,20000,0.338161,13.713973
4773,108.078453,98.076627,1.94476,0.32009,0.073906,1.10198,20000,0.338161,31.16901
4774,68.328777,82.559785,1.072682,0.352146,0.02552,0.827628,20000,0.338161,5.726916
4775,129.44065,128.108253,0.169083,0.152725,0.064761,1.010401,20000,0.338161,4.81985
4776,83.870914,96.676242,1.41588,0.438917,0.020026,0.867544,20000,0.338161,13.474868
4777,202.150978,196.296864,1.696574,0.232926,0.008412,1.029823,20000,0.338161,28.384457
4778,55.940704,60.296728,1.344826,0.40339,0.075976,0.927757,20000,0.338161,10.6786
4779,172.813148,174.841768,1.519076,0.539343,0.056784,0.988397,20000,0.338161,50.465568
4780,79.775989,112.95089,1.064869,0.464129,0.002937,0.706289,20000,0.338161,5.954732
4781,78.578226,82.609793,0.247536,0.322385,0.003151,0.951197,20000,0.338161,3.462325
4782,95.093339,85.600645,1.533603,0.186446,0.017618,1.110895,20000,0.338161,15.667407
4783,127.454763,126.286621,0.828913,0.499857,0.067294,1.00925,20000,0.338161,26.840436
4784,119.920465,92.340827,1.131912,0.496016,0.054985,1.298672,20000,0.338161,41.750651
4785,215.155179,185.637581,1.586986,0.495685,0.045696,1.159007,20000,0.338161,72.39472
4786,102.666656,90.493324,0.995432,0.172951,0.061939,1.134522,20000,0.338161,18.719531
4787,155.814319,122.679392,0.956024,0.112272,0.017561,1.270094,20000,0.338161,35.180894
4788,66.002838,62.346513,1.742751,0.102734,0.003775,1.058645,20000,0.338161,5.908918
4789,68.226817,71.651859,0.437827,0.368532,0.000784,0.952199,20000,0.338161,5.150472
4790,56.808649,50.950548,1.411248,0.543095,0.026436,1.114976,20000,0.338161,17.476199
4791,144.340751,182.244732,0.337306,0.444468,0.078707,0.792016,20000,0.338161,5.049709
4792,95.941411,128.683435,1.952539,0.576153,0.015274,0.745561,20000,0.338161,21.768481
4793,90.145722,79.681317,1.810509,0.298262,0.074742,1.131328,20000,0.338161,25.288536
4794,105.733094,128.113847,1.201516,0.140205,0.054787,0.825306,20000,0.338161,2.042967
4795,179.12227,147.725679,0.067261,0.45729,0.044889,1.212533,20000,0.338161,32.196828
4796,96.037186,102.117886,1.547211,0.171408,0.049051,0.940454,20000,0.338161,8.794839
4797,36.323377,50.873307,1.856037,0.4788,0.067765,0.713997,20000,0.338161,6.653906
4798,183.770986,197.960181,1.991696,0.372102,0.029455,0.928323,20000,0.338161,36.690936
4799,114.859132,136.863377,0.184664,0.570453,0.055232,0.839225,20000,0.338161,4.532089
4800,191.160405,180.250304,0.264698,0.573235,0.048685,1.060528,20000,0.338161,29.308529
4801,101.063361,84.228725,1.273867,0.282891,0.05681,1.199868,20000,0.310344,25.721708
4802,127.101968,114.638111,0.628621,0.115938,0.064757,1.108724,20000,0.310344,17.164108
4803,74.047965,76.699191,0.165819,0.1915,0.045132,0.965433,20000,0.310344,1.440564
4804,136.155642,142.987942,0.310294,0.584217,0.06307,0.952218,20000,0.310344,15.919783
4805,49.267196,58.458589,1.989138,0.170111,0.030896,0.842771,20000,0.310344,2.63097
4806,62.559373,60.957959,1.69119,0.156104,0.047455,1.026271,20000,0.310344,8.589924
4807,89.989471,97.161766,0.321851,0.344363,0.050425,0.926182,20000,0.310344,4.734541
4808,68.703184,66.500372,1.950526,0.313928,0.001321,1.033125,20000,0.310344,12.635835
4809,52.050317,55.346834,0.540505,0.559667,0.017769,0.940439,20000,0.310344,7.433819
4810,49.35428,64.341516,1.443708,0.11497,0.035299,0.767067,20000,0.310344,0.19823
4811,186.825288,162.93018,0.279499,0.514174,0.073773,1.146659,20000,0.310344,35.300183
4812,114.116189,111.987496,0.294234,0.272182,0.044125,1.019008,20000,0.310344,8.604301
4813,62.091604,81.972471,1.696267,0.212739,0.032114,0.757469,20000,0.310344,2.299671
4814,171.519773,162.092854,1.634214,0.143211,0.057284,1.058158,20000,0.310344,27.219797
4815,64.677661,52.779918,1.982302,0.361644,0.008107,1.225422,20000,0.310344,18.797671
4816,121.850892,157.235064,0.696827,0.398419,0.060774,0.77496,20000,0.310344,7.004976
4817,163.145747,172.221247,0.461138,0.566769,0.036865,0.947303,20000,0.310344,22.317862
4818,65.12252,51.625067,1.840446,0.281695,0.035995,1.261452,20000,0.310344,19.46652
4819,126.008058,107.642751,1.053411,0.184539,0.037017,1.170614,20000,0.310344,24.218661
4820,85.592581,100.083881,0.251138,0.588712,0.074753,0.855208,20000,0.310344,5.453745
4821,202.26942,161.982068,1.911593,0.512962,0.06554,1.248715,20000,0.310344,82.644543
4822,164.403266,133.421424,1.868009,0.415821,0.006839,1.23221,20000,0.310344,52.225181
4823,74.573706,93.281225,0.295307,0.558955,0.039316,0.79945,20000,0.310344,3.531351
4824,183.667415,193.600393,1.796825,0.416634,0.001622,0.948693,20000,0.310344,37.780284
4825,102.709092,111.063006,0.756159,0.335818,0.076301,0.924782,20000,0.310344,11.028543
4826,61.652931,87.095327,1.288571,0.324208,0.054044,0.707879,20000,0.310344,3.316045
4827,55.190976,72.093819,0.872632,0.585644,0.024641,0.765544,20000,0.310344,7.10514
4828,110.022686,92.35529,1.058273,0.218102,0.027036,1.191298,20000,0.310344,22.549564
4829,90.364903,127.70382,0.900485,0.151498,0.045691,0.707613,20000,0.310344,0.103633
4830,155.841537,136.046658,1.793575,0.480437,0.030754,1.145501,20000,0.310344,49.721386
4831,156.672657,178.916575,1.088428,0.37823,0.058127,0.875674,20000,0.310344,20.298018
4832,76.991509,69.179885,1.002822,0.224358,0.007412,1.112918,20000,0.310344,11.502551
4833,131.271672,145.704423,0.981276,0.364567,0.041804,0.900945,20000,0.310344,15.369546
4834,47.320619,54.608321,1.711228,0.108381,0.058534,0.866546,20000,0.310344,1.819391
4835,226.45263,196.873545,0.801822,0.364184,0.072233,1.150244,20000,0.310344,51.78785
4836,150.816741,150.484843,1.494084,0.448777,0.031232,1.002206,20000,0.310344,36.223972
4837,241.194322,188.525281,0.712265,0.234213,0.073468,1.279374,20000,0.310344,63.408085
4838,100.68451,124.470269,0.302085,0.409156,0.016951,0.808904,20000,0.310344,2.4281
4839,138.257537,190.296721,0.837292,0.457256,0.044117,0.726537,20000,0.310344,10.015502
4840,163.112353,168.118401,1.433286,0.525505,0.05562,0.970223,20000,0.310344,44.382958
4841,109.048118,88.276986,1.335062,0.191573,0.036031,1.235295,20000,0.310344,26.327047
4842,69.379497,53.735532,1.356247,0.155347,0.032252,1.291129,20000,0.310344,18.042507
4843,131.697484,144.852006,0.859561,0.481834,0.014014,0.909186,20000,0.310344,18.977238
4844,74.160349,74.527578,1.592417,0.144304,0.058304,0.995073,20000,0.310344,8.844769
4845,98.343296,91.896968,1.313993,0.43398,0.002385,1.070147,20000,0.310344,21.891775
4846,113.781504,152.117039,0.45854,0.52998,0.026702,0.747987,20000,0.310344,5.773514
4847,62.079622,65.833695,1.219361,0.44174,0.010928,0.942976,20000,0.310344,10.667189
4848,146.457482,140.811346,1.993541,0.299489,0.070948,1.040097,20000,0.310344,37.232148
4849,220.621357,178.738928,0.532785,0.159464,0.055217,1.234322,20000,0.310344,47.261821
4850,64.480334,53.637055,0.783811,0.483715,0.020614,1.20216,20000,0.310344,17.123325
4851,72.10817,59.651257,0.551509,0.574751,0.009193,1.208829,20000,0.310344,18.848066
4852,130.921915,184.99647,0.830594,0.15125,0.0407,0.7077,20000,0.310344,0.091091
4853,63.335007,79.09681,0.997339,0.431539,0.03417,0.800728,20000,0.310344,6.303461
4854,99.888104,92.904406,0.630624,0.434765,0.002941,1.075171,20000,0.310344,16.902486
4855,65.992856,82.601112,1.014038,0.250316,0.035121,0.798934,20000,0.310344,2.274429
4856,140.326471,178.311231,1.818309,0.40798,0.069732,0.786975,20000,0.310344,24.912424
4857,66.703193,80.796586,0.360731,0.325414,0.044072,0.825569,20000,0.310344,1.496904
4858,60.310967,76.135622,1.467881,0.519604,0.029333,0.792152,20000,0.310344,11.333848
4859,197.046167,159.769162,0.304184,0.136167,0.01937,1.233318,20000,0.310344,38.275931
4860,201.800992,184.936059,1.305675,0.11955,0.045508,1.091193,20000,0.310344,29.261517
4861,80.795099,69.280964,1.087384,0.300895,0.043929,1.166195,20000,0.310344,18.101126
4862,129.729621,129.82779,1.067901,0.583938,0.054695,0.999244,20000,0.310344,34.686795
4863,110.059253,96.03304,0.203179,0.463925,0.026111,1.146056,20000,0.310344,17.757925
4864,119.725836,116.759319,0.904812,0.207787,0.002266,1.025407,20000,0.310344,10.998396
4865,77.289536,71.338197,0.876313,0.327815,0.010371,1.083424,20000,0.310344,12.79378
4866,156.105698,129.1676,1.514546,0.427383,0.020404,1.208552,20000,0.310344,46.946292
4867,62.427036,53.895464,1.362094,0.555464,0.055974,1.158299,20000,0.310344,20.984653
4868,174.876413,154.721125,0.307938,0.460875,0.045028,1.130268,20000,0.310344,29.620944
4869,238.850157,188.484226,1.891999,0.326976,0.069898,1.267216,20000,0.310344,84.254059
4870,86.535425,89.54409,1.279488,0.503843,0.052935,0.9664,20000,0.310344,20.567921
4871,103.64373,91.91755,1.019687,0.369147,0.008242,1.127573,20000,0.310344,21.665158
4872,174.482287,191.4821,1.496965,0.30738,0.036427,0.91122,20000,0.310344,23.529621
4873,141.187198,119.973834,0.210594,0.453573,0.079397,1.176817,20000,0.310344,26.287886
4874,140.488797,137.484337,1.923642,0.403108,0.057774,1.021853,20000,0.310344,39.200394
4875,87.642248,73.19148,0.259435,0.279023,0.062529,1.197438,20000,0.310344,16.118549
4876,40.263172,55.328426,0.422751,0.595457,0.055434,0.727712,20000,0.310344,2.340926
4877,95.300234,132.563787,1.317271,0.55906,0.079022,0.718901,20000,0.310344,16.29773
4878,101.58587,87.32505,1.231035,0.209545,0.050781,1.163307,20000,0.310344,21.602685
4879,125.534587,145.75889,1.714723,0.34882,0.00135,0.861248,20000,0.310344,15.640343
4880,188.280331,164.402951,1.232041,0.432585,0.028325,1.145237,20000,0.310344,49.091486
4881,237.786364,189.893836,1.798243,0.580456,0.037769,1.252207,20000,0.310344,94.261016
4882,132.75456,156.585894,0.89454,0.12487,0.056086,0.847807,20000,0.310344,1.399394
4883,151.097561,158.867999,1.837548,0.484963,0.020434,0.951089,20000,0.310344,37.952235
4884,81.994175,91.289354,0.588659,0.337478,0.053723,0.898179,20000,0.310344,5.928196
4885,193.121043,170.418161,1.011522,0.25325,0.074893,1.133219,20000,0.310344,40.449725
4886,131.583829,171.549843,0.106066,0.584419,0.072314,0.76703,20000,0.310344,1.204445
4887,79.153839,107.095117,0.1372,0.248885,0.020069,0.739098,20000,0.310344,0.002519
4888,96.433436,102.124474,0.552124,0.495944,0.061759,0.944274,20000,0.310344,13.028837
4889,80.125539,66.766466,0.807279,0.452904,0.008459,1.200087,20000,0.310344,19.752141
4890,124.356304,152.867979,1.04663,0.590449,0.033359,0.813488,20000,0.310344,22.046797
4891,194.481087,169.940791,0.623666,0.189872,0.067651,1.144405,20000,0.310344,33.113559
4892,92.62478,94.372604,1.446899,0.577102,0.001254,0.98148,20000,0.310344,25.259535
4893,88.004355,107.044726,0.990984,0.437254,0.065652,0.822127,20000,0.310344,10.744486
4894,117.957467,115.782558,0.331709,0.303354,0.077947,1.018784,20000,0.310344,10.713177
4895,75.086542,70.147904,1.070726,0.24738,0.039947,1.070403,20000,0.310344,11.689274
4896,65.703293,91.991576,1.199377,0.301884,0.034435,0.714232,20000,0.310344,2.576145
4897,68.975768,67.844359,0.342386,0.334441,0.014719,1.016677,20000,0.310344,6.078208
4898,153.870202,181.952368,0.708415,0.37892,0.018394,0.845662,20000,0.310344,10.434301
4899,65.190409,57.066134,1.642625,0.109728,0.064115,1.142366,20000,0.310344,13.965903
4900,95.693417,84.902195,0.930527,0.247044,0.039806,1.127102,20000,0.310344,16.951549
4901,159.251025,163.399362,1.050867,0.157678,0.010538,0.974612,20000,0.342865,9.031812
4902,156.496198,145.92637,1.647595,0.238909,0.067095,1.072433,20000,0.342865,33.183864
4903,98.126695,130.57162,1.903294,0.15225,0.044961,0.751516,20000,0.342865,2.105372
4904,54.333199,69.352984,0.212417,0.142055,0.012993,0.78343,20000,0.342865,5.2e-05
4905,68.38726,82.470263,1.236096,0.374974,0.003272,0.829235,20000,0.342865,6.918121
4906,164.892495,158.763248,0.931704,0.256298,0.037144,1.038606,20000,0.342865,22.40696
4907,73.029577,67.743134,0.199738,0.583202,0.06539,1.078037,20000,0.342865,10.650334
4908,184.979355,142.339889,0.853302,0.327651,0.030477,1.299561,20000,0.342865,50.832265
4909,200.957571,162.585313,1.148626,0.389895,0.069599,1.236013,20000,0.342865,61.333126
4910,90.556959,94.875363,0.926795,0.433139,0.022833,0.954483,20000,0.342865,14.011546
4911,86.555293,118.563433,1.941305,0.375453,0.070947,0.730034,20000,0.342865,12.357148
4912,57.968361,59.60958,1.791129,0.182731,0.006093,0.972467,20000,0.342865,5.240901
4913,65.051374,81.161129,0.988082,0.413411,0.015239,0.801509,20000,0.342865,5.841641
4914,129.113376,181.348774,0.26695,0.547248,0.005246,0.711962,20000,0.342865,2.417727
4915,95.294323,77.119176,0.806679,0.140089,0.051897,1.235676,20000,0.342865,21.305803
4916,199.852729,175.514497,1.835528,0.595946,0.078997,1.138668,20000,0.342865,83.290624
4917,95.277696,85.476955,0.12758,0.154745,0.020939,1.114659,20000,0.342865,10.063559
4918,121.115362,118.601546,1.76838,0.31985,0.063447,1.021195,20000,0.342865,27.787651
4919,107.040632,101.964413,1.436489,0.419536,0.004759,1.049784,20000,0.342865,23.320177
4920,62.18901,52.025192,1.153921,0.151302,0.058649,1.195363,20000,0.342865,13.782843
4921,176.134593,157.466067,1.086078,0.589618,0.066776,1.118556,20000,0.342865,54.980936
4922,104.534693,124.031855,1.320333,0.200106,0.024696,0.842805,20000,0.342865,4.326928
4923,166.380475,135.161006,0.080947,0.213348,0.025621,1.23098,20000,0.342865,31.617548
4924,224.279193,186.310476,1.554459,0.124679,0.023138,1.203793,20000,0.342865,45.811103
4925,135.425492,111.799986,1.551552,0.299085,0.000802,1.211319,20000,0.342865,32.791945
4926,52.823199,54.349093,1.199638,0.341378,0.076067,0.971924,20000,0.342865,9.45712
4927,116.406084,98.243402,1.6776,0.196836,0.055716,1.184874,20000,0.342865,28.859429
4928,64.590663,73.205162,1.968509,0.143248,0.011619,0.882324,20000,0.342865,2.708053
4929,196.996748,171.393042,0.911265,0.434439,0.074115,1.149386,20000,0.342865,51.760829
4930,140.019062,130.584597,0.624774,0.49853,0.073297,1.072248,20000,0.342865,29.472544
4931,195.829369,157.357471,0.231834,0.263246,0.026703,1.244487,20000,0.342865,39.88718
4932,203.303093,156.859372,1.346658,0.540925,0.058687,1.296085,20000,0.342865,78.152614
4933,131.081546,147.019136,0.401835,0.434331,0.040689,0.891595,20000,0.342865,9.246348
4934,98.584491,131.049423,1.444368,0.167625,0.059412,0.75227,20000,0.342865,1.836449
4935,144.535702,123.552836,0.524882,0.39201,0.064818,1.169829,20000,0.342865,30.917521
4936,118.819271,140.458036,1.757529,0.442709,0.065814,0.845941,20000,0.342865,25.706641
4937,70.383561,58.301138,1.006049,0.487618,0.009496,1.207242,20000,0.342865,19.568125
4938,121.435711,133.619223,1.672709,0.153795,0.02381,0.908819,20000,0.342865,6.947963
4939,113.955547,98.681081,1.21292,0.284389,0.034578,1.154786,20000,0.342865,25.196314
4940,108.024661,87.071767,1.708508,0.454007,0.04942,1.240639,20000,0.342865,38.107684
4941,139.742193,122.791206,0.767234,0.301596,0.007682,1.138047,20000,0.342865,23.78
4942,180.918478,193.958803,1.632868,0.431402,0.058185,0.932768,20000,0.342865,40.657808
4943,181.846038,164.933403,0.459868,0.503247,0.027021,1.102542,20000,0.342865,34.343068
4944,67.699209,71.315514,1.99111,0.281963,0.062926,0.949291,20000,0.342865,12.780768
4945,139.489998,143.653927,1.02984,0.361793,0.017958,0.971014,20000,0.342865,19.894546
4946,65.758151,65.979994,1.666415,0.421196,0.059606,0.996638,20000,0.342865,16.431754
4947,144.224939,150.867515,0.967796,0.129413,0.025949,0.955971,20000,0.342865,6.011006
4948,106.387992,117.733023,0.813114,0.21258,0.06682,0.903638,20000,0.342865,6.099791
4949,59.699867,84.153744,1.635635,0.468919,0.001386,0.709414,20000,0.342865,7.33177
4950,157.058746,121.340652,1.566011,0.12126,0.024638,1.294362,20000,0.342865,40.748092
4951,113.529827,130.424748,1.830387,0.161997,0.034686,0.870462,20000,0.342865,6.466454
4952,52.63542,60.421864,1.915337,0.348941,0.028903,0.871132,20000,0.342865,8.534522
4953,146.605475,158.081621,0.086055,0.187846,0.035193,0.927404,20000,0.342865,0.357867
4954,44.18764,62.844861,0.729421,0.381213,0.031589,0.703123,20000,0.342865,1.373419
4955,88.411256,93.395809,1.231531,0.268804,0.060768,0.94663,20000,0.342865,11.194915
4956,198.599302,177.801186,0.226886,0.291627,0.044398,1.116974,20000,0.342865,25.505524
4957,91.408154,85.10558,0.897762,0.219831,0.031559,1.074056,20000,0.342865,12.337386
4958,86.850652,75.806908,0.697127,0.220524,0.007866,1.145683,20000,0.342865,13.387398
4959,226.703705,179.537361,1.809044,0.254334,0.052615,1.26271,20000,0.342865,68.977582
4960,227.317512,178.998821,1.088572,0.235845,0.038101,1.269939,20000,0.342865,58.210541
4961,72.915823,79.968183,1.85411,0.249813,0.017863,0.91181,20000,0.342865,7.905868
4962,42.069858,56.518001,0.095892,0.22047,0.033854,0.744362,20000,0.342865,0.0
4963,83.68662,75.84587,1.764414,0.200248,0.035548,1.103377,20000,0.342865,15.983734
4964,122.625121,148.550515,1.663882,0.20467,0.063042,0.825478,20000,0.342865,8.740105
4965,171.458012,144.144629,1.650127,0.177636,0.050326,1.189486,20000,0.342865,40.597766
4966,83.394704,67.271219,1.32532,0.371689,0.002049,1.239679,20000,0.342865,22.491201
4967,164.382994,151.457766,0.504271,0.346637,0.077105,1.085339,20000,0.342865,26.30972
4968,146.000606,121.066375,0.654416,0.488184,0.001391,1.205955,20000,0.342865,36.168431
4969,94.102049,108.073898,1.511806,0.320928,0.016997,0.870719,20000,0.342865,10.431099
4970,107.578407,129.290672,1.000022,0.113399,0.03916,0.832066,20000,0.342865,0.65153
4971,236.65676,197.253473,0.53492,0.227351,0.042958,1.19976,20000,0.342865,45.794834
4972,206.186703,174.119935,0.203273,0.581383,0.063253,1.184165,20000,0.342865,40.609474
4973,66.261999,81.068239,1.383496,0.359019,0.06535,0.817361,20000,0.342865,8.071918
4974,146.187742,132.610935,0.187422,0.362373,0.020252,1.102381,20000,0.342865,17.577117
4975,135.022905,186.971813,1.717704,0.545575,0.032392,0.722156,20000,0.342865,25.563545
4976,138.160667,188.126928,0.194026,0.476825,0.047515,0.734401,20000,0.342865,1.193419
4977,184.686845,182.626203,0.183723,0.263936,0.001979,1.011283,20000,0.342865,9.366308
4978,182.22388,159.868391,1.318057,0.386359,0.079654,1.139837,20000,0.342865,50.579106
4979,111.492435,128.387649,1.962983,0.186254,0.058123,0.868405,20000,0.342865,10.524733
4980,216.87152,177.086161,1.842208,0.42043,0.018104,1.224667,20000,0.342865,69.402774
4981,81.190988,74.235657,0.163346,0.292284,0.021797,1.093693,20000,0.342865,8.34575
4982,121.842287,130.001014,0.220619,0.170878,0.036062,0.937241,20000,0.342865,1.396928
4983,108.893392,110.255208,0.773751,0.518278,0.044995,0.987649,20000,0.342865,20.6494
4984,62.921058,52.546068,1.740983,0.158894,0.035807,1.197446,20000,0.342865,14.361921
4985,112.500327,143.250591,0.25528,0.482025,0.069219,0.785339,20000,0.342865,2.996926
4986,99.874809,119.694479,1.165779,0.167349,0.072227,0.834415,20000,0.342865,3.501579
4987,56.627843,75.052626,0.062653,0.231592,0.000601,0.754508,20000,0.342865,0.0
4988,102.112557,86.01716,1.357632,0.162373,0.026698,1.187118,20000,0.342865,20.370173
4989,55.044638,59.05181,1.924159,0.356588,0.015895,0.932141,20000,0.342865,9.81864
4990,217.148665,177.528048,1.897361,0.547575,0.038153,1.223179,20000,0.342865,84.522204
4991,121.181579,104.503661,1.988532,0.514713,0.062754,1.159592,20000,0.342865,45.485777
4992,114.115053,138.839149,1.881359,0.106973,0.03788,0.821923,20000,0.342865,2.041268
4993,66.450412,66.903419,0.929502,0.467707,0.056381,0.993229,20000,0.342865,12.957508
4994,120.605751,115.693327,0.806041,0.220453,0.00151,1.042461,20000,0.342865,12.109667
4995,101.39855,88.795986,0.272568,0.429369,0.023173,1.141927,20000,0.342865,16.681092
4996,99.509873,98.380812,1.333399,0.103846,0.012944,1.011476,20000,0.342865,6.171329
4997,125.431108,117.959187,1.229934,0.562264,0.011524,1.063343,20000,0.342865,34.251804
4998,111.771913,151.191929,1.126483,0.588396,0.068895,0.739272,20000,0.342865,18.635584
4999,106.901271,110.959922,1.790432,0.165864,0.077317,0.963422,20000,0.342865,15.087203
5000,191.630905,158.940489,1.038889,0.323796,0.079017,1.205677,20000,0.342865,51.086399
5001,182.788413,150.554614,1.420106,0.279385,0.054236,1.2141,20000,0.312702,49.056939
5002,156.025989,180.603048,1.627499,0.529123,0.022949,0.863917,20000,0.312702,34.789396
5003,89.51093,87.577461,0.633616,0.254369,0.016845,1.022077,20000,0.312702,8.57204
5004,79.931988,104.46331,1.799614,0.19846,0.040375,0.765168,20000,0.312702,3.21699
5005,143.341174,150.508992,0.816565,0.360606,0.03775,0.952376,20000,0.312702,17.483199
5006,124.593267,122.489707,0.360597,0.489371,0.059496,1.017173,20000,0.312702,16.923337
5007,65.975884,77.413208,1.680295,0.239204,0.004881,0.852256,20000,0.312702,4.444081
5008,62.217361,72.015514,0.674673,0.415688,0.07718,0.863944,20000,0.312702,6.060843
5009,162.3996,183.67792,0.370019,0.207725,0.065112,0.884154,20000,0.312702,2.686787
5010,78.051466,75.057434,0.236071,0.576782,0.07762,1.03989,20000,0.312702,10.931365
5011,82.765704,84.515007,1.837529,0.403526,0.008438,0.979302,20000,0.312702,17.522969
5012,74.546328,65.405245,0.143017,0.44372,0.030002,1.139761,20000,0.312702,10.791618
5013,176.473394,184.929609,0.910336,0.585811,0.051804,0.954273,20000,0.312702,39.064752
5014,127.832827,140.546382,0.391117,0.423432,0.051039,0.909542,20000,0.312702,9.552158
5015,146.675743,129.379532,1.583925,0.184057,0.0707,1.133686,20000,0.312702,33.644606
5016,74.062642,90.7203,1.647871,0.328031,0.075779,0.816384,20000,0.312702,10.386128
5017,125.767491,134.724524,1.745767,0.590831,0.054542,0.933516,20000,0.312702,39.183763
5018,94.532332,130.127938,1.779592,0.329649,0.026641,0.726457,20000,0.312702,7.653627
5019,87.134985,84.790863,0.635118,0.457109,0.03574,1.027646,20000,0.312702,14.591644
5020,156.608973,189.492117,1.294154,0.137637,0.017979,0.826467,20000,0.312702,1.931399
5021,77.983098,65.196419,1.301675,0.169131,0.041314,1.196125,20000,0.312702,16.938842
5022,235.210858,187.242532,0.118767,0.287117,0.030218,1.256183,20000,0.312702,48.673448
5023,121.642437,144.842611,1.637318,0.316989,0.030653,0.839825,20000,0.312702,13.912959
5024,53.084757,64.146883,0.755042,0.236467,0.043989,0.82755,20000,0.312702,1.460276
5025,164.360892,142.201212,1.844728,0.257966,0.006154,1.155833,20000,0.312702,35.187709
5026,114.696804,94.88472,0.40719,0.150939,0.027136,1.208802,20000,0.312702,20.818414
5027,73.98248,70.136166,0.640724,0.417847,0.022797,1.054841,20000,0.312702,11.948475
5028,97.803845,104.885833,1.094846,0.241852,0.054925,0.932479,20000,0.312702,9.421614
5029,230.966475,187.039518,0.156126,0.463225,0.00065,1.234854,20000,0.312702,46.382256
5030,171.882287,166.599676,1.328247,0.592616,0.010371,1.031708,20000,0.312702,48.045327
5031,96.932836,90.399219,1.448531,0.260966,0.067866,1.072275,20000,0.312702,20.380476
5032,56.958052,60.49715,0.211751,0.511063,0.06244,0.9415,20000,0.312702,4.258862
5033,62.884067,68.751249,0.519545,0.469897,0.028356,0.914661,20000,0.312702,6.438978
5034,108.320074,129.055233,1.323099,0.360677,0.033541,0.839331,20000,0.312702,12.429213
5035,138.090185,142.796013,1.49291,0.101697,0.018743,0.967045,20000,0.312702,6.605374
5036,155.085356,157.129967,1.443803,0.562725,0.032139,0.986988,20000,0.312702,42.591224
5037,52.344551,73.580986,0.613588,0.451934,0.074684,0.711387,20000,0.312702,2.267055
5038,97.494575,82.235961,1.645135,0.49829,0.003963,1.185547,20000,0.312702,30.526823
5039,171.348698,187.351478,0.662187,0.532401,0.006145,0.914584,20000,0.312702,23.71945
5040,142.44664,165.742743,1.213335,0.531658,0.027851,0.859444,20000,0.312702,26.258317
5041,70.200113,54.738428,0.616312,0.258439,0.060941,1.282465,20000,0.312702,17.896117
5042,188.498791,162.941124,1.045561,0.458191,0.069126,1.156852,20000,0.312702,52.853946
5043,132.746821,103.429642,0.314502,0.414307,0.018173,1.28345,20000,0.312702,31.790316
5044,116.284125,118.239882,0.964611,0.174127,0.014183,0.983459,20000,0.312702,7.645166
5045,59.470083,80.429625,1.645507,0.330389,0.005256,0.739405,20000,0.312702,4.129661
5046,166.684721,198.122359,1.990675,0.102014,0.051511,0.841322,20000,0.312702,5.129354
5047,127.448672,129.145742,1.112606,0.23676,0.074651,0.986859,20000,0.312702,17.17627
5048,147.588788,191.020991,0.705729,0.589093,0.004331,0.772631,20000,0.312702,15.7176
5049,254.137041,195.906448,0.85611,0.116021,0.044927,1.297237,20000,0.312702,65.847419
5050,242.36105,198.365838,0.76968,0.303906,0.028175,1.221788,20000,0.312702,55.474636
5051,142.782995,127.77341,1.579543,0.1359,0.054386,1.11747,20000,0.312702,26.958032
5052,102.145876,87.61928,1.705514,0.34959,0.00441,1.165792,20000,0.312702,25.128384
5053,93.973607,102.602644,1.232771,0.545623,0.018235,0.915898,20000,0.312702,21.065803
5054,64.482648,83.222576,1.522552,0.349654,0.064686,0.774822,20000,0.312702,7.255094
5055,77.394272,72.789343,0.936639,0.288526,0.07037,1.063264,20000,0.312702,13.310996
5056,163.238993,177.819665,1.890365,0.264598,0.072959,0.918003,20000,0.312702,27.201578
5057,152.705675,146.428926,1.582509,0.491516,0.02398,1.042865,20000,0.312702,42.207245
5058,69.364295,81.952559,0.681961,0.319586,0.032703,0.846396,20000,0.312702,3.664079
5059,70.985585,64.368108,1.192361,0.271092,0.078532,1.102807,20000,0.312702,15.398005
5060,94.386551,102.794774,1.4873,0.369409,0.012282,0.918204,20000,0.312702,14.732366
5061,183.955349,188.395458,0.648908,0.122721,0.027729,0.976432,20000,0.312702,6.815024
5062,187.404707,157.429776,0.412458,0.394403,0.055151,1.190402,20000,0.312702,38.992263
5063,69.355787,69.123002,0.647149,0.477136,0.016789,1.003368,20000,0.312702,11.01093
5064,144.238453,167.902448,1.253797,0.527332,0.009274,0.859061,20000,0.312702,25.443532
5065,107.602774,150.101526,0.986395,0.30791,0.058025,0.716867,20000,0.312702,3.748058
5066,141.48547,127.379973,1.16752,0.300971,0.053063,1.110736,20000,0.312702,30.426978
5067,150.35567,128.835925,1.17514,0.444022,0.055972,1.167032,20000,0.312702,43.110287
5068,175.770214,157.234794,1.627545,0.447617,0.077837,1.117884,20000,0.312702,56.701813
5069,145.876787,181.239573,1.991837,0.3659,0.052167,0.804884,20000,0.312702,22.953481
5070,136.805647,158.787265,0.960826,0.426468,0.070704,0.861566,20000,0.312702,18.174824
5071,76.198685,62.510722,1.741708,0.572061,0.024542,1.21897,20000,0.312702,29.116858
5072,95.974381,92.057825,1.976028,0.475843,0.070381,1.042545,20000,0.312702,31.904258
5073,186.715427,192.513879,0.244318,0.393349,0.030775,0.96988,20000,0.312702,12.720095
5074,138.580413,122.212307,1.023965,0.306425,0.069388,1.133932,20000,0.312702,30.729545
5075,67.914366,75.125755,1.720979,0.224801,0.040904,0.904009,20000,0.312702,7.183529
5076,64.178697,64.48457,1.894558,0.190903,0.028163,0.995257,20000,0.312702,8.059421
5077,129.902824,106.283472,0.858309,0.202294,0.067976,1.22223,20000,0.312702,30.50485
5078,90.910539,121.475719,1.946183,0.181561,0.035845,0.748384,20000,0.312702,2.723511
5079,100.184002,112.662157,1.790577,0.235917,0.041179,0.889243,20000,0.312702,10.692558
5080,172.568976,161.339581,0.097029,0.411663,0.066177,1.069601,20000,0.312702,15.805822
5081,133.172798,140.456828,1.092675,0.495112,0.057947,0.94814,20000,0.312702,27.139008
5082,58.535086,61.945838,0.878352,0.39718,0.005088,0.94494,20000,0.312702,7.480214
5083,70.810236,99.740687,0.662333,0.366544,0.04586,0.709943,20000,0.312702,1.892004
5084,198.548371,157.953218,1.023416,0.315616,0.041012,1.257007,20000,0.312702,53.786155
5085,46.01713,54.694581,0.296569,0.225699,0.054656,0.841347,20000,0.312702,0.297838
5086,65.734485,75.376437,1.787836,0.270216,0.075331,0.872083,20000,0.312702,9.54421
5087,152.262176,119.344975,1.550216,0.298472,0.01582,1.275816,20000,0.312702,42.174639
5088,94.907749,115.601404,1.459177,0.28369,0.044569,0.820991,20000,0.312702,8.013178
5089,54.328883,55.01055,1.383682,0.384425,0.056613,0.987608,20000,0.312702,11.266482
5090,142.728774,118.38226,1.457283,0.467809,0.035643,1.20566,20000,0.312702,45.570863
5091,88.418337,94.910713,0.465678,0.433005,0.005968,0.931595,20000,0.312702,7.884067
5092,85.08077,72.795473,0.871642,0.326249,0.012904,1.168765,20000,0.312702,17.439593
5093,138.599299,146.255507,0.883908,0.119987,0.038213,0.947652,20000,0.312702,5.070601
5094,190.440524,193.879544,1.170187,0.450439,0.013601,0.982262,20000,0.312702,36.549485
5095,160.838087,189.307243,0.441457,0.237518,0.055013,0.849614,20000,0.312702,2.736866
5096,154.025637,168.107322,0.429903,0.561678,0.024371,0.916234,20000,0.312702,17.487691
5097,56.030392,62.493262,1.230067,0.422541,0.03108,0.896583,20000,0.312702,8.505381
5098,244.739137,192.590339,1.583778,0.405974,0.001115,1.270776,20000,0.312702,74.812046
5099,135.481484,118.588617,1.612123,0.30361,0.019084,1.142449,20000,0.312702,30.1941
5100,59.404155,65.817404,0.752703,0.13502,0.019101,0.90256,20000,0.312702,0.942532
5101,47.122955,61.784278,0.294034,0.209427,0.06356,0.762701,20000,0.324296,0.029068
5102,166.524438,155.208107,1.481757,0.512883,0.004378,1.072911,20000,0.324296,45.130873
5103,97.412657,137.31019,0.102922,0.214939,0.033846,0.709435,20000,0.324296,0.0
5104,147.584317,121.768344,0.489012,0.382155,0.027091,1.212009,20000,0.324296,31.966735
5105,227.265572,189.743636,0.839329,0.494538,0.0263,1.197751,20000,0.324296,62.058007
5106,171.033179,159.625003,1.552719,0.36669,0.007067,1.071469,20000,0.324296,35.840166
5107,224.002599,199.139284,1.189721,0.457244,0.058426,1.124854,20000,0.324296,61.779601
5108,191.81146,160.02238,1.945871,0.128964,0.053756,1.198654,20000,0.324296,48.445581
5109,159.36752,193.404083,1.343802,0.524087,0.068811,0.824013,20000,0.324296,31.765896
5110,113.754856,159.92679,1.487931,0.114568,0.028853,0.711293,20000,0.324296,0.113022
5111,173.347438,164.101245,0.88873,0.35153,0.032218,1.056344,20000,0.324296,29.851455
5112,154.59884,121.803818,1.875887,0.281706,0.034655,1.269245,20000,0.324296,46.360661
5113,127.148939,179.648688,0.432697,0.326298,0.051553,0.707764,20000,0.324296,0.961902
5114,86.974319,111.163424,1.27973,0.517148,0.024568,0.782401,20000,0.324296,13.801001
5115,146.883175,175.079037,0.832421,0.105504,0.034891,0.838954,20000,0.324296,0.407084
5116,119.5325,109.172068,1.364619,0.151792,0.073963,1.0949,20000,0.324296,21.981317
5117,101.963645,90.811944,0.800521,0.442033,0.01636,1.1228,20000,0.324296,21.766657
5118,129.82002,134.209466,0.60395,0.577531,0.048644,0.967294,20000,0.324296,22.826918
5119,99.030122,79.214039,1.833328,0.53656,0.006269,1.250159,20000,0.324296,36.846117
5120,106.449992,82.899288,1.653947,0.322481,0.014267,1.284088,20000,0.324296,31.244353
5121,126.613016,129.924376,0.546922,0.404244,0.014074,0.974513,20000,0.324296,14.227
5122,67.608212,84.603229,0.080286,0.487937,0.021026,0.799121,20000,0.324296,0.223949
5123,114.127257,96.681435,1.182881,0.443063,0.024933,1.180446,20000,0.324296,30.987731
5124,92.422868,124.58727,0.353449,0.400224,0.005002,0.741832,20000,0.324296,1.337242
5125,143.551875,198.421043,1.364428,0.172987,0.011944,0.723471,20000,0.324296,0.858454
5126,79.495479,63.584993,1.057488,0.211019,0.038298,1.250224,20000,0.324296,19.348115
5127,159.408618,139.857145,0.387931,0.129193,0.076429,1.139796,20000,0.324296,23.60614
5128,153.982397,146.263295,1.312976,0.575249,0.002337,1.052775,20000,0.324296,42.927235
5129,187.863243,199.17392,1.940127,0.417336,0.049927,0.943212,20000,0.324296,45.175348
5130,135.676862,164.748271,0.485699,0.204149,0.07341,0.82354,20000,0.324296,1.35706
5131,136.711607,106.009445,1.694554,0.497471,0.042802,1.289617,20000,0.324296,52.160499
5132,66.016406,56.462085,1.487648,0.140306,0.076969,1.169217,20000,0.324296,15.801468
5133,114.954534,108.586489,1.452485,0.43204,0.066596,1.058645,20000,0.324296,30.833364
5134,214.101182,198.290597,0.944726,0.423186,0.041591,1.079734,20000,0.324296,45.996461
5135,100.613398,99.976991,0.447612,0.228901,0.072149,1.006366,20000,0.324296,8.048123
5136,125.223859,114.339078,1.818327,0.382469,0.076673,1.095197,20000,0.324296,37.613627
5137,146.718349,144.564862,1.936604,0.251022,0.021106,1.014896,20000,0.324296,23.831702
5138,132.104778,144.996943,1.476624,0.428786,0.065354,0.911087,20000,0.324296,26.823251
5139,116.173496,124.683381,1.726533,0.39921,0.055586,0.931748,20000,0.324296,24.674126
5140,112.419746,107.957048,0.061111,0.118042,0.020691,1.041338,20000,0.324296,4.715863
5141,77.090154,73.821065,0.610315,0.276761,0.019734,1.044284,20000,0.324296,8.704662
5142,182.184624,183.262284,1.605748,0.533464,0.013081,0.99412,20000,0.324296,48.928084
5143,97.100863,131.680954,1.979407,0.253941,0.063383,0.737395,20000,0.324296,7.36176
5144,209.836193,165.673915,1.642987,0.486546,0.013755,1.266561,20000,0.324296,72.80358
5145,127.457208,147.81057,0.110585,0.341709,0.051442,0.862301,20000,0.324296,0.820712
5146,78.860224,88.846943,0.89724,0.538738,0.036487,0.887596,20000,0.324296,13.634895
5147,157.443249,126.060212,0.05415,0.11726,0.01986,1.248953,20000,0.324296,31.513181
5148,141.341827,174.02564,0.605002,0.29596,0.064044,0.81219,20000,0.324296,4.812722
5149,214.626723,176.924207,1.838477,0.302811,0.004289,1.2131,20000,0.324296,54.809306
5150,122.038398,171.426517,0.594386,0.218599,0.010414,0.711899,20000,0.324296,0.239937
5151,106.954443,105.41064,1.61011,0.411798,0.043564,1.014646,20000,0.324296,25.609502
5152,199.23472,158.044314,1.25361,0.409159,0.048133,1.260626,20000,0.324296,62.407679
5153,59.257255,60.445155,1.334623,0.129231,0.039631,0.980347,20000,0.324296,4.438556
5154,98.867325,109.561489,0.705262,0.279919,0.043466,0.902391,20000,0.324296,6.259147
5155,70.619291,88.614674,0.657101,0.583114,0.067969,0.796925,20000,0.324296,8.549616
5156,84.451517,100.310295,0.375195,0.582054,0.022334,0.841903,20000,0.324296,6.696251
5157,129.755015,105.632878,1.970503,0.206447,0.01035,1.228358,20000,0.324296,30.275958
5158,65.710086,61.421982,0.615034,0.158708,0.022332,1.069814,20000,0.324296,6.424696
5159,205.815851,180.151716,0.700753,0.215491,0.063223,1.142458,20000,0.324296,36.590762
5160,82.146164,81.96601,1.988667,0.211123,0.013117,1.002198,20000,0.324296,10.973006
5161,70.468694,65.537444,0.940682,0.229197,0.026986,1.075243,20000,0.324296,9.828552
5162,83.023306,105.501962,1.967426,0.5997,0.067297,0.786936,20000,0.324296,24.284073
5163,222.953069,174.723859,0.085801,0.121629,0.042959,1.276031,20000,0.324296,48.841952
5164,141.342073,114.432016,0.94072,0.162058,0.008444,1.235162,20000,0.324296,28.418117
5165,115.028944,115.27141,0.971318,0.196686,0.005755,0.997897,20000,0.324296,9.005119
5166,198.504126,178.184253,0.349984,0.444763,0.071435,1.114039,20000,0.324296,34.373736
5167,122.784768,108.118656,0.219201,0.13389,0.032816,1.135648,20000,0.324296,15.458395
5168,195.963639,196.36408,0.264682,0.46183,0.020088,0.997961,20000,0.324296,19.049454
5169,58.544203,70.923698,1.124925,0.260694,0.026712,0.825453,20000,0.324296,3.078715
5170,136.708932,125.081894,1.230033,0.322827,0.049417,1.092955,20000,0.324296,29.105673
5171,164.860421,173.901271,0.969288,0.437347,0.0758,0.948012,20000,0.324296,29.800324
5172,151.475749,151.746423,1.507416,0.2625,0.013698,0.998216,20000,0.324296,20.376674
5173,114.677044,93.467301,1.299897,0.241123,0.022748,1.226922,20000,0.324296,26.752758
5174,150.439796,148.026654,0.41158,0.296486,0.026076,1.016302,20000,0.324296,13.202706
5175,102.964469,87.575901,1.014158,0.51055,0.001528,1.175717,20000,0.324296,28.450302
5176,142.88558,110.526716,1.816482,0.232096,0.040966,1.29277,20000,0.324296,43.168178
5177,70.915404,91.822217,1.789598,0.538853,0.069696,0.772312,20000,0.324296,16.497814
5178,107.023528,133.783942,1.917338,0.522249,0.047019,0.799973,20000,0.324296,25.028044
5179,139.030178,145.633542,0.338132,0.466954,0.026142,0.954658,20000,0.324296,12.734355
5180,120.297153,138.749203,0.627422,0.594049,0.034643,0.867011,20000,0.324296,16.574885
5181,70.560762,68.614965,0.521554,0.42303,0.061759,1.028358,20000,0.324296,10.456033
5182,61.171955,68.904323,1.571175,0.451438,0.021638,0.887781,20000,0.324296,11.704381
5183,120.371121,100.605042,1.125984,0.147292,0.042271,1.196472,20000,0.324296,24.889198
5184,198.905818,191.689267,1.848144,0.197616,0.051935,1.037647,20000,0.324296,34.854314
5185,150.309078,162.400548,0.107389,0.249125,0.046875,0.925545,20000,0.324296,1.267984
5186,178.55694,139.640271,0.232467,0.547513,0.012334,1.278692,20000,0.324296,43.25404
5187,135.138468,124.746288,1.464839,0.533347,0.048171,1.083307,20000,0.324296,41.517212
5188,128.668234,139.722883,0.142243,0.481659,0.038382,0.920882,20000,0.324296,5.384884
5189,181.844622,162.939209,0.564039,0.56242,0.024197,1.116027,20000,0.324296,40.675408
5190,77.568048,106.746327,1.932173,0.27804,0.004208,0.726658,20000,0.324296,4.219432
5191,195.207874,185.228035,0.359059,0.106068,0.040917,1.053879,20000,0.324296,13.598849
5192,137.897327,160.343494,1.771337,0.181516,0.054269,0.860012,20000,0.324296,10.326754
5193,191.057246,199.417689,0.120087,0.317258,0.008014,0.958076,20000,0.324296,5.053728
5194,146.014,149.299595,0.331544,0.12549,0.019016,0.977993,20000,0.324296,3.152617
5195,76.495054,69.090291,0.893908,0.388476,0.006517,1.107175,20000,0.324296,14.839055
5196,115.383978,111.23321,0.066222,0.421614,0.077051,1.037316,20000,0.324296,7.594878
5197,219.448955,195.364516,1.723668,0.35558,0.065758,1.123279,20000,0.324296,63.901521
5198,70.472593,66.362314,0.428791,0.22332,0.068267,1.061937,20000,0.324296,7.644651
5199,109.932202,94.476247,1.899897,0.247788,0.031684,1.163596,20000,0.324296,26.325727
5200,98.810768,91.642588,0.557584,0.193722,0.051778,1.078219,20000,0.324296,11.567511
5201,224.386479,188.180027,1.54782,0.259906,0.061983,1.192403,20000,0.311752,60.878897
5202,111.751553,128.432042,0.846308,0.316248,0.031304,0.870122,20000,0.311752,7.819391
5203,89.319668,104.137177,0.568459,0.420428,0.023268,0.857712,20000,0.311752,6.6541
5204,95.755861,115.635174,1.625176,0.243056,0.019525,0.828086,20000,0.311752,6.206689
5205,53.601287,71.048898,0.169528,0.525729,0.058318,0.754428,20000,0.311752,0.679017
5206,161.560814,148.065499,0.523382,0.246464,0.004001,1.091144,20000,0.311752,19.154725
5207,63.050978,84.932591,0.204748,0.146605,0.013492,0.742365,20000,0.311752,0.0
5208,159.647732,176.749908,1.652128,0.559682,0.044216,0.903241,20000,0.311752,43.706431
5209,64.120821,51.843285,0.148267,0.499671,0.032126,1.23682,20000,0.311752,13.260763
5210,156.866916,123.361891,1.665647,0.41421,0.029035,1.271599,20000,0.311752,52.636651
5211,124.848964,151.533447,1.371089,0.327962,0.061157,0.823904,20000,0.311752,13.739347
5212,93.520296,119.412143,1.810134,0.157881,0.017388,0.783172,20000,0.311752,1.839979
5213,171.141988,187.111057,0.911817,0.369784,0.061666,0.914655,20000,0.311752,21.136935
5214,160.948151,145.509193,1.561395,0.461897,0.067455,1.106103,20000,0.311752,50.575118
5215,41.810654,51.051337,1.580895,0.279723,0.042326,0.818992,20000,0.311752,3.66073
5216,148.314616,115.66626,1.73676,0.226426,0.045075,1.282263,20000,0.311752,43.65452
5217,63.618775,71.139216,0.518275,0.318808,0.00174,0.894286,20000,0.311752,3.102984
5218,107.475599,143.113628,0.164724,0.468506,0.027998,0.750981,20000,0.311752,0.692337
5219,111.210981,109.18991,1.827863,0.114342,0.034713,1.01851,20000,0.311752,12.079855
5220,203.059167,171.420509,1.059822,0.243913,0.048683,1.184568,20000,0.311752,44.91199
5221,149.698497,161.572908,1.605121,0.150595,0.013369,0.926507,20000,0.311752,7.959233
5222,105.839004,110.60472,0.265718,0.573533,0.056801,0.956912,20000,0.311752,11.068668
5223,72.304526,86.375792,0.87426,0.485142,0.035371,0.837092,20000,0.311752,8.806326
5224,188.776644,172.766414,1.525636,0.275294,0.040948,1.09267,20000,0.311752,39.278784
5225,102.463315,127.489188,0.813456,0.204215,0.008374,0.803702,20000,0.311752,1.238907
5226,86.462771,108.628582,1.520735,0.298265,0.046076,0.795949,20000,0.311752,7.412165
5227,177.290623,190.918649,1.578691,0.292741,0.009824,0.928619,20000,0.311752,22.191411
5228,109.035199,88.94194,1.210722,0.195361,0.065868,1.225914,20000,0.311752,27.684875
5229,60.842861,58.856739,0.819645,0.38345,0.028332,1.033745,20000,0.311752,9.940874
5230,43.027783,61.256618,1.231521,0.315155,0.073921,0.702419,20000,0.311752,2.280329
5231,109.847469,143.703279,1.804246,0.301937,0.040129,0.764405,20000,0.311752,9.874535
5232,57.764678,57.420724,1.48329,0.57983,0.044416,1.00599,20000,0.311752,17.219504
5233,69.219797,62.570998,1.938503,0.427543,0.020257,1.10626,20000,0.311752,19.542287
5234,197.57319,187.937051,1.983425,0.545403,0.013045,1.051273,20000,0.311752,65.143028
5235,94.724639,81.308503,1.134582,0.129357,0.025459,1.165003,20000,0.311752,16.468805
5236,122.004409,120.815337,1.644715,0.475575,0.034022,1.009842,20000,0.311752,32.284521
5237,234.667371,194.53211,0.794002,0.159153,0.006514,1.206317,20000,0.311752,42.491271
5238,66.671348,90.321617,0.551812,0.503263,0.063607,0.738155,20000,0.311752,3.847859
5239,105.287163,131.599368,0.904448,0.55252,0.056299,0.800058,20000,0.311752,15.195861
5240,110.920199,123.170802,0.232516,0.312967,0.05842,0.90054,20000,0.311752,2.869053
5241,119.333191,106.012662,1.827381,0.468832,0.005456,1.12565,20000,0.311752,36.075529
5242,178.44802,177.074665,0.677789,0.284603,0.035283,1.007756,20000,0.311752,19.373235
5243,83.718603,71.531645,1.977333,0.142869,0.076037,1.170372,20000,0.311752,22.853972
5244,179.480235,149.767772,1.240344,0.160286,0.074739,1.19839,20000,0.311752,43.946198
5245,105.838717,149.677315,0.598491,0.246248,0.039411,0.707113,20000,0.311752,0.475232
5246,90.713104,75.708501,0.768187,0.563512,0.023574,1.198189,20000,0.311752,25.485181
5247,171.215761,131.947973,0.669972,0.141428,0.028552,1.297601,20000,0.311752,41.770158
5248,173.209045,153.813435,1.060138,0.153633,0.075558,1.126098,20000,0.311752,32.281799
5249,90.333949,81.357735,1.559913,0.393531,0.043094,1.11033,20000,0.311752,24.041522
5250,128.991453,118.736316,1.246843,0.205977,0.05288,1.086369,20000,0.311752,21.775035
5251,43.238393,51.76017,1.236874,0.57475,0.006807,0.83536,20000,0.311752,7.864178
5252,201.039073,183.314786,1.798319,0.216176,0.064639,1.096688,20000,0.311752,45.862353
5253,128.405891,114.529947,1.862817,0.530911,0.029238,1.121156,20000,0.311752,42.851472
5254,45.431005,52.516053,0.100165,0.586228,0.015377,0.865088,20000,0.311752,1.171275
5255,162.362958,153.086264,0.676622,0.520573,0.04927,1.060598,20000,0.311752,33.904664
5256,103.111068,94.399056,0.729465,0.138801,0.009874,1.092289,20000,0.311752,10.864869
5257,86.557026,121.612743,0.475417,0.477375,0.077118,0.711743,20000,0.311752,3.122267
5258,105.123505,101.910728,0.153282,0.517874,0.012489,1.031525,20000,0.311752,10.247722
5259,115.579757,115.827433,0.601586,0.112783,0.0345,0.997862,20000,0.311752,5.172588
5260,70.645957,56.028657,1.085661,0.433666,0.054027,1.26089,20000,0.311752,21.668019
5261,117.998277,93.491295,0.075014,0.346038,0.018119,1.262131,20000,0.311752,24.692385
5262,184.702102,182.259493,1.485718,0.519719,0.016426,1.013402,20000,0.311752,48.263404
5263,239.527314,195.154793,1.379601,0.359874,0.052848,1.227371,20000,0.311752,71.868191
5264,77.710207,97.948637,1.142746,0.428311,0.030451,0.793377,20000,0.311752,8.326762
5265,52.303251,58.072767,0.21691,0.204619,0.074974,0.90065,20000,0.311752,0.506546
5266,127.270371,130.209111,0.857372,0.597708,0.048257,0.977431,20000,0.311752,29.131929
5267,78.389727,61.623829,1.62735,0.373569,0.000388,1.272068,20000,0.311752,23.557958
5268,144.014691,171.400553,0.250861,0.361809,0.055244,0.840223,20000,0.311752,2.959293
5269,100.467599,113.108232,1.800253,0.115096,0.030391,0.888243,20000,0.311752,3.683594
5270,107.380904,111.286205,1.485422,0.136003,0.020968,0.964908,20000,0.311752,6.781451
5271,85.378974,108.374808,0.455342,0.470421,0.061084,0.787812,20000,0.311752,4.657003
5272,80.463405,63.27153,0.147144,0.194201,0.005272,1.271716,20000,0.311752,17.203381
5273,181.256204,162.82163,0.092591,0.402886,0.016758,1.113219,20000,0.311752,20.964166
5274,120.472434,128.175356,1.022281,0.128313,0.066964,0.939903,20000,0.311752,6.670747
5275,65.659632,50.672609,1.868012,0.437573,0.046518,1.295762,20000,0.311752,25.088854
5276,119.987555,162.632691,1.785289,0.426526,0.066448,0.737783,20000,0.311752,18.866494
5277,110.16346,101.743623,0.151104,0.576602,0.011615,1.082755,20000,0.311752,14.20173
5278,114.908802,104.595655,0.931104,0.249429,0.027862,1.0986,20000,0.311752,18.306754
5279,77.816884,68.615141,1.136684,0.42876,0.012283,1.134107,20000,0.311752,18.538362
5280,114.761818,149.577689,1.744481,0.249663,0.076467,0.767239,20000,0.311752,9.236393
5281,100.882899,92.664826,1.334674,0.464465,0.024055,1.088686,20000,0.311752,26.499257
5282,147.698577,158.151315,0.457796,0.281662,0.073153,0.933907,20000,0.311752,8.645885
5283,58.740692,65.127564,0.215844,0.110069,0.011784,0.901933,20000,0.311752,0.032437
5284,70.50906,71.438622,1.04505,0.197073,0.017796,0.986988,20000,0.311752,5.853862
5285,78.391204,67.807262,0.305791,0.186811,0.019656,1.156089,20000,0.311752,11.170979
5286,109.653197,86.698167,0.106416,0.140886,0.024607,1.264769,20000,0.311752,23.15095
5287,67.937868,96.113593,1.96532,0.300326,0.033427,0.70685,20000,0.311752,4.808491
5288,169.10044,151.953347,0.295465,0.544485,0.047644,1.112844,20000,0.311752,30.308674
5289,65.965574,83.256062,0.233606,0.517106,0.032955,0.792322,20000,0.311752,1.833022
5290,142.542768,130.459905,1.878775,0.362753,0.011509,1.092617,20000,0.311752,34.412466
5291,147.247711,128.883292,1.73044,0.529122,0.023161,1.142489,20000,0.311752,49.891306
5292,212.476942,166.954887,0.255967,0.286716,0.017736,1.272661,20000,0.311752,46.828085
5293,88.42992,105.648206,1.19224,0.552266,0.055006,0.837022,20000,0.311752,17.31117
5294,96.294493,77.730407,1.061707,0.16241,0.006154,1.238827,20000,0.311752,19.716435
5295,103.088443,92.924376,1.099975,0.3062,0.010205,1.10938,20000,0.311752,18.747375
5296,72.39603,87.4876,0.514049,0.533447,0.021282,0.8275,20000,0.311752,6.216206
5297,172.615461,133.586657,1.460947,0.229433,0.046036,1.292161,20000,0.311752,50.282247
5298,214.812928,167.847234,0.416412,0.393428,0.058258,1.279812,20000,0.311752,54.507744
5299,117.01955,115.512289,1.84278,0.474085,0.017407,1.013048,20000,0.311752,31.203511
5300,68.369736,66.710788,1.561038,0.197387,0.043369,1.024868,20000,0.311752,9.862064
5301,153.819311,122.903736,0.369899,0.55695,0.075492,1.251543,20000,0.333856,40.235032
5302,61.257466,79.791414,0.090418,0.546869,0.07695,0.76772,20000,0.333856,0.297862
5303,153.888259,186.619651,1.453342,0.217039,0.069101,0.824609,20000,0.333856,10.477062
5304,119.14129,114.792788,0.275281,0.38082,0.00481,1.037881,20000,0.333856,11.799374
5305,135.633656,122.793675,1.95868,0.1136,0.035784,1.104565,20000,0.333856,22.421982
5306,97.384704,127.123297,1.72601,0.407344,0.075474,0.766065,20000,0.333856,15.343543
5307,104.183585,119.414855,0.329557,0.57155,0.056128,0.872451,20000,0.333856,8.976247
5308,90.271013,104.763131,0.519563,0.130301,0.031978,0.861668,20000,0.333856,0.316714
5309,67.397603,56.883238,1.954242,0.135464,0.050693,1.184841,20000,0.333856,16.124264
5310,138.03914,121.323235,0.33317,0.524461,0.069447,1.13778,20000,0.333856,27.091489
5311,123.366212,101.272618,0.765386,0.511459,0.029217,1.21816,20000,0.333856,33.912974
5312,115.498177,160.897525,0.647277,0.195916,0.031034,0.717837,20000,0.333856,0.183754
5313,85.137196,105.355714,1.969666,0.178729,0.028081,0.808093,20000,0.333856,3.681601
5314,190.186854,156.796825,1.296024,0.42225,0.064942,1.212951,20000,0.333856,60.541368
5315,61.011608,75.70113,0.104714,0.286963,0.044123,0.805954,20000,0.333856,0.025972
5316,116.778855,100.477448,1.14601,0.465893,0.036072,1.162239,20000,0.333856,33.148851
5317,73.5079,78.561039,0.411736,0.582551,0.06397,0.935679,20000,0.333856,9.515093
5318,52.120337,57.241196,1.600021,0.497134,0.046358,0.910539,20000,0.333856,12.513404
5319,78.064063,80.213757,1.241371,0.305209,0.012923,0.9732,20000,0.333856,9.984677
5320,57.147472,63.118878,1.125818,0.223619,0.067585,0.905394,20000,0.333856,4.815264
5321,141.207873,161.976036,1.077909,0.310812,0.007393,0.871782,20000,0.333856,11.15239
5322,147.697897,158.16754,1.868169,0.121555,0.041835,0.933807,20000,0.333856,10.539623
5323,194.832607,157.904746,0.083816,0.403491,0.040299,1.233862,20000,0.333856,37.861183
5324,191.329458,189.267594,1.053061,0.344592,0.053949,1.010894,20000,0.333856,33.000799
5325,53.68806,71.127375,1.332767,0.203388,0.010171,0.754816,20000,0.333856,0.918329
5326,79.463789,82.198878,1.824918,0.496209,0.064891,0.966726,20000,0.333856,23.330568
5327,121.3858,140.39749,1.774076,0.597994,0.005963,0.864587,20000,0.333856,32.019554
5328,113.030266,92.279094,0.645543,0.186512,0.048299,1.224874,20000,0.333856,24.051867
5329,111.157172,137.666766,1.312664,0.574464,0.036238,0.807437,20000,0.333856,22.171288
5330,148.928679,154.029353,0.230495,0.465662,0.079356,0.966885,20000,0.333856,12.019013
5331,215.849467,189.115095,0.185041,0.557897,0.039037,1.141366,20000,0.333856,36.299181
5332,56.085571,55.149167,1.005429,0.323656,0.031531,1.016979,20000,0.333856,8.565585
5333,215.066844,176.766313,0.071621,0.377534,0.046069,1.216673,20000,0.333856,38.863319
5334,176.772772,174.46857,1.182315,0.187003,0.011387,1.013207,20000,0.333856,16.533136
5335,140.80167,136.341611,1.435628,0.50272,0.008704,1.032712,20000,0.333856,35.109181
5336,237.277003,192.955312,0.269137,0.246294,0.061599,1.229699,20000,0.333856,47.989086
5337,94.086767,115.368012,0.191098,0.344545,0.071085,0.815536,20000,0.333856,0.739934
5338,148.865656,149.798505,0.576422,0.438069,0.009076,0.993773,20000,0.333856,19.557024
5339,66.267535,88.958616,1.804338,0.122215,0.049511,0.744925,20000,0.333856,0.541541
5340,181.137272,168.735349,1.868757,0.149472,0.047024,1.073499,20000,0.333856,30.78532
5341,95.707693,87.594324,1.979192,0.5956,0.073089,1.092624,20000,0.333856,37.980181
5342,53.598166,71.117697,0.33472,0.162254,0.076268,0.753654,20000,0.333856,0.006548
5343,161.327436,145.943376,0.669917,0.320818,0.077393,1.105411,20000,0.333856,29.694901
5344,128.875124,128.070659,1.320755,0.466572,0.012656,1.006281,20000,0.333856,28.456677
5345,81.316878,87.56115,1.959308,0.494501,0.045243,0.928687,20000,0.333856,22.411403
5346,55.367705,77.508398,0.587156,0.367485,0.040157,0.714345,20000,0.333856,1.172177
5347,193.916341,193.781499,1.323074,0.309004,0.04018,1.000696,20000,0.333856,32.457197
5348,186.745324,165.315525,1.02237,0.296517,0.027175,1.12963,20000,0.333856,35.945803
5349,105.848439,86.077724,1.736513,0.317477,0.053755,1.229684,20000,0.333856,32.390117
5350,170.03435,133.376419,0.653997,0.390287,0.075307,1.274846,20000,0.333856,47.307405
5351,177.751849,171.436349,0.839435,0.554083,0.057034,1.036839,20000,0.333856,42.805461
5352,233.464547,190.352658,0.599237,0.596886,0.042365,1.226484,20000,0.333856,65.773527
5353,66.660065,65.980844,1.849781,0.50079,0.031142,1.010294,20000,0.333856,18.884587
5354,129.260147,103.548042,1.393091,0.570875,0.023376,1.248311,20000,0.333856,47.330633
5355,121.359063,166.012386,1.703245,0.300101,0.033666,0.731024,20000,0.333856,8.126616
5356,69.123741,71.293071,0.84394,0.361165,0.078894,0.969572,20000,0.333856,10.179633
5357,108.784082,84.187022,0.061153,0.242688,0.004443,1.292172,20000,0.333856,24.60635
5358,97.271982,106.892883,1.57254,0.248657,0.041175,0.909995,20000,0.333856,10.854765
5359,165.63442,128.426071,1.660374,0.504364,0.035767,1.289726,20000,0.333856,62.464943
5360,79.101185,93.420848,0.875251,0.23007,0.060248,0.846719,20000,0.333856,3.331768
5361,63.654741,73.96922,1.410278,0.383213,0.065436,0.860557,20000,0.333856,9.858561
5362,103.975289,135.728612,0.876622,0.37833,0.024464,0.766053,20000,0.333856,5.986437
5363,92.036668,86.516774,1.859024,0.194243,0.068811,1.063801,20000,0.333856,18.971786
5364,44.13058,56.129982,0.135427,0.236274,0.014624,0.786221,20000,0.333856,0.003159
5365,144.410821,150.249361,0.694632,0.55256,0.075373,0.961141,20000,0.333856,26.219696
5366,75.294233,61.05252,0.275313,0.462513,0.0589,1.23327,20000,0.333856,16.6012
5367,138.141708,113.331357,1.665767,0.520627,0.065133,1.218919,20000,0.333856,52.244861
5368,165.759656,178.556292,1.763933,0.503022,0.003367,0.928333,20000,0.333856,38.375045
5369,76.605627,61.62137,1.123899,0.127016,0.042144,1.243167,20000,0.333856,17.984022
5370,74.513425,99.600613,0.054502,0.437955,0.013847,0.748122,20000,0.333856,0.006324
5371,208.505185,181.728489,0.815228,0.106391,0.031604,1.147345,20000,0.333856,31.896485
5372,103.297635,89.31878,1.550906,0.434665,0.028225,1.156505,20000,0.333856,29.968709
5373,175.092595,150.047134,1.09942,0.294307,0.006508,1.166917,20000,0.333856,35.365501
5374,196.594761,190.459943,1.168074,0.149665,0.07342,1.032211,20000,0.333856,25.648959
5375,166.096309,180.24472,1.204944,0.122662,0.067396,0.921504,20000,0.333856,8.975412
5376,67.460393,54.682406,1.222311,0.563937,0.039208,1.233676,20000,0.333856,23.741201
5377,197.583965,153.441765,1.633836,0.567256,0.004169,1.28768,20000,0.333856,75.018439
5378,160.604892,131.919592,1.985603,0.587395,0.028352,1.217445,20000,0.333856,66.025774
5379,119.115353,99.110458,1.769105,0.46976,0.014514,1.201844,20000,0.333856,39.300695
5380,58.362579,52.230053,1.776946,0.126341,0.021243,1.117414,20000,0.333856,8.96632
5381,160.500873,171.446102,0.991855,0.313075,0.004949,0.936159,20000,0.333856,15.86157
5382,128.166553,111.557805,0.989344,0.189277,0.024184,1.14888,20000,0.333856,21.640549
5383,96.370068,96.792712,0.252218,0.239286,0.036021,0.995634,20000,0.333856,4.814331
5384,80.759943,99.622877,0.986256,0.428614,0.000991,0.810657,20000,0.333856,7.587267
5385,80.90168,72.716149,1.626787,0.376701,0.076769,1.112568,20000,0.333856,23.569484
5386,212.784164,187.059447,0.811189,0.460411,0.056264,1.137522,20000,0.333856,51.937598
5387,204.212216,159.513192,1.591443,0.361566,0.057001,1.280221,20000,0.333856,68.40479
5388,170.69756,132.069372,1.42198,0.482085,0.061158,1.292484,20000,0.333856,61.656485
5389,146.103355,131.01305,1.270974,0.50749,0.00175,1.115182,20000,0.333856,39.444399
5390,118.445186,94.235017,1.052079,0.26149,0.048853,1.256913,20000,0.333856,31.029199
5391,171.622263,169.400859,0.63333,0.144552,0.051341,1.013113,20000,0.333856,12.146832
5392,160.889847,171.764683,1.90884,0.131553,0.001181,0.936688,20000,0.333856,7.540359
5393,196.394326,171.031167,1.787379,0.398337,0.062731,1.148296,20000,0.333856,62.805742
5394,181.059106,192.599173,1.449108,0.437845,0.000438,0.940082,20000,0.333856,32.973381
5395,50.785966,71.034341,1.640123,0.198607,0.033244,0.714949,20000,0.333856,1.013171
5396,85.797671,68.655276,0.842806,0.226443,0.01646,1.249688,20000,0.333856,19.110414
5397,77.311696,63.887902,1.046263,0.19361,0.055431,1.210115,20000,0.333856,17.710005
5398,123.121511,127.573536,1.804618,0.335138,0.023733,0.965102,20000,0.333856,22.607008
5399,220.496667,172.678921,1.161639,0.544585,0.007769,1.276917,20000,0.333856,75.189217
5400,156.497122,175.536764,1.968566,0.396272,0.045638,0.891535,20000,0.333856,32.589212
5401,146.511291,152.652467,1.055639,0.181846,0.078538,0.95977,20000,0.324581,13.955491
5402,186.366632,189.313778,0.554711,0.498032,0.078813,0.984432,20000,0.324581,29.00439
5403,141.799095,138.5888,1.496973,0.121666,0.037924,1.023164,20000,0.324581,14.637073
5404,56.865353,74.955033,0.234178,0.407937,0.013297,0.75866,20000,0.324581,0.468105
5405,99.020647,88.538708,0.095843,0.22502,0.030778,1.118388,20000,0.324581,10.911487
5406,142.672614,145.030423,1.550353,0.342971,0.057532,0.983743,20000,0.324581,27.892677
5407,64.145077,58.886092,0.597358,0.198734,0.052932,1.089308,20000,0.324581,8.266916
5408,155.246071,127.147362,0.513361,0.472409,0.049723,1.220993,20000,0.324581,38.319009
5409,116.094113,116.701358,1.653211,0.352541,0.078341,0.994797,20000,0.324581,27.056943
5410,123.4043,134.483642,1.467815,0.549283,0.010185,0.917616,20000,0.324581,28.961211
5411,62.826019,79.727173,1.326379,0.321667,0.058282,0.788013,20000,0.324581,5.451718
5412,216.851465,194.095449,0.939857,0.449585,0.039843,1.117241,20000,0.324581,52.125687
5413,167.610601,155.306817,0.785893,0.339507,0.049914,1.079222,20000,0.324581,29.673334
5414,196.340147,194.429451,0.580101,0.300495,0.005844,1.009827,20000,0.324581,19.342858
5415,176.755837,168.410037,0.90717,0.105079,0.065868,1.049556,20000,0.324581,19.517066
5416,163.625866,178.374526,0.179668,0.438031,0.030511,0.917316,20000,0.324581,6.991401
5417,161.290994,136.145391,0.395964,0.292744,0.078213,1.184697,20000,0.324581,31.016096
5418,41.89496,53.678744,0.593785,0.316799,0.013098,0.780476,20000,0.324581,0.961745
5419,98.876548,81.88142,1.232286,0.560409,0.041991,1.207558,20000,0.324581,33.702157
5420,118.938127,115.859921,1.455421,0.332571,0.009892,1.026568,20000,0.324581,21.215061
5421,123.932109,105.067194,1.765458,0.300585,0.02357,1.179551,20000,0.324581,31.365157
5422,148.317148,138.115487,0.078514,0.525356,0.00463,1.073863,20000,0.324581,14.449667
5423,104.243259,90.14061,0.588677,0.43069,0.042476,1.156452,20000,0.324581,22.427689
5424,78.79929,61.497576,1.195803,0.281115,0.076907,1.28134,20000,0.324581,24.086293
5425,108.51812,89.302594,1.389164,0.238182,0.00552,1.215173,20000,0.324581,23.692183
5426,58.773829,55.755569,1.063028,0.387483,0.040957,1.054134,20000,0.324581,11.75288
5427,136.772594,148.315202,0.897908,0.422583,0.036687,0.922175,20000,0.324581,19.290657
5428,89.59207,81.943253,1.193203,0.216881,0.049792,1.093343,20000,0.324581,15.55671
5429,162.672657,176.698619,1.673754,0.103374,3.8e-05,0.920622,20000,0.324581,3.6805
5430,196.444644,161.273593,1.610992,0.466375,0.05744,1.218083,20000,0.324581,69.295537
5431,146.695704,162.375344,1.531985,0.589076,0.008095,0.903436,20000,0.324581,36.514715
5432,220.975109,198.877026,0.452078,0.48837,0.015808,1.111114,20000,0.324581,40.639611
5433,169.542446,148.672983,0.857792,0.234529,0.053191,1.140372,20000,0.324581,31.571846
5434,136.603268,153.069584,0.414518,0.212077,0.009292,0.892426,20000,0.324581,2.312646
5435,61.828358,58.333051,0.441746,0.355851,0.068268,1.05992,20000,0.324581,8.567493
5436,110.642115,139.506634,1.579329,0.562321,0.016021,0.793096,20000,0.324581,23.035165
5437,212.811355,187.08432,1.904568,0.372104,0.070647,1.137516,20000,0.324581,67.428952
5438,108.618211,115.34457,0.575791,0.496167,0.018434,0.941685,20000,0.324581,14.016419
5439,135.826437,118.708977,1.046318,0.362471,0.046461,1.144197,20000,0.324581,32.168233
5440,61.885401,55.285056,0.555187,0.358769,0.054362,1.119388,20000,0.324581,11.148633
5441,129.310923,141.649679,0.751766,0.197638,0.031318,0.912892,20000,0.324581,5.387628
5442,209.438333,192.645328,0.193478,0.457933,0.005941,1.087171,20000,0.324581,25.642333
5443,43.59477,52.652397,0.917137,0.44337,0.055023,0.827973,20000,0.324581,5.003717
5444,188.772898,183.184169,0.678368,0.15341,0.014428,1.030509,20000,0.324581,13.24206
5445,103.704343,87.243857,1.052811,0.438273,0.064362,1.188672,20000,0.324581,29.738731
5446,103.150309,85.616767,1.168385,0.434033,0.06531,1.204791,20000,0.324581,31.41295
5447,60.284867,66.796184,1.116412,0.547814,0.01685,0.90252,20000,0.324581,11.385282
5448,149.256201,149.634714,0.344831,0.56198,0.02602,0.99747,20000,0.324581,20.077456
5449,60.82768,63.54662,0.956348,0.432617,0.034237,0.957213,20000,0.324581,9.867069
5450,71.524627,72.919504,1.766207,0.201561,0.073852,0.980871,20000,0.324581,11.501097
5451,133.804099,120.361123,1.486499,0.115563,0.046406,1.111689,20000,0.324581,22.539169
5452,168.444696,183.016508,0.909248,0.541017,0.019919,0.92038,20000,0.324581,31.398266
5453,79.677961,97.679244,1.752164,0.578311,0.060815,0.81571,20000,0.324581,20.908824
5454,128.596987,117.294802,0.810413,0.255776,0.073972,1.096357,20000,0.324581,22.246826
5455,156.163829,136.257414,1.997396,0.116467,0.033813,1.146094,20000,0.324581,30.169148
5456,104.04831,107.967696,1.127253,0.123183,0.071057,0.963699,20000,0.324581,7.664596
5457,72.939542,78.987169,1.90649,0.438854,0.012748,0.923435,20000,0.324581,15.758293
5458,63.47494,62.828276,1.264313,0.595473,0.037418,1.010293,20000,0.324581,17.789635
5459,153.324924,167.364099,1.355167,0.252545,0.025243,0.916116,20000,0.324581,14.772286
5460,169.18768,142.331436,0.733492,0.589671,0.055724,1.188688,20000,0.324581,50.517474
5461,133.452612,113.614482,1.418252,0.587433,0.071666,1.174609,20000,0.324581,49.755436
5462,192.563846,156.16463,1.130259,0.353594,0.057172,1.233082,20000,0.324581,53.703678
5463,83.046969,64.351627,1.348222,0.165283,0.075248,1.290519,20000,0.324581,25.182314
5464,96.92922,90.535957,1.505953,0.465804,0.015349,1.070616,20000,0.324581,25.414584
5465,75.037157,72.092665,0.571503,0.505741,0.020533,1.040843,20000,0.324581,13.038069
5466,148.103254,183.467283,1.779554,0.400579,0.040972,0.807246,20000,0.324581,23.666536
5467,120.827214,119.525221,1.841621,0.25354,0.043921,1.010893,20000,0.324581,21.539543
5468,196.293514,173.082054,0.994393,0.312026,0.015247,1.134107,20000,0.324581,37.950209
5469,137.632746,159.010359,0.396708,0.150809,0.021113,0.865558,20000,0.324581,0.4915
5470,80.579623,96.645641,0.268924,0.56202,0.000107,0.833764,20000,0.324581,4.151406
5471,93.054743,92.68026,0.132293,0.567384,0.018593,1.004041,20000,0.324581,7.862082
5472,108.629148,90.301808,1.612877,0.510629,0.035393,1.202957,20000,0.324581,37.253829
5473,48.977397,59.082647,1.491002,0.573649,0.00774,0.828964,20000,0.324581,10.223645
5474,53.631111,67.676115,0.321706,0.548015,0.014109,0.792467,20000,0.324581,2.51515
5475,202.744763,166.574602,0.226653,0.418211,0.026839,1.217141,20000,0.324581,39.886093
5476,108.018945,136.20349,0.712715,0.265726,0.026801,0.79307,20000,0.324581,2.524685
5477,92.359307,112.132145,0.446281,0.490529,0.061708,0.823665,20000,0.324581,6.419711
5478,241.142796,189.62555,1.146286,0.266115,0.038756,1.271679,20000,0.324581,64.952231
5479,116.457054,116.932397,1.608416,0.206896,0.071059,0.995935,20000,0.324581,18.806535
5480,195.927618,185.861422,0.447842,0.466369,0.024212,1.05416,20000,0.324581,29.877554
5481,144.443224,164.798723,1.714805,0.53559,0.059879,0.876483,20000,0.324581,37.352266
5482,158.511779,157.678006,0.198944,0.459065,0.078783,1.005288,20000,0.324581,14.380113
5483,143.696713,138.072917,0.745859,0.217747,0.047821,1.040731,20000,0.324581,16.503188
5484,83.877708,108.788732,1.634603,0.156483,0.052329,0.771015,20000,0.324581,1.889263
5485,142.446666,119.398622,0.325565,0.446624,0.008947,1.193034,20000,0.324581,27.981951
5486,113.64665,132.763745,1.3014,0.504734,0.037524,0.856007,20000,0.324581,21.569378
5487,156.295246,183.688147,1.533064,0.595881,0.019833,0.850873,20000,0.324581,37.42325
5488,106.852017,104.338776,1.08862,0.440168,0.067618,1.024087,20000,0.324581,23.93552
5489,106.555495,146.099964,1.323468,0.167913,0.036454,0.729333,20000,0.324581,0.894781
5490,85.818988,82.695977,0.500078,0.424555,0.054978,1.037765,20000,0.324581,12.88879
5491,104.343283,82.755813,0.34126,0.505528,0.012203,1.260857,20000,0.324581,25.380013
5492,130.44373,186.162695,1.219796,0.407137,0.01959,0.700697,20000,0.324581,8.71061
5493,62.287248,83.831578,1.967609,0.595831,0.026389,0.743005,20000,0.324581,14.74924
5494,206.224416,182.444052,1.035198,0.399052,0.026024,1.130343,20000,0.324581,47.060449
5495,201.0669,180.448351,0.35481,0.247998,0.031445,1.114263,20000,0.324581,25.820417
5496,130.649832,183.326722,1.209122,0.511402,0.048142,0.712661,20000,0.324581,16.327661
5497,143.09664,182.395416,0.852577,0.177042,0.07024,0.784541,20000,0.324581,1.749603
5498,125.531062,106.32644,1.150193,0.431861,0.025222,1.180619,20000,0.324581,34.635006
5499,168.113867,152.566285,0.661433,0.292666,0.011266,1.101907,20000,0.324581,25.031097
5500,204.411403,161.50817,0.361643,0.128987,0.004335,1.265641,20000,0.324581,43.032674
5501,96.600805,92.295146,0.96736,0.42548,0.049574,1.046651,20000,0.353021,20.149615
5502,114.095595,96.246582,1.025778,0.491762,0.076222,1.185451,20000,0.353021,35.384881
5503,90.055656,93.935396,0.483731,0.493858,0.002958,0.958698,20000,0.353021,10.829643
5504,131.933662,107.437009,0.367446,0.323353,0.075891,1.228009,20000,0.353021,28.769856
5505,95.00157,111.332384,0.975221,0.166029,0.000662,0.853315,20000,0.353021,1.502699
5506,229.17938,183.426039,0.646964,0.266612,0.016141,1.249438,20000,0.353021,50.528252
5507,78.818314,93.064601,1.388869,0.357937,0.017303,0.84692,20000,0.353021,9.086804
5508,126.540753,172.947412,1.776971,0.574724,0.079993,0.731672,20000,0.353021,29.923684
5509,142.360631,190.975901,0.677522,0.406331,0.017774,0.745438,20000,0.353021,6.318269
5510,97.123737,122.204127,1.096201,0.110875,0.051146,0.794766,20000,0.353021,0.352865
5511,78.644162,63.63337,1.672419,0.520181,0.06004,1.235895,20000,0.353021,30.854937
5512,128.285765,160.106826,1.039889,0.110967,0.035791,0.801251,20000,0.353021,0.346515
5513,82.924278,72.829715,1.514746,0.328347,0.073437,1.138605,20000,0.353021,22.815677
5514,108.156212,100.838168,0.142408,0.504261,0.035606,1.072572,20000,0.353021,12.391296
5515,46.848495,66.495658,1.632864,0.405938,0.032052,0.704535,20000,0.353021,4.770182
5516,138.443786,117.258908,1.609701,0.323,0.063953,1.180668,20000,0.353021,40.350097
5517,144.967344,115.357924,0.759601,0.123874,0.018391,1.256674,20000,0.353021,31.238349
5518,170.260491,178.030532,1.848871,0.474482,0.010225,0.956356,20000,0.353021,41.369971
5519,221.279123,172.954198,0.65844,0.549269,0.011887,1.279409,20000,0.353021,64.549532
5520,124.203088,109.605067,1.484073,0.572483,0.079198,1.133187,20000,0.353021,45.60491
5521,51.432317,60.735827,0.66361,0.486562,0.063484,0.84682,20000,0.353021,5.543645
5522,190.190439,162.777293,1.913597,0.515548,0.057962,1.168409,20000,0.353021,72.689892
5523,93.911215,129.051276,0.950863,0.462187,0.007906,0.727705,20000,0.353021,7.176114
5524,155.905294,132.942673,1.420468,0.334131,0.013855,1.172726,20000,0.353021,38.768333
5525,91.013581,110.71954,0.875764,0.208678,0.023225,0.822019,20000,0.353021,1.935321
5526,153.062259,171.080319,0.604876,0.212504,0.055316,0.894681,20000,0.353021,5.292966
5527,135.547959,187.827501,0.838869,0.347893,0.011699,0.721662,20000,0.353021,4.172561
5528,181.616029,197.988336,0.285106,0.370261,0.020325,0.917307,20000,0.353021,8.488991
5529,142.520999,132.618208,1.730126,0.269388,0.023138,1.074671,20000,0.353021,27.568674
5530,216.580719,170.1055,0.574348,0.541608,0.000893,1.273214,20000,0.353021,58.741438
5531,205.717513,189.079487,1.363548,0.470437,0.012019,1.087995,20000,0.353021,52.866743
5532,64.356038,54.735241,0.379457,0.309056,0.006128,1.17577,20000,0.353021,11.017155
5533,127.832842,115.269668,0.917398,0.422051,0.017426,1.108989,20000,0.353021,27.295269
5534,117.525367,147.970062,0.995749,0.573676,0.071248,0.794251,20000,0.353021,19.377901
5535,137.700797,141.874636,1.738181,0.421275,0.033049,0.970581,20000,0.353021,31.342537
5536,85.093109,77.668599,1.11068,0.116799,0.013008,1.095592,20000,0.353021,9.661392
5537,186.82211,194.666704,0.704659,0.265006,0.057054,0.959702,20000,0.353021,16.729694
5538,143.953941,181.322055,1.825542,0.592822,0.028446,0.793913,20000,0.353021,35.095203
5539,123.409879,124.255714,1.272472,0.410299,0.010118,0.993193,20000,0.353021,22.116637
5540,142.43864,153.796066,0.187365,0.24995,0.075053,0.926153,20000,0.353021,2.806422
5541,51.720464,58.363564,1.964296,0.220012,0.009087,0.886177,20000,0.353021,4.274044
5542,85.630575,101.452026,0.643168,0.426561,0.04778,0.84405,20000,0.353021,6.94357
5543,139.853064,143.699146,0.828334,0.185059,0.011625,0.973235,20000,0.353021,8.050274
5544,152.507387,154.6545,1.915042,0.526912,0.077822,0.986117,20000,0.353021,50.230759
5545,218.679491,189.272719,0.785829,0.100934,0.0363,1.155367,20000,0.353021,34.824444
5546,98.954572,77.620176,1.950795,0.331935,0.006108,1.274856,20000,0.353021,30.179744
5547,191.858562,178.516509,0.654845,0.539082,0.022252,1.074738,20000,0.353021,40.439732
5548,71.90098,87.620499,1.997045,0.297771,0.038525,0.820595,20000,0.353021,8.892291
5549,51.562569,51.549896,0.270295,0.339122,0.063631,1.000246,20000,0.353021,4.034816
5550,196.851817,169.499587,1.46095,0.374044,1.8e-05,1.16137,20000,0.353021,47.360269
5551,177.599979,162.134929,1.368255,0.513723,0.022663,1.095384,20000,0.353021,51.638167
5552,89.075204,90.554549,1.545165,0.593305,0.00996,0.983663,20000,0.353021,25.575341
5553,136.099818,118.144927,1.25993,0.522291,0.061998,1.151973,20000,0.353021,43.531515
5554,80.868733,92.488204,1.421506,0.498857,0.00219,0.874368,20000,0.353021,15.070567
5555,43.806416,59.030732,0.527133,0.443118,0.024424,0.742095,20000,0.353021,1.59416
5556,167.676866,143.810595,1.119023,0.38534,0.025673,1.165956,20000,0.353021,40.86903
5557,233.615219,197.477119,0.081987,0.240778,0.063068,1.182999,20000,0.353021,37.195316
5558,129.276675,106.577314,0.083965,0.419611,0.00684,1.212985,20000,0.353021,23.147024
5559,222.524228,195.555155,1.144022,0.574123,0.06633,1.13791,20000,0.353021,70.545881
5560,169.402012,190.660264,1.870356,0.103907,0.007904,0.888502,20000,0.353021,3.439265
5561,193.808303,158.394531,1.648348,0.30515,0.040128,1.22358,20000,0.353021,55.365516
5562,106.352699,88.829332,0.380887,0.435891,0.003866,1.19727,20000,0.353021,21.467687
5563,86.345209,68.577272,1.607628,0.45727,0.011466,1.259094,20000,0.353021,29.059324
5564,78.253167,108.962219,0.574199,0.45718,0.069999,0.718168,20000,0.353021,3.543351
5565,74.631731,59.383803,0.919833,0.50685,0.056366,1.256769,20000,0.353021,23.756841
5566,88.158574,68.180339,1.194165,0.174505,0.02509,1.29302,20000,0.353021,22.348297
5567,121.637858,136.675391,1.293439,0.226102,0.006186,0.889976,20000,0.353021,7.334544
5568,124.952583,160.357081,0.470729,0.147225,0.046322,0.779215,20000,0.353021,0.066197
5569,75.91177,58.743899,1.639809,0.583134,0.06862,1.292249,20000,0.353021,32.304378
5570,128.521196,118.57742,0.657345,0.102134,0.054846,1.083859,20000,0.353021,14.479455
5571,138.264768,123.448152,0.152275,0.118284,0.079405,1.120023,20000,0.353021,16.339502
5572,83.647429,113.870195,1.311719,0.108846,0.000589,0.734586,20000,0.353021,0.022417
5573,144.06694,114.047599,1.064404,0.113522,0.025519,1.263218,20000,0.353021,33.041375
5574,103.464012,111.792025,0.670337,0.349771,0.049735,0.925504,20000,0.353021,9.750544
5575,129.685717,155.692769,1.736732,0.180224,0.038445,0.832959,20000,0.353021,6.338396
5576,157.610951,123.411746,0.763503,0.527227,0.034631,1.277115,20000,0.353021,48.022695
5577,98.115125,120.754499,0.254947,0.189243,0.022219,0.812517,20000,0.353021,0.067366
5578,89.609637,93.907071,1.597573,0.564457,0.028069,0.954237,20000,0.353021,25.085445
5579,118.035546,106.495214,1.103522,0.411738,0.064999,1.108365,20000,0.353021,30.028149
5580,116.485404,147.193183,0.99094,0.259612,0.016084,0.791378,20000,0.353021,3.78694
5581,48.052903,62.986897,0.504931,0.42696,0.075013,0.762903,20000,0.353021,2.066789
5582,81.845678,70.408417,0.61889,0.550902,0.002638,1.162442,20000,0.353021,19.434187
5583,103.011322,145.056831,1.577682,0.342414,0.025699,0.710145,20000,0.353021,7.246809
5584,147.795084,129.793779,0.63126,0.526501,0.019949,1.138692,20000,0.353021,33.424733
5585,120.986012,139.505502,0.520257,0.175806,0.032316,0.867249,20000,0.353021,1.363361
5586,171.341003,160.418793,1.669154,0.196099,0.036206,1.068086,20000,0.353021,28.650224
5587,152.172185,130.825573,1.812123,0.316523,0.030329,1.163168,20000,0.353021,40.182843
5588,103.047611,143.712669,1.411115,0.204164,0.01746,0.717039,20000,0.353021,1.423161
5589,56.840868,55.531949,0.80433,0.259893,0.000618,1.023571,20000,0.353021,5.811115
5590,164.982104,170.078991,0.380609,0.484574,0.00275,0.970032,20000,0.353021,17.621129
5591,91.865001,74.109769,1.030378,0.582177,0.069178,1.23958,20000,0.353021,31.79059
5592,67.536495,57.49523,0.948594,0.569447,0.041278,1.174645,20000,0.353021,20.310568
5593,162.413888,147.315881,1.646474,0.222369,0.043468,1.102487,20000,0.353021,32.61729
5594,68.072888,87.936731,0.256227,0.10531,0.042268,0.774112,20000,0.353021,0.0
5595,104.294586,107.570465,0.701713,0.149643,0.062769,0.969547,20000,0.353021,5.910805
5596,195.269915,157.879421,1.002187,0.451545,0.069682,1.236829,20000,0.353021,60.941621
5597,213.723987,195.196733,0.303241,0.324501,0.044073,1.094916,20000,0.353021,27.699903
5598,68.897926,91.890943,0.433095,0.46406,0.00021,0.749779,20000,0.353021,2.227984
5599,52.0243,64.212326,1.092003,0.303863,0.05205,0.810192,20000,0.353021,3.571637
5600,132.346781,109.059163,1.620897,0.488172,0.029831,1.213532,20000,0.353021,44.896548
5601,59.177667,83.81617,1.852804,0.556953,0.014586,0.706041,20000,0.31531,11.532905
5602,128.063744,131.906712,1.615066,0.430892,0.010384,0.970866,20000,0.31531,26.169891
5603,149.261294,198.39139,1.612323,0.198902,0.006756,0.752358,20000,0.31531,3.040415
5604,82.155213,74.574511,1.096928,0.421071,0.079608,1.101653,20000,0.31531,21.140452
5605,64.879289,86.048716,1.35319,0.57396,0.04065,0.753983,20000,0.31531,11.904871
5606,62.533476,52.541766,1.300307,0.114982,0.07946,1.190167,20000,0.31531,15.208791
5607,103.003338,102.276764,0.573494,0.263508,0.02245,1.007104,20000,0.31531,9.193567
5608,215.308141,183.019011,0.219024,0.535607,0.066767,1.176425,20000,0.31531,42.264886
5609,102.968921,98.037,1.529651,0.501588,0.075427,1.050307,20000,0.31531,31.870821
5610,72.196498,90.259421,0.141177,0.430335,0.034183,0.799878,20000,0.31531,0.532436
5611,71.347582,63.302365,0.819605,0.449972,0.031453,1.127092,20000,0.31531,16.001675
5612,78.188239,103.45908,0.844831,0.166899,0.048884,0.755741,20000,0.31531,0.364181
5613,130.226389,105.9412,1.590225,0.113884,0.004,1.229233,20000,0.31531,25.404673
5614,161.258115,153.053862,0.423566,0.472676,0.032721,1.053604,20000,0.31531,25.02491
5615,58.180341,74.46094,0.443285,0.385339,0.04799,0.781354,20000,0.31531,1.683809
5616,137.253903,131.433156,1.851228,0.299665,0.050237,1.044287,20000,0.31531,30.814351
5617,152.678858,121.495306,0.790386,0.510642,0.009265,1.256665,20000,0.31531,44.874185
5618,190.130939,177.983596,1.838043,0.112769,0.027865,1.06825,20000,0.31531,24.489438
5619,178.366699,180.89852,0.320335,0.464663,0.016381,0.986004,20000,0.31531,17.943002
5620,105.488267,105.987916,1.937658,0.363913,0.033371,0.995286,20000,0.31531,23.442121
5621,106.755183,85.329819,0.289359,0.597645,0.03052,1.251089,20000,0.31531,26.427981
5622,98.807226,97.941817,0.60022,0.291293,0.075014,1.008836,20000,0.31531,11.432703
5623,127.148535,127.262412,0.384742,0.519955,0.002075,0.999105,20000,0.31531,16.608068
5624,54.347377,77.157691,0.707463,0.252345,0.032593,0.704368,20000,0.31531,0.37356
5625,234.599438,193.701544,1.703897,0.20146,0.028596,1.211139,20000,0.31531,55.001344
5626,104.932444,123.283612,1.204195,0.445773,0.011691,0.851147,20000,0.31531,14.888584
5627,134.664587,119.293542,0.836679,0.112824,0.016253,1.128851,20000,0.31531,17.530495
5628,227.374349,177.147665,0.675346,0.560803,0.054369,1.28353,20000,0.31531,71.001132
5629,124.591552,128.524598,1.908885,0.251203,0.029962,0.969398,20000,0.31531,18.243255
5630,132.608301,129.56751,0.494123,0.486801,0.067233,1.023469,20000,0.31531,21.077554
5631,178.698459,167.104063,1.09942,0.365631,0.046181,1.069384,20000,0.31531,36.828952
5632,243.799843,198.179141,0.074699,0.213814,0.070385,1.230199,20000,0.31531,46.490805
5633,199.653428,170.202436,1.149362,0.585787,0.065924,1.173035,20000,0.31531,69.177874
5634,129.876691,115.077023,0.997101,0.244207,0.011471,1.128607,20000,0.31531,21.272037
5635,138.522753,175.367818,0.086406,0.510304,0.014794,0.789898,20000,0.31531,0.572456
5636,67.102022,68.929061,1.889473,0.23391,0.063681,0.973494,20000,0.31531,11.487192
5637,79.596797,92.164506,0.635108,0.306166,0.064819,0.863638,20000,0.31531,4.611549
5638,126.025015,105.662871,1.958348,0.158574,0.072292,1.192709,20000,0.31531,35.331646
5639,126.801217,131.28581,0.241924,0.36312,0.057543,0.965841,20000,0.31531,7.743969
5640,216.844496,195.22853,1.521364,0.428807,0.019475,1.110721,20000,0.31531,58.104737
5641,205.392662,181.065167,1.323601,0.2736,0.078324,1.134358,20000,0.31531,49.485076
5642,200.738906,157.074894,1.477989,0.191321,0.046883,1.277982,20000,0.31531,55.210848
5643,153.238062,156.625356,0.558321,0.161189,0.033911,0.978373,20000,0.31531,7.093783
5644,127.361459,168.752333,0.236271,0.573771,0.020758,0.754724,20000,0.31531,3.388265
5645,235.138021,187.654109,1.886696,0.2144,0.051037,1.25304,20000,0.31531,69.091605
5646,71.012664,67.730049,1.565537,0.203152,0.010921,1.048466,20000,0.31531,9.410833
5647,155.538436,171.537559,0.879283,0.561496,0.050497,0.906731,20000,0.31531,29.026933
5648,195.296437,163.876582,1.685811,0.178517,0.079984,1.191729,20000,0.31531,53.732255
5649,147.292248,133.507068,1.140409,0.132114,0.059384,1.103254,20000,0.31531,23.75272
5650,150.577389,126.767738,1.508189,0.520188,0.028343,1.187821,20000,0.31531,50.494877
5651,49.53137,52.451887,1.899291,0.330981,0.047742,0.94432,20000,0.31531,9.783388
5652,195.806915,161.325938,1.818675,0.529033,0.045505,1.213735,20000,0.31531,74.48642
5653,75.30135,86.963924,1.698314,0.256905,0.051118,0.865892,20000,0.31531,8.144579
5654,50.227417,57.080286,0.240425,0.394866,0.05149,0.879943,20000,0.31531,1.728721
5655,197.798916,154.320157,0.625771,0.568465,0.009913,1.281744,20000,0.31531,58.268425
5656,207.103369,184.104991,1.294201,0.25088,0.011236,1.12492,20000,0.31531,36.373522
5657,100.777963,138.257617,1.203805,0.503866,0.042998,0.728914,20000,0.31531,12.822706
5658,132.02166,106.055815,1.237599,0.183486,0.062251,1.244832,20000,0.31531,34.5576
5659,142.98663,124.113373,1.426668,0.419141,0.049785,1.152065,20000,0.31531,41.636165
5660,48.721081,66.694811,1.980793,0.240649,0.030602,0.730508,20000,0.31531,2.47987
5661,60.047842,82.193654,0.664948,0.421837,0.035892,0.730565,20000,0.31531,2.67558
5662,122.621998,99.913639,1.835971,0.414944,0.022492,1.22728,20000,0.31531,40.406463
5663,73.466501,73.686484,0.472571,0.463983,0.013189,0.997015,20000,0.31531,9.247018
5664,128.48991,169.089234,0.621601,0.457175,0.042714,0.759894,20000,0.31531,7.358235
5665,72.724975,69.771326,0.57207,0.435907,0.053379,1.042333,20000,0.31531,11.968618
5666,160.291996,126.095602,1.572722,0.340339,0.017387,1.271194,20000,0.31531,47.421605
5667,109.835591,133.014065,1.636872,0.149214,0.020286,0.825744,20000,0.31531,2.412975
5668,194.73741,176.666332,0.551408,0.277613,0.035372,1.102289,20000,0.31531,28.20616
5669,129.845197,112.251431,0.6072,0.312382,0.000982,1.156735,20000,0.31531,22.464873
5670,97.216819,129.947141,0.741888,0.240993,0.066608,0.748126,20000,0.31531,1.345054
5671,137.290551,145.750259,1.043563,0.34429,0.075419,0.941958,20000,0.31531,20.077232
5672,114.490562,105.320177,1.277277,0.404679,0.004646,1.087071,20000,0.31531,24.924651
5673,63.90254,51.599341,0.372833,0.212882,0.071823,1.238437,20000,0.31531,13.834521
5674,116.606937,108.861857,0.618551,0.371144,0.022825,1.071146,20000,0.31531,18.274174
5675,114.276353,120.300241,1.320645,0.24145,0.031914,0.949926,20000,0.31531,12.075927
5676,46.060236,50.269614,1.72702,0.463358,0.022148,0.916264,20000,0.31531,10.004686
5677,61.317354,69.148959,0.535117,0.290086,0.037536,0.886743,20000,0.31531,2.800469
5678,208.854536,192.21298,0.69079,0.501214,0.016052,1.086579,20000,0.31531,42.10269
5679,183.665479,174.632138,1.665995,0.388476,0.036813,1.051728,20000,0.31531,46.174957
5680,190.451808,173.94809,1.767404,0.508612,0.028338,1.094877,20000,0.31531,61.955396
5681,93.185607,78.691984,1.278443,0.443572,0.0775,1.184182,20000,0.31531,29.43842
5682,72.968642,93.306162,0.642826,0.220167,0.008624,0.782035,20000,0.31531,0.594364
5683,159.550956,163.979178,1.922538,0.519685,0.068363,0.972995,20000,0.31531,52.644518
5684,82.266763,114.286165,1.265715,0.29643,0.075892,0.719831,20000,0.31531,4.370938
5685,130.029071,149.780058,1.943831,0.423643,0.008787,0.868133,20000,0.31531,24.529451
5686,85.46236,69.299997,1.210172,0.132146,0.012326,1.233223,20000,0.31531,17.435355
5687,116.204758,150.485015,1.874922,0.537844,0.075633,0.772202,20000,0.31531,28.909256
5688,89.21329,71.677639,0.984637,0.203493,0.064379,1.244646,20000,0.31531,22.613874
5689,153.508411,125.609187,0.561407,0.178344,0.071072,1.222111,20000,0.31531,33.139243
5690,58.569904,77.81279,1.490217,0.11432,0.048214,0.752703,20000,0.31531,0.259396
5691,156.38796,189.202949,1.841754,0.437927,0.058795,0.826562,20000,0.31531,32.063859
5692,144.460063,112.772289,1.125487,0.121182,0.064961,1.280989,20000,0.31531,39.812564
5693,192.582693,187.216481,0.771183,0.453847,0.045667,1.028663,20000,0.31531,35.305458
5694,42.601689,53.661919,0.432686,0.342023,0.022126,0.793891,20000,0.31531,0.943934
5695,168.461825,183.013869,0.82229,0.591602,0.063031,0.920487,20000,0.31531,33.312962
5696,116.391845,136.524493,0.153368,0.360251,0.043965,0.852535,20000,0.31531,1.276013
5697,134.435613,147.875509,1.787317,0.4892,0.075196,0.909113,20000,0.31531,36.596657
5698,101.411707,138.435886,1.592671,0.251522,0.026941,0.732554,20000,0.31531,3.839442
5699,114.184936,98.135271,1.585285,0.196834,0.068067,1.163546,20000,0.31531,28.029359
5700,168.347786,149.527579,1.813686,0.184966,0.049361,1.125864,20000,0.31531,35.994308
5701,250.703195,194.796732,0.208607,0.2531,0.035064,1.286999,20000,0.353979,57.561838
5702,99.069308,89.703249,1.512962,0.425795,0.025447,1.104412,20000,0.353979,26.357697
5703,145.579738,177.825427,0.724776,0.144971,0.00459,0.818667,20000,0.353979,0.449362
5704,132.576299,159.767266,0.757998,0.488463,0.000955,0.829809,20000,0.353979,13.336516
5705,68.453586,93.652736,1.519621,0.473446,0.069099,0.73093,20000,0.353979,11.041601
5706,155.675568,123.64892,1.942129,0.34161,0.075482,1.259013,20000,0.353979,55.801668
5707,194.902244,152.984318,1.927209,0.307253,0.006649,1.274001,20000,0.353979,57.028173
5708,134.700772,158.779606,0.941613,0.139754,0.07132,0.848351,20000,0.353979,2.731069
5709,136.727108,169.076154,1.66931,0.344469,0.02414,0.808672,20000,0.353979,15.566497
5710,119.12098,98.523583,0.679304,0.331889,0.054736,1.209061,20000,0.353979,27.505606
5711,169.283363,196.895956,1.455532,0.127974,0.047668,0.85976,20000,0.353979,5.269837
5712,102.862492,91.226485,1.164691,0.415255,0.012748,1.127551,20000,0.353979,24.641791
5713,117.200758,112.089936,1.655475,0.123039,0.027795,1.045596,20000,0.353979,13.030662
5714,246.84939,198.572992,1.745635,0.560691,0.067124,1.243117,20000,0.353979,101.702732
5715,98.789765,97.731463,1.091115,0.575726,0.060851,1.010829,20000,0.353979,26.353472
5716,99.962979,87.200322,1.088809,0.208444,0.053823,1.14636,20000,0.353979,19.672558
5717,70.892675,72.26098,0.413777,0.564557,0.011071,0.981064,20000,0.353979,9.84481
5718,162.08438,178.519375,1.421939,0.191147,0.00746,0.907937,20000,0.353979,9.353897
5719,131.207541,109.936332,1.258697,0.502007,0.024768,1.193487,20000,0.353979,40.043831
5720,87.376695,70.267242,1.695791,0.208345,0.026402,1.243491,20000,0.353979,21.913705
5721,144.702555,122.968571,1.826883,0.204168,0.049731,1.176744,20000,0.353979,36.116648
5722,195.490983,150.870214,0.395635,0.222325,0.033454,1.295756,20000,0.353979,47.150738
5723,110.08663,99.702777,1.302039,0.49969,0.034745,1.104148,20000,0.353979,31.377315
5724,74.307833,58.493504,1.669732,0.219484,0.04852,1.27036,20000,0.353979,21.349493
5725,145.284353,190.709134,0.979941,0.555299,0.004529,0.761811,20000,0.353979,17.696821
5726,49.614965,54.365269,0.207966,0.149829,0.044765,0.912622,20000,0.353979,0.198717
5727,178.769644,138.814716,0.649186,0.193891,0.033363,1.287829,20000,0.353979,43.088895
5728,110.864426,97.17228,1.767369,0.532814,0.003157,1.140906,20000,0.353979,36.885102
5729,206.532944,194.7452,1.377661,0.208975,0.051884,1.060529,20000,0.353979,34.24787
5730,123.306513,122.759477,1.386995,0.29681,0.028128,1.004456,20000,0.353979,19.85443
5731,112.844408,149.53126,0.428811,0.495061,0.064702,0.754654,20000,0.353979,5.002015
5732,58.755726,83.917669,1.719396,0.5772,0.050064,0.700159,20000,0.353979,11.638606
5733,134.835506,114.007721,1.911006,0.576121,0.022381,1.182687,20000,0.353979,51.517436
5734,149.331343,126.772826,1.622093,0.263627,0.078918,1.177944,20000,0.353979,42.900815
5735,125.191793,147.411747,1.375267,0.576792,0.056611,0.849266,20000,0.353979,29.606001
5736,82.285754,74.922522,1.362235,0.520429,0.013148,1.098278,20000,0.353979,22.996047
5737,111.119246,155.754252,1.368985,0.106477,0.026334,0.713427,20000,0.353979,0.031162
5738,101.023049,83.712712,1.349832,0.114797,0.054811,1.206783,20000,0.353979,23.453801
5739,154.515728,123.874193,0.771667,0.26276,0.056553,1.24736,20000,0.353979,38.177519
5740,251.629178,196.573907,1.738701,0.208536,0.012585,1.280074,20000,0.353979,63.800802
5741,65.835539,75.528515,1.759521,0.122833,0.054757,0.871665,20000,0.353979,3.147525
5742,49.346927,50.191689,1.696503,0.505757,0.009134,0.983169,20000,0.353979,12.861033
5743,81.483597,64.748753,1.187598,0.552387,0.019642,1.258458,20000,0.353979,27.83973
5744,166.29533,153.038632,1.071811,0.398337,0.076276,1.086623,20000,0.353979,39.931859
5745,97.309329,109.907829,1.095595,0.236713,0.000138,0.885372,20000,0.353979,5.065803
5746,213.968647,168.534618,1.829149,0.420213,0.073191,1.269583,20000,0.353979,80.552258
5747,188.140314,157.197393,0.284995,0.175015,0.016571,1.196841,20000,0.353979,31.832564
5748,146.845408,139.155117,0.717315,0.327884,0.066695,1.055264,20000,0.353979,23.38899
5749,50.954992,56.683597,1.324026,0.18468,0.047972,0.898937,20000,0.353979,3.321579
5750,103.323419,124.271786,1.926781,0.292253,0.022802,0.831431,20000,0.353979,11.169615
5751,65.827319,71.106662,0.713277,0.457613,0.044507,0.925755,20000,0.353979,8.868381
5752,66.707959,53.157455,1.22316,0.557992,0.029669,1.254913,20000,0.353979,23.667409
5753,189.43535,179.519559,1.092551,0.469482,0.041868,1.055235,20000,0.353979,44.659037
5754,114.630525,107.474195,1.813676,0.12968,0.074034,1.066586,20000,0.353979,21.777956
5755,86.714717,105.317224,0.149203,0.379445,0.016152,0.823367,20000,0.353979,0.604323
5756,140.408347,195.469097,1.229789,0.327599,0.079391,0.718315,20000,0.353979,8.811272
5757,55.345932,69.814259,0.833502,0.419208,0.042984,0.79276,20000,0.353979,4.584228
5758,128.624629,99.468715,1.368512,0.298153,0.01989,1.293116,20000,0.353979,36.346983
5759,184.288089,150.709254,1.174571,0.484555,0.052112,1.222805,20000,0.353979,59.636675
5760,65.420967,78.914964,1.551187,0.57144,0.038615,0.829006,20000,0.353979,15.107139
5761,83.426879,93.34705,1.30714,0.475096,0.050296,0.893728,20000,0.353979,16.471895
5762,51.809083,66.607498,0.440813,0.522663,0.062503,0.777827,20000,0.353979,3.198429
5763,118.370148,106.93675,0.734828,0.509298,0.059403,1.106917,20000,0.353979,28.134936
5764,64.526505,72.020299,1.926942,0.371829,0.066844,0.895949,20000,0.353979,13.763843
5765,161.535771,185.941104,0.355571,0.107415,0.021223,0.868747,20000,0.353979,0.082977
5766,81.171938,72.87292,1.09533,0.229736,0.055449,1.113883,20000,0.353979,15.213271
5767,88.327151,110.064966,1.793719,0.133507,0.010417,0.8025,20000,0.353979,1.160044
5768,185.535272,149.262214,1.587285,0.545242,0.052059,1.243016,20000,0.353979,72.515033
5769,72.61018,63.456957,1.156193,0.470204,0.072485,1.144243,20000,0.353979,21.03451
5770,85.809479,75.91184,0.113765,0.206327,0.048243,1.130383,20000,0.353979,10.306813
5771,44.198938,51.375883,1.137391,0.325678,0.026256,0.860305,20000,0.353979,4.030868
5772,48.686388,67.762571,0.949757,0.243982,0.008332,0.718485,20000,0.353979,0.512576
5773,107.013086,145.162665,1.884189,0.21817,0.046146,0.737194,20000,0.353979,4.931078
5774,169.20089,171.029342,1.329537,0.232285,0.067527,0.989309,20000,0.353979,24.633735
5775,89.532018,96.198998,1.036213,0.482971,0.064476,0.930696,20000,0.353979,16.98741
5776,116.305046,157.431849,0.42184,0.43041,0.008201,0.738764,20000,0.353979,2.682028
5777,138.091124,133.73949,0.678219,0.369525,0.076878,1.032538,20000,0.353979,21.663174
5778,79.945878,70.612759,0.278292,0.404577,0.034439,1.132173,20000,0.353979,12.705761
5779,62.808454,68.419218,0.773617,0.275282,0.025735,0.917994,20000,0.353979,4.318197
5780,101.878037,110.249506,0.659785,0.5439,0.026604,0.924068,20000,0.353979,15.045981
5781,112.80544,111.272957,1.1103,0.446302,0.079648,1.013772,20000,0.353979,25.544456
5782,97.228431,108.666207,1.317707,0.25199,0.067698,0.894744,20000,0.353979,10.31656
5783,127.732299,173.995277,0.236927,0.473754,0.047298,0.734114,20000,0.353979,1.559764
5784,110.250009,90.616639,0.234707,0.363208,0.035084,1.216664,20000,0.353979,21.388644
5785,204.483918,170.173785,1.881673,0.193202,0.020763,1.201618,20000,0.353979,46.075442
5786,104.428181,138.222954,1.458023,0.121723,0.001021,0.755505,20000,0.353979,0.187409
5787,152.023732,181.288877,0.609403,0.583206,0.07719,0.838572,20000,0.353979,19.981935
5788,109.797317,123.435027,1.469571,0.474002,0.056305,0.889515,20000,0.353979,23.654244
5789,230.991757,194.798706,0.192123,0.576173,0.044553,1.185797,20000,0.353979,45.083625
5790,119.015206,115.633901,1.816077,0.550714,0.044499,1.029241,20000,0.353979,39.350299
5791,71.937058,56.869365,1.56832,0.489814,0.016547,1.264953,20000,0.353979,24.826769
5792,207.239655,177.908205,0.517485,0.143686,0.053169,1.164868,20000,0.353979,34.260955
5793,123.223938,122.712503,1.512568,0.477522,0.020086,1.004168,20000,0.353979,30.15638
5794,63.084631,80.74697,1.180264,0.208313,0.03474,0.781263,20000,0.353979,1.564674
5795,121.113705,139.169402,0.362879,0.544527,0.033555,0.870261,20000,0.353979,9.72442
5796,53.315428,59.826159,1.336017,0.183093,0.046374,0.891173,20000,0.353979,3.298402
5797,149.294553,198.450744,1.366193,0.161785,0.019495,0.7523,20000,0.353979,1.312149
5798,85.434602,108.019183,0.072357,0.114148,0.060041,0.790921,20000,0.353979,0.0
5799,130.538469,116.788027,0.490882,0.151887,0.011586,1.117738,20000,0.353979,15.300589
5800,118.665559,91.938303,0.181758,0.59072,0.0549,1.290709,20000,0.353979,29.650921
5801,90.038651,82.020701,0.644012,0.561938,0.001706,1.097755,20000,0.305803,20.081762
5802,110.71277,118.859514,0.853988,0.431221,0.04877,0.931459,20000,0.305803,16.145076
5803,151.810318,117.926557,1.703456,0.530725,0.04073,1.287329,20000,0.305803,60.092711
5804,214.694921,189.177497,0.114391,0.503307,0.031907,1.134886,20000,0.305803,30.670513
5805,155.569573,167.243738,0.91454,0.314132,0.064446,0.930197,20000,0.305803,17.666373
5806,158.139527,159.53381,1.757803,0.240762,0.043091,0.99126,20000,0.305803,25.131304
5807,67.371712,73.54611,0.314115,0.208763,0.00767,0.916047,20000,0.305803,1.095815
5808,115.324149,136.155613,1.94456,0.262909,0.078976,0.847003,20000,0.305803,16.039116
5809,118.269316,155.801096,1.412305,0.407269,0.05899,0.759105,20000,0.305803,14.918782
5810,72.517654,84.201321,0.131667,0.548829,0.002165,0.861241,20000,0.305803,2.006213
5811,72.075409,100.321607,1.418051,0.436153,0.070043,0.718444,20000,0.305803,8.604063
5812,195.206033,186.368857,0.232256,0.55775,0.07106,1.047418,20000,0.305803,26.800066
5813,63.778347,87.189361,1.720401,0.140956,0.076843,0.731492,20000,0.305803,1.100162
5814,167.265061,135.723229,1.458088,0.48698,0.018697,1.232398,20000,0.305803,54.772244
5815,77.238654,86.049094,1.628975,0.107364,0.060665,0.897611,20000,0.305803,3.862173
5816,66.57709,91.097236,1.859759,0.154096,0.016145,0.730835,20000,0.305803,0.68598
5817,98.490538,90.695679,1.981435,0.560246,0.056527,1.085945,20000,0.305803,36.983463
5818,114.216235,141.373778,0.367546,0.304609,0.054543,0.807903,20000,0.305803,1.767014
5819,109.023185,130.702932,1.843281,0.262711,0.071263,0.83413,20000,0.305803,13.162714
5820,137.448941,147.321941,1.682953,0.282475,0.030094,0.932984,20000,0.305803,18.494823
5821,81.454397,85.002559,0.673728,0.150653,0.012,0.958258,20000,0.305803,2.815891
5822,120.883012,114.054074,1.665725,0.544249,0.041227,1.059875,20000,0.305803,38.713781
5823,75.188056,81.411458,0.728691,0.345016,0.058089,0.923556,20000,0.305803,7.833197
5824,114.694769,124.86957,1.441234,0.2005,0.033196,0.918517,20000,0.305803,9.335783
5825,62.924649,50.808435,0.805977,0.13859,0.012738,1.238469,20000,0.305803,12.789108
5826,147.392044,151.154647,1.906789,0.580003,0.056431,0.975108,20000,0.305803,50.560133
5827,131.534336,141.922912,1.537384,0.141243,0.025753,0.926801,20000,0.305803,7.190573
5828,178.400569,141.914088,1.590384,0.138392,0.031008,1.257103,20000,0.305803,43.614551
5829,159.151942,183.576502,1.195929,0.513699,0.07452,0.866952,20000,0.305803,31.531102
5830,48.832672,60.567481,1.852344,0.550401,0.02447,0.806252,20000,0.305803,11.252722
5831,166.934644,155.436836,1.442111,0.385599,0.041639,1.073971,20000,0.305803,40.307213
5832,88.424508,126.234715,1.045392,0.173079,0.006378,0.700477,20000,0.305803,0.16008
5833,207.354741,168.866765,1.065849,0.168102,0.067118,1.227919,20000,0.305803,50.958149
5834,60.383148,76.643845,0.803778,0.524269,0.025498,0.787841,20000,0.305803,6.453577
5835,63.676497,50.130876,0.255861,0.201578,0.003196,1.270205,20000,0.305803,13.627402
5836,174.556936,174.752598,1.869947,0.485104,0.010263,0.99888,20000,0.305803,47.393183
5837,82.800403,71.118348,1.525435,0.538454,0.073858,1.164262,20000,0.305803,29.831568
5838,96.699093,138.009264,0.193709,0.472706,0.063852,0.700671,20000,0.305803,0.509957
5839,187.454553,152.681719,1.154088,0.151393,0.01506,1.227747,20000,0.305803,38.161676
5840,42.910848,57.548145,0.093907,0.198843,0.077359,0.745651,20000,0.305803,0.0
5841,86.434272,97.187406,1.822472,0.330077,0.067658,0.889357,20000,0.305803,15.549252
5842,122.289174,140.29606,1.152571,0.574595,0.005917,0.871651,20000,0.305803,24.377241
5843,149.413148,148.989603,0.210652,0.295708,0.029345,1.002843,20000,0.305803,8.573927
5844,99.025162,128.549896,1.104919,0.411663,0.016577,0.770325,20000,0.305803,8.424833
5845,235.238919,183.847609,0.554376,0.189351,0.002045,1.279532,20000,0.305803,52.148387
5846,203.830788,183.403697,1.594676,0.377752,0.076469,1.111378,20000,0.305803,58.087404
5847,97.03396,132.379371,1.44163,0.42509,0.069705,0.732999,20000,0.305803,12.550098
5848,123.870405,161.478883,0.266561,0.42824,0.001585,0.7671,20000,0.305803,1.741176
5849,42.877089,53.606668,0.248795,0.555986,0.000654,0.799846,20000,0.305803,1.529949
5850,186.956165,161.551072,1.17097,0.269524,0.051809,1.157257,20000,0.305803,41.390077
5851,140.372879,140.004888,0.414401,0.184655,0.000731,1.002628,20000,0.305803,6.799344
5852,167.105416,160.405752,0.509526,0.146799,0.022493,1.041767,20000,0.305803,11.967376
5853,117.30173,94.747868,0.126383,0.216208,0.069159,1.238041,20000,0.305803,23.405369
5854,122.904216,105.596822,1.162168,0.459618,0.033584,1.163901,20000,0.305803,33.938262
5855,126.025933,141.483339,0.583,0.446412,0.010415,0.890748,20000,0.305803,11.421169
5856,90.059292,91.781392,0.460706,0.263084,0.06216,0.981237,20000,0.305803,6.86074
5857,177.068315,155.295936,0.318439,0.511941,0.00996,1.140199,20000,0.305803,32.14189
5858,85.602042,73.570958,0.138445,0.482526,0.053421,1.16353,20000,0.305803,14.066351
5859,96.533192,84.241768,1.351111,0.444726,0.000336,1.145907,20000,0.305803,25.815028
5860,39.174541,51.04661,1.397231,0.500756,0.065489,0.767427,20000,0.305803,6.840137
5861,40.229871,56.808515,0.945385,0.334348,0.078274,0.708166,20000,0.305803,1.634421
5862,159.440641,132.636096,1.644597,0.11604,0.073205,1.202091,20000,0.305803,41.636455
5863,142.021322,177.863824,0.181524,0.336147,0.061313,0.798483,20000,0.305803,0.702295
5864,244.888247,199.879296,1.428694,0.556624,0.067704,1.225181,20000,0.305803,92.84219
5865,207.769981,183.898087,0.06955,0.268097,0.069133,1.12981,20000,0.305803,25.080348
5866,94.072241,102.704148,0.829103,0.555257,0.058179,0.915954,20000,0.305803,17.365667
5867,159.411548,178.880448,1.825602,0.444974,0.041163,0.891162,20000,0.305803,34.899786
5868,148.779986,188.790601,1.158744,0.592922,0.034542,0.788069,20000,0.305803,26.654237
5869,74.320152,105.376083,1.706054,0.14666,0.061841,0.705285,20000,0.305803,0.792375
5870,69.441078,75.76978,1.360719,0.187361,0.060663,0.916475,20000,0.305803,5.987484
5871,201.27459,173.083596,1.972321,0.318659,0.006082,1.162875,20000,0.305803,50.705861
5872,59.885687,61.957189,1.831262,0.24852,0.019871,0.966566,20000,0.305803,8.119867
5873,89.078075,74.891158,1.285857,0.174873,0.025774,1.189434,20000,0.305803,18.002073
5874,95.549338,117.562489,1.134259,0.12187,0.029462,0.812754,20000,0.305803,0.548609
5875,200.754392,161.973188,1.375715,0.278043,0.037392,1.23943,20000,0.305803,53.865396
5876,77.730561,87.344194,0.616023,0.372913,0.005411,0.889934,20000,0.305803,5.655519
5877,61.694599,65.755815,0.924669,0.51801,0.045847,0.938238,20000,0.305803,11.458042
5878,201.757486,171.203324,0.502555,0.259859,0.04794,1.178467,20000,0.305803,37.572065
5879,127.535662,146.121033,1.529504,0.456836,0.049394,0.872808,20000,0.305803,25.313256
5880,125.13549,164.116898,0.883778,0.310481,0.050149,0.762478,20000,0.305803,5.070383
5881,124.905262,102.195137,0.19279,0.287801,0.067372,1.222223,20000,0.305803,24.22927
5882,92.135619,102.686248,1.888729,0.303267,0.061718,0.897254,20000,0.305803,15.570029
5883,177.075566,154.151822,0.374068,0.345377,0.049145,1.148709,20000,0.305803,30.389279
5884,169.68051,187.120566,1.919587,0.585091,0.030701,0.906798,20000,0.305803,49.62972
5885,228.208896,198.932762,0.912188,0.511069,0.036268,1.147166,20000,0.305803,60.392552
5886,45.423229,63.377011,0.720427,0.195433,0.002318,0.716715,20000,0.305803,0.07248
5887,206.117036,161.392905,1.662509,0.526054,0.035341,1.277113,20000,0.305803,76.517306
5888,150.771579,127.762685,1.455275,0.232639,0.073664,1.180091,20000,0.305803,39.44299
5889,158.696125,129.007967,0.600927,0.395017,0.04059,1.230127,20000,0.305803,38.349078
5890,139.56166,114.791281,0.689569,0.234915,0.052947,1.215786,20000,0.305803,30.512341
5891,45.966796,62.359797,1.820452,0.48464,0.030087,0.737122,20000,0.305803,7.617041
5892,153.37608,125.930152,1.344347,0.107766,0.077936,1.217946,20000,0.305803,39.845773
5893,95.349518,86.636896,0.861094,0.354626,0.074509,1.100565,20000,0.305803,19.529665
5894,218.166391,177.684101,1.860586,0.485673,0.029546,1.227833,20000,0.305803,79.394446
5895,141.246699,142.223228,1.813414,0.471677,0.072297,0.993134,20000,0.305803,41.442878
5896,48.023524,61.417212,1.671661,0.321155,0.012388,0.781923,20000,0.305803,4.239938
5897,187.962431,163.662668,0.642131,0.583096,0.045775,1.148475,20000,0.305803,48.479987
5898,60.183795,55.746775,1.209253,0.576836,0.052356,1.079592,20000,0.305803,18.098693
5899,119.255714,131.909357,1.710492,0.257535,0.051934,0.904073,20000,0.305803,15.677982
5900,169.58891,181.741813,0.939651,0.476236,0.059636,0.933131,20000,0.305803,30.260861
5901,116.623295,165.732523,0.809354,0.471808,0.026834,0.703684,20000,0.336478,6.97395
5902,167.225134,134.216801,0.457282,0.355581,0.026937,1.245933,20000,0.336478,38.390176
5903,174.796846,139.018384,1.961593,0.226813,0.066901,1.257365,20000,0.336478,56.518062
5904,103.5986,125.785797,0.666398,0.210273,0.022538,0.823611,20000,0.336478,1.499835
5905,212.136049,165.273653,1.642956,0.201858,0.048465,1.283544,20000,0.336478,61.933283
5906,122.4426,143.135253,1.310039,0.441817,0.02929,0.855433,20000,0.336478,19.447115
5907,153.569213,198.118192,0.477703,0.168824,0.053389,0.775139,20000,0.336478,0.172427
5908,75.168751,60.422003,1.068297,0.553694,0.06815,1.244063,20000,0.336478,26.190619
5909,138.809524,108.225264,0.317239,0.599843,0.008622,1.282598,20000,0.336478,35.992871
5910,44.946411,51.00019,1.150516,0.288044,0.005705,0.881299,20000,0.336478,3.472533
5911,80.575903,76.379241,0.76745,0.458564,0.047526,1.054945,20000,0.336478,15.8313
5912,115.998163,156.763119,1.820439,0.503426,0.017121,0.739958,20000,0.336478,20.002005
5913,61.992901,73.065484,0.868521,0.323307,0.002563,0.848457,20000,0.336478,3.567342
5914,95.545969,88.649386,0.055506,0.163055,0.031155,1.077796,20000,0.336478,7.079885
5915,92.056489,97.048226,1.744183,0.369715,0.060377,0.948564,20000,0.336478,19.830156
5916,85.769917,93.015541,0.46837,0.498185,0.024677,0.922103,20000,0.336478,9.092551
5917,154.534877,188.919647,0.451907,0.264872,0.071909,0.817993,20000,0.336478,2.750471
5918,77.789291,77.399758,1.913708,0.372425,0.016894,1.005033,20000,0.336478,16.71649
5919,167.101072,132.99101,1.293605,0.183546,0.062007,1.256484,20000,0.336478,45.038717
5920,82.108634,86.480327,1.016836,0.127497,0.000326,0.949449,20000,0.336478,2.532099
5921,178.36404,183.31886,1.565524,0.531614,0.043412,0.972972,20000,0.336478,49.398801
5922,107.57573,92.135303,1.100624,0.541516,0.074453,1.167584,20000,0.336478,34.523583
5923,114.627229,132.641356,1.882566,0.227147,0.039221,0.864189,20000,0.336478,10.902739
5924,50.082878,56.893352,0.988283,0.546943,0.051472,0.880294,20000,0.336478,9.234893
5925,107.202016,110.639319,0.592906,0.386265,0.029871,0.968932,20000,0.336478,12.180733
5926,50.173457,62.02834,1.818888,0.359837,0.062791,0.80888,20000,0.336478,7.821478
5927,149.998769,140.523415,0.741736,0.478828,0.001106,1.067429,20000,0.336478,28.651593
5928,97.283634,76.255706,1.026937,0.581148,0.051924,1.275755,20000,0.336478,34.2317
5929,78.741517,102.804242,0.638738,0.232334,0.062667,0.765936,20000,0.336478,0.901647
5930,114.683624,114.674738,0.320409,0.228339,0.031136,1.000077,20000,0.336478,6.59275
5931,106.471625,90.317437,1.117609,0.283049,0.013294,1.17886,20000,0.336478,22.100004
5932,58.27775,75.675069,1.86148,0.465628,0.031287,0.770105,20000,0.336478,10.354833
5933,58.464621,67.055923,1.788118,0.515859,0.07166,0.871879,20000,0.336478,15.674864
5934,148.751471,116.552503,1.166376,0.448694,0.031784,1.276261,20000,0.336478,47.422843
5935,118.841477,137.542821,0.743464,0.375816,0.053467,0.864033,20000,0.336478,10.49768
5936,63.614921,55.178012,0.54948,0.397485,0.048223,1.152903,20000,0.336478,12.813457
5937,107.251055,110.584736,0.278457,0.391337,0.060708,0.969854,20000,0.336478,8.003032
5938,171.848083,166.721411,0.433128,0.434903,0.038422,1.03075,20000,0.336478,23.532321
5939,143.992844,116.097232,0.052837,0.433122,0.025577,1.240278,20000,0.336478,28.301961
5940,121.081394,100.879819,0.087998,0.506704,0.056539,1.200254,20000,0.336478,21.573183
5941,62.33214,79.511706,1.187793,0.297507,0.065298,0.783937,20000,0.336478,4.210337
5942,86.879842,96.063327,1.26639,0.102589,0.054036,0.904402,20000,0.336478,2.786104
5943,60.305801,81.8735,0.783141,0.420401,0.024407,0.736573,20000,0.336478,3.251679
5944,204.851015,188.80818,1.591327,0.167708,0.077821,1.084969,20000,0.336478,41.15601
5945,132.551996,150.613137,0.459873,0.176372,0.033501,0.880083,20000,0.336478,1.559442
5946,114.596962,156.980107,0.058853,0.574308,0.075654,0.730009,20000,0.336478,0.075569
5947,146.378578,121.725686,0.789503,0.309338,0.068509,1.202528,20000,0.336478,34.977324
5948,47.716634,66.835015,1.378474,0.431145,0.074556,0.713947,20000,0.336478,5.638004
5949,142.360066,124.99778,1.834018,0.566406,0.050844,1.138901,20000,0.336478,54.471728
5950,174.777226,152.506603,0.413142,0.158615,0.030031,1.146031,20000,0.336478,24.738782
5951,82.842167,72.790561,1.740416,0.336213,0.073143,1.138089,20000,0.336478,24.861937
5952,128.670618,155.927736,1.523582,0.281574,0.021779,0.825194,20000,0.336478,10.379897
5953,143.68792,159.186531,0.13034,0.327454,8.9e-05,0.902639,20000,0.336478,1.89116
5954,163.51827,141.902558,0.599528,0.226884,0.069877,1.152328,20000,0.336478,29.345121
5955,242.704675,198.219645,1.979843,0.584283,0.077606,1.224423,20000,0.336478,108.47611
5956,218.375323,189.88165,0.985864,0.134401,0.006784,1.15006,20000,0.336478,31.48812
5957,188.630445,190.061599,0.293241,0.273877,0.041529,0.99247,20000,0.336478,11.594053
5958,98.932689,78.296925,1.547322,0.461556,0.070975,1.263558,20000,0.336478,36.6158
5959,101.404692,130.104932,0.882615,0.465183,0.047955,0.779407,20000,0.336478,10.16165
5960,106.746158,142.101725,1.960177,0.360794,0.056894,0.751195,20000,0.336478,14.512115
5961,127.658739,136.165062,0.674191,0.179963,0.010262,0.937529,20000,0.336478,4.530877
5962,102.351334,136.097145,0.808914,0.271591,0.022375,0.752046,20000,0.336478,1.970305
5963,73.13749,90.655107,0.478086,0.270531,0.014166,0.806766,20000,0.336478,1.001868
5964,211.801021,186.40254,0.58709,0.235281,0.049771,1.136256,20000,0.336478,34.553546
5965,172.729484,180.970577,1.14993,0.105671,0.009349,0.954462,20000,0.336478,5.234975
5966,115.833895,160.091839,0.817489,0.370129,0.039232,0.723547,20000,0.336478,4.705377
5967,141.678903,167.432833,0.671274,0.523222,0.061621,0.846184,20000,0.336478,17.673498
5968,240.573499,196.010676,1.397002,0.49845,0.062076,1.227349,20000,0.336478,84.419463
5969,158.949252,142.567918,1.165973,0.294104,0.047244,1.114902,20000,0.336478,32.58252
5970,173.61245,184.145639,1.438681,0.244571,0.048497,0.9428,20000,0.336478,21.106962
5971,138.061235,182.250847,0.433748,0.394583,0.004831,0.757534,20000,0.336478,3.085795
5972,139.04364,116.718784,0.909598,0.502204,0.009535,1.19127,20000,0.336478,37.769621
5973,161.225307,170.65457,0.302714,0.557569,0.072823,0.944746,20000,0.336478,17.068565
5974,158.686649,165.055613,0.63662,0.254677,0.075104,0.961413,20000,0.336478,13.623288
5975,44.761814,59.815453,1.950722,0.590141,0.02075,0.748332,20000,0.336478,10.838379
5976,114.509857,110.065028,1.407542,0.557123,0.023018,1.040384,20000,0.336478,32.396403
5977,78.891075,98.238718,1.126844,0.498372,0.038646,0.803055,20000,0.336478,11.295945
5978,123.795124,164.563464,1.84312,0.372274,0.073632,0.752264,20000,0.336478,17.90801
5979,193.774773,180.738711,0.449716,0.239743,0.079333,1.072127,20000,0.336478,23.727378
5980,61.633166,69.319786,0.995512,0.426029,0.001517,0.889114,20000,0.336478,7.604433
5981,113.34274,102.982058,0.346527,0.445786,0.055003,1.100607,20000,0.336478,18.551547
5982,148.518599,117.177623,0.457084,0.400588,0.00795,1.267466,20000,0.336478,34.946146
5983,66.464676,67.241281,1.66293,0.42387,0.02102,0.98845,20000,0.336478,14.653098
5984,65.409441,73.423853,0.634133,0.341849,0.073815,0.890847,20000,0.336478,5.274959
5985,156.89378,131.108811,1.045478,0.31389,0.023319,1.196668,20000,0.336478,35.529857
5986,128.342853,125.808979,0.751522,0.199164,0.022916,1.020141,20000,0.336478,11.044011
5987,115.559888,158.690976,0.819927,0.582404,0.004036,0.728207,20000,0.336478,12.027745
5988,86.285205,69.675253,0.211272,0.547837,0.059284,1.238391,20000,0.336478,19.264576
5989,143.334356,153.248091,1.125378,0.192437,0.019969,0.935309,20000,0.336478,8.672574
5990,89.140107,76.95946,1.216772,0.531381,0.032197,1.158274,20000,0.336478,27.281268
5991,181.626397,152.893857,1.186371,0.342488,0.051224,1.187925,20000,0.336478,47.123702
5992,88.953181,104.064405,0.624266,0.376752,0.069603,0.85479,20000,0.336478,6.409232
5993,85.657884,69.79841,0.327228,0.218527,0.079084,1.227218,20000,0.336478,17.778823
5994,188.068314,153.656949,0.82513,0.585076,0.013984,1.223949,20000,0.336478,56.150048
5995,185.084724,151.612874,1.702108,0.54555,0.032517,1.220772,20000,0.336478,69.241179
5996,200.521847,191.053718,0.885083,0.559967,0.032549,1.049557,20000,0.336478,48.32885
5997,61.567025,68.368032,1.801676,0.397555,0.024899,0.900524,20000,0.336478,11.482617
5998,74.319099,60.526819,0.424429,0.261691,0.023307,1.227871,20000,0.336478,14.941018
5999,151.125477,129.983575,1.384927,0.368494,0.075041,1.162651,20000,0.336478,43.987386
6000,101.751441,105.200908,0.50969,0.163204,0.022091,0.967211,20000,0.336478,3.756788
6001,53.94734,76.304662,0.59681,0.129577,0.031282,0.706999,20000,0.308837,0.000772
6002,52.113021,74.36402,0.721152,0.204945,0.002398,0.700783,20000,0.308837,0.092719
6003,164.252807,184.175825,1.413606,0.23307,0.001532,0.891826,20000,0.308837,11.055775
6004,70.630734,78.442117,0.417009,0.495395,0.030305,0.900419,20000,0.308837,6.334897
6005,77.746892,65.535388,1.516925,0.36581,0.079066,1.186335,20000,0.308837,24.145956
6006,159.910127,172.979641,1.593932,0.401191,0.021713,0.924445,20000,0.308837,29.312191
6007,162.113025,192.551929,0.827193,0.247096,0.008498,0.841918,20000,0.308837,5.396852
6008,74.528787,98.451932,0.32219,0.565719,0.050986,0.757007,20000,0.308837,3.272525
6009,77.395008,59.561199,0.091808,0.220081,0.051282,1.29942,20000,0.308837,18.14757
6010,64.495726,72.422178,0.813525,0.294134,0.073062,0.890552,20000,0.308837,5.269853
6011,167.731804,143.189046,1.723292,0.153471,0.007247,1.171401,20000,0.308837,29.887174
6012,94.669322,133.788269,0.664496,0.349913,0.057322,0.707606,20000,0.308837,2.118637
6013,53.110878,72.52907,1.010781,0.450963,0.047345,0.73227,20000,0.308837,4.602792
6014,118.671451,107.094514,0.2265,0.26307,0.075982,1.1081,20000,0.308837,14.649825
6015,48.891058,51.594151,0.095621,0.183053,0.066978,0.947609,20000,0.308837,0.318427
6016,119.790976,94.442914,1.696593,0.392284,0.033571,1.268396,20000,0.308837,39.700367
6017,83.822063,72.816314,0.101936,0.368167,0.079234,1.151144,20000,0.308837,11.88947
6018,86.310052,98.427446,1.000337,0.362164,0.045776,0.87689,20000,0.308837,9.434811
6019,79.271113,64.558037,1.885918,0.429532,0.00883,1.227905,20000,0.308837,25.296177
6020,119.463241,146.511669,0.078279,0.208235,0.047411,0.815384,20000,0.308837,6.8e-05
6021,130.246125,123.090159,0.917941,0.525809,0.047173,1.058136,20000,0.308837,31.293653
6022,114.334013,97.89612,1.778633,0.433596,0.043011,1.167912,20000,0.308837,36.519445
6023,131.002895,142.975156,1.36844,0.551863,0.078802,0.916263,20000,0.308837,34.330534
6024,100.272518,125.133311,0.538939,0.172641,0.07519,0.801326,20000,0.308837,0.486511
6025,57.455269,51.138276,0.982141,0.245799,0.063877,1.123528,20000,0.308837,11.087284
6026,192.433469,183.483628,1.502233,0.121969,0.028237,1.048777,20000,0.308837,21.285916
6027,169.870323,139.527024,0.230813,0.150581,0.011379,1.217473,20000,0.308837,30.690676
6028,155.94885,176.270609,1.146033,0.228646,0.01316,0.884713,20000,0.308837,8.715443
6029,201.314917,173.480542,1.889036,0.244883,0.053892,1.160447,20000,0.308837,52.678213
6030,128.656881,133.710065,1.599633,0.507973,0.025752,0.962208,20000,0.308837,32.610238
6031,194.773838,182.218403,1.651774,0.210241,0.058582,1.068903,20000,0.308837,37.364683
6032,106.341037,141.845016,0.797685,0.103743,0.01317,0.749699,20000,0.308837,0.004139
6033,138.557256,191.560623,0.64395,0.213294,0.009608,0.723308,20000,0.308837,0.359804
6034,77.288156,65.609102,0.102777,0.115407,0.014764,1.17801,20000,0.308837,11.77822
6035,148.912615,150.017342,0.700773,0.466769,0.06926,0.992636,20000,0.308837,26.523558
6036,51.797131,57.136554,0.767381,0.553904,0.061664,0.90655,20000,0.308837,8.983708
6037,122.990085,163.097495,0.605204,0.197815,0.06884,0.754089,20000,0.308837,0.540671
6038,55.003847,54.15841,0.719276,0.563587,0.065936,1.01561,20000,0.308837,11.739722
6039,78.553273,98.515074,0.154902,0.375288,0.062566,0.797373,20000,0.308837,0.408999
6040,133.7145,105.631873,0.773035,0.334936,0.070149,1.265854,20000,0.308837,36.450522
6041,64.471616,62.371817,0.75006,0.366423,0.009803,1.033666,20000,0.308837,9.241851
6042,93.125937,118.996487,0.981255,0.521128,0.04459,0.782594,20000,0.308837,12.394524
6043,166.134377,189.658362,1.886931,0.474893,0.051608,0.875967,20000,0.308837,39.687836
6044,190.448517,185.330137,1.235931,0.288632,0.034187,1.027618,20000,0.308837,30.494856
6045,163.616474,189.748736,0.270994,0.564941,0.043379,0.86228,20000,0.308837,10.508358
6046,128.582378,151.866849,1.916889,0.133335,0.031341,0.846678,20000,0.308837,4.272797
6047,157.514289,133.774899,1.500934,0.524518,0.024261,1.177458,20000,0.308837,52.34435
6048,174.233469,192.755583,0.140835,0.519703,0.00576,0.903909,20000,0.308837,7.102403
6049,122.606158,98.303022,0.711092,0.49858,0.047926,1.247227,20000,0.308837,34.783269
6050,121.38123,100.366339,0.446405,0.442836,0.012736,1.209382,20000,0.308837,26.64253
6051,169.80665,133.956557,1.18108,0.508603,0.009862,1.267625,20000,0.308837,53.785862
6052,146.529929,172.243246,1.72815,0.33326,0.077605,0.850715,20000,0.308837,23.513046
6053,108.255909,94.033214,0.983549,0.320462,0.06036,1.151252,20000,0.308837,24.588071
6054,124.756945,108.535987,0.822005,0.581214,0.036088,1.149452,20000,0.308837,35.33504
6055,137.168061,153.413686,1.024128,0.312034,0.01822,0.894106,20000,0.308837,11.95725
6056,249.632532,196.84904,1.146636,0.416281,0.07089,1.268142,20000,0.308837,82.379028
6057,50.2241,54.841445,1.65411,0.270277,0.026484,0.915806,20000,0.308837,6.018532
6058,103.611994,105.741767,0.305384,0.514808,0.079893,0.979859,20000,0.308837,12.059888
6059,109.896311,104.967243,1.109227,0.14441,0.02173,1.046958,20000,0.308837,10.591823
6060,204.99585,187.951182,0.734333,0.162143,0.059757,1.090687,20000,0.308837,28.026569
6061,56.231951,57.049285,0.448242,0.175271,0.075386,0.985673,20000,0.308837,3.149501
6062,67.725748,61.386142,1.21444,0.251424,0.034425,1.103274,20000,0.308837,12.204397
6063,87.722047,75.7511,1.385581,0.28328,0.069338,1.15803,20000,0.308837,22.610951
6064,97.104135,98.602248,1.207384,0.496517,0.037428,0.984807,20000,0.308837,22.214666
6065,193.252745,153.349679,0.989554,0.508433,0.069072,1.26021,20000,0.308837,63.295294
6066,54.552133,68.566557,1.024657,0.364153,0.036415,0.795608,20000,0.308837,4.179151
6067,98.816497,125.883863,1.073005,0.454903,0.000478,0.784981,20000,0.308837,10.132639
6068,118.985099,129.549188,0.790071,0.214063,0.072297,0.918455,20000,0.308837,7.569136
6069,49.622488,65.301521,1.140314,0.142576,0.062366,0.759898,20000,0.308837,0.364675
6070,88.410765,70.831048,0.18464,0.43212,0.062774,1.248192,20000,0.308837,19.237067
6071,66.633691,60.779131,1.270533,0.569979,0.035794,1.096325,20000,0.308837,20.527527
6072,177.828883,187.90502,1.115175,0.145245,0.045441,0.946376,20000,0.308837,10.47105
6073,159.088819,122.667581,0.615241,0.421162,0.017294,1.29691,20000,0.308837,41.977745
6074,227.77198,187.817722,0.319971,0.44996,0.003217,1.212729,20000,0.308837,46.900227
6075,74.851698,88.978152,1.298239,0.128525,0.043988,0.841237,20000,0.308837,1.394954
6076,162.903014,178.640687,1.624176,0.242494,0.044265,0.911903,20000,0.308837,18.191355
6077,114.527094,149.033705,1.831232,0.253301,0.033546,0.768464,20000,0.308837,7.237728
6078,179.618446,195.851601,0.526024,0.364951,0.013434,0.917115,20000,0.308837,12.964906
6079,118.245551,158.481686,0.434203,0.303948,0.024391,0.746115,20000,0.308837,0.966574
6080,85.862833,110.6015,0.188733,0.394972,0.010439,0.776326,20000,0.308837,0.534696
6081,78.168733,88.878053,0.058324,0.210253,0.048536,0.879505,20000,0.308837,0.01054
6082,185.136843,150.947016,0.902611,0.221849,0.018693,1.226502,20000,0.308837,39.318398
6083,67.167215,55.931214,0.563028,0.298748,0.011566,1.20089,20000,0.308837,13.148612
6084,171.649614,133.52897,0.856474,0.370955,0.007227,1.285486,20000,0.308837,45.711348
6085,210.059533,183.433364,1.665544,0.339038,0.046852,1.145154,20000,0.308837,56.516581
6086,56.260838,75.348674,0.928169,0.518474,0.024372,0.746673,20000,0.308837,5.85339
6087,60.782671,61.670166,0.274034,0.187793,0.033726,0.985609,20000,0.308837,2.208154
6088,43.632507,52.525779,0.085246,0.429007,0.039474,0.830687,20000,0.308837,0.193015
6089,64.590799,86.850745,1.669528,0.335674,0.026667,0.743699,20000,0.308837,5.401518
6090,59.572071,50.305328,1.959472,0.54876,0.056627,1.18421,20000,0.308837,23.747289
6091,88.40215,106.789377,1.128787,0.259744,0.072731,0.827818,20000,0.308837,6.051186
6092,166.564296,192.87614,0.192841,0.535971,0.069961,0.863582,20000,0.308837,7.252128
6093,202.690124,181.289709,1.382194,0.385534,0.048255,1.118045,20000,0.308837,53.440096
6094,130.993909,132.683047,1.944706,0.26379,0.033835,0.987269,20000,0.308837,22.272772
6095,134.366132,110.886269,0.346255,0.399328,0.058687,1.211747,20000,0.308837,28.752669
6096,94.75364,118.595793,1.255376,0.359692,0.025996,0.798963,20000,0.308837,8.528727
6097,125.528012,157.60421,1.225674,0.171127,0.018041,0.796476,20000,0.308837,1.768246
6098,171.95674,194.853563,1.296203,0.179184,0.047166,0.882492,20000,0.308837,9.29887
6099,204.6098,168.293645,0.576549,0.235373,0.048823,1.21579,20000,0.308837,42.472043
6100,134.447142,130.245718,0.877526,0.47121,0.028989,1.032258,20000,0.308837,26.623853
6101,59.724459,69.679537,1.491804,0.108037,0.04244,0.857131,20000,0.351922,1.19421
6102,75.614606,93.56999,0.302244,0.457879,0.052323,0.808107,20000,0.351922,2.55011
6103,62.658786,53.705076,0.97723,0.37927,0.002138,1.16672,20000,0.351922,13.932091
6104,109.078147,106.581731,0.070049,0.525051,0.041963,1.023423,20000,0.351922,7.35205
6105,111.331186,155.963855,0.329168,0.577697,0.039124,0.713827,20000,0.351922,3.622944
6106,143.512072,156.766548,0.211016,0.424593,0.002874,0.915451,20000,0.351922,6.230098
6107,109.51301,95.711948,0.279083,0.453389,0.008467,1.144194,20000,0.351922,18.57344
6108,133.436258,122.766756,0.851684,0.507607,0.058326,1.086909,20000,0.351922,32.653399
6109,197.777985,173.390965,0.695044,0.592276,0.049182,1.140648,20000,0.351922,53.195005
6110,144.163465,113.161275,0.063702,0.563188,0.011324,1.273965,20000,0.351922,31.602148
6111,189.381,160.622053,1.013843,0.108664,0.014625,1.179047,20000,0.351922,31.444197
6112,174.603077,189.259265,0.114009,0.378311,0.014253,0.92256,20000,0.351922,3.746917
6113,68.625316,79.314112,0.797425,0.475283,0.053933,0.865235,20000,0.351922,8.659342
6114,167.048891,145.139114,0.726073,0.312367,0.015165,1.150957,20000,0.351922,30.787415
6115,91.586478,118.105583,1.992375,0.213791,0.059324,0.775463,20000,0.351922,6.391699
6116,155.755862,128.1086,1.4921,0.227873,0.042623,1.215811,20000,0.351922,38.855589
6117,128.241353,100.80881,1.072687,0.253881,0.077895,1.272124,20000,0.351922,37.144336
6118,56.478192,67.027732,0.371471,0.329184,0.01962,0.842609,20000,0.351922,1.427397
6119,132.04285,113.571248,0.153122,0.566123,0.008722,1.162643,20000,0.351922,22.57002
6120,157.608615,130.47571,1.55392,0.396187,0.005611,1.207954,20000,0.351922,44.441039
6121,128.944811,116.862877,0.172134,0.356742,0.067368,1.103386,20000,0.351922,15.67168
6122,64.838263,86.258876,0.204877,0.129566,0.067948,0.751671,20000,0.351922,0.0
6123,144.079561,149.32349,1.196995,0.181552,0.028744,0.964882,20000,0.351922,11.443084
6124,95.912649,111.825852,1.038397,0.541603,0.024742,0.857697,20000,0.351922,15.780145
6125,113.376401,140.61554,0.146501,0.52259,0.015854,0.806286,20000,0.351922,1.797709
6126,86.894709,87.757426,0.16986,0.107963,0.012932,0.990169,20000,0.351922,1.233595
6127,128.126355,159.51686,0.560222,0.462399,0.042326,0.803215,20000,0.351922,8.955533
6128,124.657676,119.73428,1.096358,0.311827,0.038034,1.041119,20000,0.351922,20.174578
6129,63.70415,56.465229,0.332827,0.411841,0.064533,1.128201,20000,0.351922,10.757451
6130,116.990999,114.050412,0.759832,0.580903,0.068943,1.025783,20000,0.351922,27.228834
6131,103.22711,139.680319,0.706507,0.498633,0.039991,0.739024,20000,0.351922,7.514518
6132,56.035662,66.76853,1.975853,0.102403,0.037466,0.839253,20000,0.351922,1.225216
6133,205.553401,172.522021,0.926389,0.146733,0.029617,1.191462,20000,0.351922,38.631075
6134,50.81092,71.112703,0.380985,0.178461,0.018739,0.714513,20000,0.351922,0.00276
6135,112.384469,119.277195,0.389089,0.486126,0.003666,0.942213,20000,0.351922,10.677542
6136,192.644586,193.923986,1.812177,0.400781,0.054732,0.993403,20000,0.351922,48.285407
6137,105.591194,94.972521,0.076825,0.105566,0.000398,1.111808,20000,0.351922,10.587476
6138,134.31258,133.741476,0.519976,0.534957,0.034214,1.00427,20000,0.351922,21.753232
6139,224.316508,190.830383,0.095411,0.173346,0.079726,1.175476,20000,0.351922,34.912449
6140,117.221024,159.383313,0.414282,0.324339,0.019218,0.735466,20000,0.351922,0.940752
6141,137.533358,140.207918,0.897867,0.535829,0.051892,0.980924,20000,0.351922,29.423311
6142,104.625735,90.893699,0.943091,0.582496,0.033728,1.151078,20000,0.351922,31.745017
6143,68.197124,59.706927,1.990995,0.363515,0.000548,1.142198,20000,0.351922,17.574334
6144,224.308462,199.047988,1.5751,0.339832,0.019762,1.126906,20000,0.351922,52.171122
6145,85.349942,70.839798,0.862397,0.521642,0.036602,1.20483,20000,0.351922,24.591516
6146,154.114082,185.703734,1.339046,0.319657,0.07516,0.829892,20000,0.351922,17.080424
6147,87.217494,77.896093,0.402866,0.507155,0.020042,1.119665,20000,0.351922,16.248416
6148,179.468051,198.117445,1.1631,0.519641,0.067012,0.905867,20000,0.351922,38.176493
6149,141.795158,143.914821,0.154719,0.44206,0.034821,0.985271,20000,0.351922,9.272779
6150,128.121469,127.853677,0.512987,0.36553,0.022112,1.002095,20000,0.351922,14.565801
6151,162.930992,134.57284,1.957832,0.152813,0.043014,1.210727,20000,0.351922,40.397564
6152,231.558254,195.558919,1.051774,0.396294,0.048724,1.184084,20000,0.351922,60.333995
6153,47.41276,54.277471,1.820905,0.267175,0.070662,0.873526,20000,0.351922,6.723627
6154,89.70576,71.139626,0.996263,0.438289,0.00183,1.260982,20000,0.351922,24.978475
6155,127.885139,179.308127,1.459847,0.167144,0.031058,0.713214,20000,0.351922,0.992382
6156,39.896748,50.479507,0.835626,0.189007,0.046783,0.790355,20000,0.351922,0.485912
6157,103.224974,119.532964,1.44623,0.124888,0.007029,0.863569,20000,0.351922,1.628119
6158,186.637254,156.258955,1.049123,0.296827,0.034228,1.19441,20000,0.351922,43.266901
6159,90.593,97.896027,0.644193,0.567425,0.053187,0.9254,20000,0.351922,14.570586
6160,102.680576,138.198907,0.631869,0.176142,0.041808,0.742991,20000,0.351922,0.169456
6161,86.216966,110.755116,1.939324,0.382289,0.030457,0.778447,20000,0.351922,12.451994
6162,67.709006,60.051399,0.265774,0.322572,0.016315,1.127518,20000,0.351922,9.347434
6163,173.588495,149.062418,0.56736,0.397902,0.05284,1.164536,20000,0.351922,36.602002
6164,139.646604,170.536291,1.623674,0.164728,0.077714,0.818867,20000,0.351922,7.471544
6165,137.283312,135.47091,1.20788,0.328754,0.027635,1.013379,20000,0.351922,22.432471
6166,161.080668,178.071784,0.214226,0.347926,0.058597,0.904583,20000,0.351922,4.963457
6167,119.320512,150.684107,1.249602,0.308424,0.061082,0.791859,20000,0.351922,9.514609
6168,66.074107,59.23746,0.17871,0.287793,0.045157,1.115411,20000,0.351922,8.147535
6169,57.337009,72.172051,1.386856,0.562266,0.02499,0.794449,20000,0.351922,11.156323
6170,105.883289,103.168582,1.039916,0.178733,0.055099,1.026313,20000,0.351922,12.173514
6171,70.969518,55.355879,1.715314,0.243887,0.045757,1.282059,20000,0.351922,21.518612
6172,133.123233,131.604472,1.27124,0.216705,0.050577,1.01154,20000,0.351922,17.842417
6173,134.280516,151.351467,1.217827,0.302568,0.055315,0.88721,20000,0.351922,14.604456
6174,83.508279,104.773312,1.541842,0.500067,0.049601,0.797038,20000,0.351922,16.385435
6175,123.190471,115.839613,0.598654,0.434922,0.078018,1.063457,20000,0.351922,23.225629
6176,148.017667,124.643211,1.280573,0.118617,0.001265,1.187531,20000,0.351922,24.551679
6177,83.697316,67.665641,0.126899,0.562013,0.031427,1.236925,20000,0.351922,17.29682
6178,78.379965,96.516102,0.949287,0.598685,0.062725,0.812092,20000,0.351922,13.784875
6179,107.522122,148.895756,0.391161,0.159724,0.032891,0.72213,20000,0.351922,0.003594
6180,95.501764,78.223113,0.351623,0.249618,0.047605,1.220889,20000,0.351922,18.96058
6181,48.153203,59.935967,0.923427,0.470271,0.072573,0.803411,20000,0.351922,5.859657
6182,171.826166,156.631087,0.34742,0.265882,0.036642,1.097012,20000,0.351922,21.043795
6183,144.409004,184.729574,1.638249,0.144727,0.004294,0.781732,20000,0.351922,1.38134
6184,203.716603,184.804232,1.110454,0.323341,0.073827,1.102337,20000,0.351922,44.650718
6185,141.026911,110.634223,0.298671,0.306556,0.009325,1.274713,20000,0.351922,31.510158
6186,200.797175,157.953672,0.639153,0.119212,0.056254,1.271241,20000,0.351922,48.378496
6187,142.020254,125.794711,0.993816,0.239079,0.009498,1.128984,20000,0.351922,22.819921
6188,196.152839,180.900554,0.238593,0.337991,0.002906,1.084313,20000,0.351922,22.039995
6189,143.397199,189.879433,1.644824,0.375972,0.022815,0.755201,20000,0.351922,14.746836
6190,158.321739,139.61582,1.110747,0.199914,0.013081,1.133981,20000,0.351922,24.943709
6191,75.496959,101.999387,0.229331,0.180925,0.027871,0.740171,20000,0.351922,0.000402
6192,137.129269,168.169717,0.618744,0.179065,0.007383,0.815422,20000,0.351922,0.761818
6193,128.53114,153.139479,0.2121,0.271977,0.064704,0.839308,20000,0.351922,0.865079
6194,156.762437,194.114955,0.059867,0.40823,0.067342,0.807575,20000,0.351922,0.110657
6195,113.924621,123.892408,0.839123,0.250813,0.059873,0.919545,20000,0.351922,8.806267
6196,146.632738,118.876271,1.945162,0.180903,0.016442,1.23349,20000,0.351922,34.441471
6197,44.177787,50.850699,1.412573,0.388729,0.007343,0.868774,20000,0.351922,5.919582
6198,57.088426,63.948536,1.641475,0.599159,0.008332,0.892725,20000,0.351922,15.126176
6199,173.107308,142.151659,0.199325,0.175511,0.066656,1.217765,20000,0.351922,32.863792
6200,130.143333,156.250525,0.119043,0.409424,0.048351,0.832915,20000,0.351922,0.975207
6201,111.095828,87.909105,1.832845,0.555329,0.079531,1.263758,20000,0.304707,48.047462
6202,62.243563,52.587912,1.280379,0.139646,0.019542,1.18361,20000,0.304707,11.370203
6203,226.905043,176.841883,1.393052,0.439479,0.043951,1.283096,20000,0.304707,77.241658
6204,160.417518,132.158718,0.6895,0.28494,0.028498,1.213825,20000,0.304707,34.5027
6205,172.60263,173.42571,1.926873,0.188224,0.061188,0.995254,20000,0.304707,27.596165
6206,123.855484,151.60552,0.175036,0.372482,0.072759,0.816959,20000,0.304707,1.105334
6207,194.212683,157.470937,0.097135,0.412964,0.041251,1.233324,20000,0.304707,38.052069
6208,128.661305,139.992813,1.238401,0.393169,0.02991,0.919056,20000,0.304707,19.823079
6209,131.745514,182.85606,1.041192,0.532696,0.066129,0.720488,20000,0.304707,16.269492
6210,123.456877,113.258218,0.926545,0.245109,0.030338,1.090048,20000,0.304707,18.811327
6211,148.149916,152.277612,0.335648,0.540347,0.073309,0.972894,20000,0.304707,18.361684
6212,114.387509,94.396059,1.347218,0.530722,0.008248,1.211783,20000,0.304707,36.341728
6213,75.153694,91.421156,0.139166,0.176805,0.041118,0.82206,20000,0.304707,0.003481
6214,90.456456,74.187457,0.793434,0.294871,0.07551,1.219296,20000,0.304707,22.311848
6215,73.134064,77.491268,1.761929,0.284958,0.003142,0.943772,20000,0.304707,9.388379
6216,78.758249,68.402996,0.399556,0.35747,0.050176,1.151386,20000,0.304707,13.876897
6217,171.485274,150.707964,0.084825,0.172511,0.068404,1.137865,20000,0.304707,21.644602
6218,122.565568,159.800129,0.799772,0.344271,0.028798,0.766993,20000,0.304707,5.296263
6219,63.964916,52.479196,1.464993,0.107259,0.059943,1.218862,20000,0.304707,15.884011
6220,77.950748,60.376262,1.942522,0.46274,0.014108,1.291083,20000,0.304707,28.613827
6221,70.645908,71.849981,1.639822,0.518135,0.076814,0.983242,20000,0.304707,21.57171
6222,103.957008,145.05353,0.36386,0.483157,0.006222,0.71668,20000,0.304707,2.390723
6223,237.767185,190.140479,0.831696,0.329388,0.06219,1.250482,20000,0.304707,62.689487
6224,167.355203,132.808552,0.346935,0.520842,0.021594,1.260124,20000,0.304707,41.049852
6225,110.917556,136.606236,0.553273,0.117288,0.027274,0.811951,20000,0.304707,0.05042
6226,106.966672,112.527454,1.318968,0.378269,0.077633,0.950583,20000,0.304707,20.678856
6227,36.212407,50.714671,1.04319,0.435216,0.056309,0.714042,20000,0.304707,2.952921
6228,66.101603,61.614078,0.101846,0.325502,0.040981,1.072833,20000,0.304707,5.697073
6229,75.929775,83.437719,1.02541,0.106545,0.003392,0.910017,20000,0.304707,0.953358
6230,174.56579,140.102151,0.77838,0.531797,0.058457,1.245989,20000,0.304707,53.38714
6231,160.635917,137.343962,0.718673,0.183156,0.010726,1.169588,20000,0.304707,26.244755
6232,177.057983,187.56001,1.132898,0.148266,0.038875,0.944007,20000,0.304707,10.04211
6233,83.106259,88.882884,1.154009,0.291414,0.002612,0.935009,20000,0.304707,8.002875
6234,106.492893,84.305493,0.312777,0.443666,0.046666,1.263179,20000,0.304707,25.508195
6235,43.711382,59.301016,1.359688,0.58565,0.039804,0.73711,20000,0.304707,7.9699
6236,207.759502,186.307275,1.807953,0.377478,0.057694,1.115144,20000,0.304707,60.311309
6237,130.600462,168.219808,1.850896,0.442865,0.077356,0.776368,20000,0.304707,25.669909
6238,110.768829,87.593507,0.581139,0.486636,0.064638,1.264578,20000,0.304707,31.29287
6239,69.152105,70.565179,1.16815,0.547286,0.049811,0.979975,20000,0.304707,17.385329
6240,143.326117,127.768787,0.187082,0.261826,0.038217,1.121762,20000,0.304707,17.53542
6241,96.72522,125.895563,0.169016,0.250106,0.035561,0.768297,20000,0.304707,0.017471
6242,126.630576,100.68841,1.249713,0.223831,0.053872,1.257648,20000,0.304707,34.143525
6243,139.927822,148.610069,1.15241,0.23575,0.006848,0.941577,20000,0.304707,10.742781
6244,166.327481,191.356235,1.537433,0.289214,0.072303,0.869203,20000,0.304707,22.007028
6245,74.085188,88.86046,1.337716,0.16993,0.060565,0.833725,20000,0.304707,2.994545
6246,109.461092,150.552142,1.270746,0.328304,0.000169,0.727064,20000,0.304707,5.249761
6247,145.312141,162.747541,0.090478,0.149083,0.042044,0.892868,20000,0.304707,0.017411
6248,136.758449,183.198194,0.093048,0.152171,0.053353,0.746505,20000,0.304707,0.0
6249,58.876161,69.315559,1.349057,0.307111,0.073435,0.849393,20000,0.304707,6.81033
6250,146.180407,128.804627,0.43743,0.39711,0.03584,1.1349,20000,0.304707,26.019501
6251,88.983202,108.680812,0.60946,0.472117,0.002546,0.818757,20000,0.304707,6.759959
6252,199.756465,191.111979,1.947329,0.521287,0.027789,1.045233,20000,0.304707,63.666086
6253,106.613352,90.78283,0.415595,0.429537,0.052981,1.174378,20000,0.304707,22.045031
6254,107.958561,107.078788,1.326789,0.563566,0.051618,1.008216,20000,0.304707,31.678303
6255,123.255407,152.249936,1.743123,0.349402,0.071488,0.80956,20000,0.304707,18.375471
6256,123.381493,117.303602,1.355492,0.399903,0.010266,1.051813,20000,0.304707,25.814295
6257,90.646219,92.72901,1.971852,0.389702,0.047897,0.977539,20000,0.304707,22.068408
6258,60.693562,65.803425,0.343626,0.294025,0.017677,0.922347,20000,0.304707,2.373046
6259,96.817815,96.130605,0.543979,0.463296,0.039108,1.007149,20000,0.304707,14.385028
6260,174.582522,144.82844,1.287707,0.238953,0.044466,1.205444,20000,0.304707,41.699015
6261,104.817118,91.156408,0.442586,0.258218,0.05674,1.14986,20000,0.304707,17.529793
6262,213.420347,175.082454,0.658625,0.518951,0.030439,1.218971,20000,0.304707,56.531356
6263,116.752535,91.069611,0.608086,0.343629,0.027276,1.282014,20000,0.304707,29.652303
6264,76.651616,105.593113,0.825759,0.224214,0.027862,0.725915,20000,0.304707,0.599362
6265,83.717298,106.614727,1.890457,0.341214,0.07412,0.785232,20000,0.304707,12.372052
6266,117.993301,131.314328,0.818079,0.33053,0.029326,0.898556,20000,0.304707,9.834055
6267,183.341041,167.487698,1.388115,0.375161,0.008223,1.094654,20000,0.304707,39.987497
6268,254.264012,197.39342,0.672559,0.358407,0.058266,1.288108,20000,0.304707,69.839202
6269,74.135157,82.302977,0.394703,0.200768,0.020308,0.900759,20000,0.304707,1.251377
6270,183.845537,188.407471,0.696033,0.442281,0.036827,0.975787,20000,0.304707,27.142407
6271,120.896054,133.82356,0.742909,0.172887,0.043924,0.903399,20000,0.304707,3.895037
6272,160.720309,160.885437,0.669994,0.504145,0.062684,0.998974,20000,0.304707,29.187864
6273,74.888898,90.461061,1.270865,0.121839,0.0112,0.827858,20000,0.304707,0.551205
6274,149.387927,169.459365,0.283069,0.465045,0.052797,0.881556,20000,0.304707,8.371797
6275,124.234553,116.625528,1.421991,0.433631,0.048584,1.065243,20000,0.304707,32.120165
6276,63.365513,66.481553,1.64429,0.329513,0.01933,0.953129,20000,0.304707,10.073161
6277,118.987186,144.48251,0.787252,0.235159,0.067588,0.82354,20000,0.304707,3.909294
6278,69.892966,72.751491,0.957095,0.583197,0.048729,0.960708,20000,0.304707,15.817279
6279,72.365152,58.880214,1.098565,0.329687,0.011516,1.229023,20000,0.304707,17.929611
6280,40.047511,50.378194,1.045206,0.180228,0.01636,0.794937,20000,0.304707,0.489102
6281,88.39713,81.238301,1.529919,0.266993,0.037492,1.088121,20000,0.304707,17.487972
6282,143.815889,182.714726,0.382587,0.438965,0.037787,0.787106,20000,0.304707,4.979842
6283,138.019134,132.66295,1.194385,0.570588,0.072403,1.040374,20000,0.304707,40.090121
6284,60.571461,81.684917,1.114962,0.125518,0.002645,0.741526,20000,0.304707,0.039168
6285,119.11225,99.373668,1.146828,0.485508,0.014486,1.19863,20000,0.304707,33.64821
6286,189.755981,158.306377,0.268856,0.306624,0.042736,1.198663,20000,0.304707,34.831039
6287,133.663798,131.53795,1.44242,0.366325,0.066912,1.016161,20000,0.304707,29.302918
6288,76.935654,89.232169,1.370042,0.229369,0.037705,0.862196,20000,0.304707,5.296404
6289,155.599136,141.644563,1.731196,0.479257,0.024735,1.098518,20000,0.304707,46.203789
6290,149.926541,184.139174,0.768601,0.560962,0.041711,0.814202,20000,0.304707,19.411671
6291,71.053443,77.156496,0.907857,0.532472,0.009905,0.9209,20000,0.304707,12.272925
6292,44.735127,54.054395,0.812619,0.540615,0.049702,0.827595,20000,0.304707,6.199043
6293,57.502986,58.335829,1.179458,0.534577,0.012979,0.985723,20000,0.304707,13.495646
6294,148.436827,123.899153,0.778086,0.34692,0.028907,1.198046,20000,0.304707,33.211335
6295,111.695928,114.58086,0.968456,0.433597,0.035117,0.974822,20000,0.304707,19.194912
6296,76.472808,108.874887,0.244361,0.471968,0.065525,0.702392,20000,0.304707,0.676092
6297,95.553851,76.222632,1.501138,0.310333,0.002882,1.253615,20000,0.304707,25.407585
6298,103.440355,97.308496,0.808546,0.573661,0.018045,1.063015,20000,0.304707,24.09154
6299,97.071946,94.062722,1.908794,0.299767,7.8e-05,1.031992,20000,0.304707,17.131226
6300,125.153346,156.022406,0.355263,0.527574,0.019035,0.80215,20000,0.304707,6.660842
6301,156.584308,152.936869,0.255122,0.158051,0.004132,1.023849,20000,0.327071,7.076081
6302,195.547333,178.401572,0.202039,0.26387,0.01663,1.096108,20000,0.327071,20.278389
6303,158.812397,167.027153,1.866817,0.526196,0.05238,0.950818,20000,0.327071,47.432276
6304,147.973359,119.279772,1.243115,0.225125,0.059087,1.240557,20000,0.327071,39.186035
6305,91.462506,71.651324,0.34526,0.158552,0.041504,1.276494,20000,0.327071,20.794957
6306,211.949645,179.927296,1.761202,0.559255,0.063266,1.177974,20000,0.327071,82.798161
6307,120.327763,148.823043,1.444527,0.306952,0.040391,0.808529,20000,0.327071,10.594158
6308,226.505813,188.481877,1.861139,0.177149,0.052076,1.201738,20000,0.327071,58.314908
6309,140.921797,152.963829,0.957392,0.171445,0.075324,0.921275,20000,0.327071,8.762965
6310,74.831119,78.434587,1.933817,0.15163,0.043814,0.954058,20000,0.327071,7.788374
6311,46.635341,57.238771,0.057854,0.584164,0.06292,0.814751,20000,0.327071,0.246269
6312,120.023931,98.0424,1.802271,0.393445,0.054947,1.224204,20000,0.327071,40.735481
6313,136.620303,128.083812,0.382458,0.165744,0.026158,1.066648,20000,0.327071,11.672729
6314,144.159564,144.048862,0.51606,0.145877,0.03368,1.000769,20000,0.327071,7.488253
6315,117.531509,133.018267,1.66103,0.471098,0.042902,0.883574,20000,0.327071,25.456825
6316,73.680346,58.665462,0.052455,0.486712,0.006944,1.255941,20000,0.327071,15.084598
6317,72.060525,97.464224,0.568193,0.242331,0.000159,0.739354,20000,0.327071,0.289394
6318,85.876008,69.579607,0.181012,0.327257,0.070795,1.234212,20000,0.327071,17.497454
6319,85.23899,114.126039,1.288076,0.117708,0.015088,0.746885,20000,0.327071,0.104215
6320,123.278004,136.527896,0.73013,0.448049,0.059018,0.902951,20000,0.327071,15.375868
6321,206.250446,185.59348,0.667825,0.554166,0.034302,1.111302,20000,0.327071,48.738013
6322,172.955319,159.573774,1.594187,0.588002,0.015408,1.083858,20000,0.327071,56.46274
6323,190.094292,164.078687,1.731315,0.369744,0.048383,1.158556,20000,0.327071,55.433779
6324,122.942378,124.202044,0.594411,0.209785,0.021741,0.989858,20000,0.327071,8.018628
6325,136.19009,123.182249,1.339049,0.53936,0.009481,1.105598,20000,0.327071,39.461669
6326,157.162753,163.719841,0.955183,0.358607,0.014119,0.959949,20000,0.327071,20.096477
6327,67.46482,61.587637,0.966103,0.294319,0.010115,1.095428,20000,0.327071,11.070387
6328,208.531682,173.402538,0.160689,0.220146,0.015098,1.202587,20000,0.327071,35.633276
6329,225.33975,185.55337,0.160672,0.209471,0.05587,1.21442,20000,0.327071,41.64645
6330,71.728191,74.126271,1.306022,0.420388,0.011289,0.967649,20000,0.327071,13.005702
6331,58.270141,55.271932,0.432084,0.338405,0.051424,1.054245,20000,0.327071,7.379421
6332,151.095332,120.101936,1.445681,0.37906,0.042837,1.258059,20000,0.327071,48.011911
6333,137.048017,109.988947,1.383537,0.194534,0.020985,1.246016,20000,0.327071,32.031796
6334,194.281213,180.784973,0.883166,0.193276,0.051335,1.074654,20000,0.327071,27.341335
6335,106.036485,82.550683,1.386967,0.205875,0.042081,1.284502,20000,0.327071,28.984875
6336,72.490927,64.138611,0.418442,0.270942,0.076064,1.130223,20000,0.327071,11.391212
6337,136.038236,133.161268,1.320436,0.361483,0.052515,1.021605,20000,0.327071,27.756017
6338,70.906183,60.96258,1.510257,0.235337,0.016602,1.16311,20000,0.327071,14.483246
6339,94.327828,115.371061,0.21091,0.296707,0.019682,0.817604,20000,0.327071,0.44736
6340,60.102256,72.785631,1.018461,0.485455,0.00071,0.825743,20000,0.327071,7.670761
6341,74.317289,78.355431,1.005693,0.436038,0.001698,0.948464,20000,0.327071,11.556972
6342,86.347925,115.960489,0.164744,0.24786,0.002792,0.744632,20000,0.327071,0.004542
6343,133.978486,156.022116,0.204725,0.377801,0.016167,0.858715,20000,0.327071,2.650853
6344,99.65736,132.670955,0.215812,0.116465,0.042303,0.751162,20000,0.327071,0.0
6345,54.966078,70.483824,1.945009,0.498906,0.019178,0.77984,20000,0.327071,10.66087
6346,100.578269,142.299246,0.092827,0.364571,0.044908,0.706808,20000,0.327071,0.003918
6347,159.187256,128.466227,1.765548,0.318787,0.000348,1.239137,20000,0.327071,42.559311
6348,234.104618,193.450554,1.013654,0.400991,0.043463,1.210152,20000,0.327071,63.285293
6349,167.7397,143.921004,0.616675,0.315875,0.023841,1.165498,20000,0.327071,31.225126
6350,200.442773,155.201249,0.659656,0.198138,0.057854,1.291502,20000,0.327071,51.345384
6351,184.646995,193.787119,0.140001,0.568319,0.076372,0.952834,20000,0.327071,12.60887
6352,197.904446,193.116753,1.338281,0.502866,0.058598,1.024792,20000,0.327071,53.35944
6353,130.10462,135.989229,0.72843,0.192762,0.017675,0.956727,20000,0.327071,6.712438
6354,71.048835,60.245152,0.23086,0.163745,0.041133,1.179329,20000,0.327071,11.380341
6355,98.345354,96.489887,1.273809,0.394249,0.024673,1.01923,20000,0.327071,18.873692
6356,171.804705,182.500018,0.604446,0.362441,0.03923,0.941396,20000,0.327071,16.432229
6357,64.275779,87.885743,0.741403,0.599425,0.06955,0.731356,20000,0.327071,7.282994
6358,111.934893,90.595477,1.691589,0.591501,0.060479,1.235546,20000,0.327071,46.542158
6359,176.772206,173.720542,0.185209,0.205051,0.018584,1.017567,20000,0.327071,8.164505
6360,129.674961,102.86179,1.282985,0.520043,0.057807,1.260672,20000,0.327071,46.538618
6361,195.769051,175.869724,0.619786,0.322953,0.009128,1.113148,20000,0.327071,30.193229
6362,80.209316,64.010883,1.878142,0.133572,0.067597,1.253057,20000,0.327071,23.956709
6363,57.720873,75.891519,0.722067,0.345917,0.042653,0.760571,20000,0.327071,2.133436
6364,198.078234,162.825854,0.074706,0.588216,0.053303,1.216504,20000,0.327071,37.702282
6365,189.230971,147.731121,0.41921,0.166484,0.027987,1.280915,20000,0.327071,43.375618
6366,191.57382,167.481572,0.561185,0.428645,0.069074,1.14385,20000,0.327071,40.794678
6367,101.800303,97.533049,1.367728,0.177001,0.027627,1.043752,20000,0.327071,12.678811
6368,75.499012,93.400795,0.810196,0.413841,0.041671,0.808334,20000,0.327071,6.13069
6369,144.827865,115.526868,0.939264,0.430853,0.065278,1.253629,20000,0.327071,44.097466
6370,113.640634,138.64889,0.980819,0.450552,0.029339,0.819629,20000,0.327071,13.516296
6371,90.718527,80.553179,1.68166,0.123587,0.021387,1.126194,20000,0.327071,14.145026
6372,86.488123,112.38849,1.436729,0.199363,0.002719,0.769546,20000,0.327071,1.731492
6373,235.289135,189.78001,1.063773,0.172969,0.071728,1.239799,20000,0.327071,60.385775
6374,204.172554,187.367749,0.448469,0.261811,0.03702,1.089689,20000,0.327071,25.740552
6375,153.744413,146.418982,0.85021,0.474515,0.048852,1.050031,20000,0.327071,33.048818
6376,134.843978,121.329741,0.843927,0.387612,0.068454,1.111384,20000,0.327071,29.621116
6377,40.607921,57.952137,0.491911,0.276078,0.068856,0.700715,20000,0.327071,0.193639
6378,190.878792,171.681578,1.286587,0.532929,0.004361,1.111819,20000,0.327071,54.221392
6379,179.051459,150.849536,1.54762,0.591102,0.036128,1.186954,20000,0.327071,66.27115
6380,95.806751,100.531993,0.389413,0.302122,0.036016,0.952998,20000,0.327071,5.693528
6381,162.412677,165.278785,0.11191,0.192593,0.042693,0.982659,20000,0.327071,3.165723
6382,210.40492,178.245062,1.07195,0.417663,0.022683,1.180425,20000,0.327071,53.768047
6383,52.684987,58.959144,1.676091,0.433866,0.020087,0.893585,20000,0.327071,9.852876
6384,108.526538,96.79881,0.610419,0.380528,0.076766,1.121156,20000,0.327071,21.406235
6385,144.973362,186.753311,0.50877,0.445536,0.016739,0.776283,20000,0.327071,6.537243
6386,165.353642,158.78351,1.56421,0.593669,0.05114,1.041378,20000,0.327071,56.388804
6387,185.037635,168.413652,0.447207,0.159722,0.019239,1.098709,20000,0.327071,19.721879
6388,129.949723,175.356682,1.353677,0.230609,0.056554,0.741059,20000,0.327071,4.278857
6389,114.401621,135.583551,1.391197,0.218686,0.047382,0.843772,20000,0.327071,7.135233
6390,91.355595,79.349995,0.076015,0.38791,0.078231,1.151299,20000,0.327071,12.897301
6391,120.051839,96.347875,0.490136,0.525681,0.000468,1.246025,20000,0.327071,30.55984
6392,223.247364,176.452483,0.487001,0.380394,0.02049,1.265198,20000,0.327071,54.153895
6393,203.503121,189.703237,1.638743,0.465331,0.007382,1.072745,20000,0.327071,55.901633
6394,217.168419,177.308782,0.353639,0.521267,0.009386,1.224804,20000,0.327071,49.873709
6395,64.636887,75.948474,0.083685,0.375775,0.03542,0.851062,20000,0.327071,0.244796
6396,175.358894,137.768041,1.613713,0.421926,0.057084,1.272856,20000,0.327071,62.30148
6397,86.875212,90.825313,1.619819,0.145134,0.074328,0.956509,20000,0.327071,9.709924
6398,183.618748,185.127714,0.614374,0.327575,0.003303,0.991849,20000,0.327071,18.416176
6399,67.556637,61.578569,0.353412,0.191477,0.066586,1.09708,20000,0.327071,8.005018
6400,100.528397,121.940556,0.469945,0.548357,0.076647,0.824405,20000,0.327071,9.043469
6401,146.877735,122.986915,1.794634,0.216466,0.025769,1.194255,20000,0.299491,33.914191
6402,63.903384,55.897252,0.401601,0.519594,0.015208,1.143229,20000,0.299491,12.537139
6403,154.469009,152.21808,0.764605,0.172903,0.0188,1.014788,20000,0.299491,11.750165
6404,203.708122,198.304653,0.400657,0.578108,0.076278,1.027248,20000,0.299491,35.189852
6405,74.879313,78.837843,0.342241,0.36319,0.032648,0.949789,20000,0.299491,4.932917
6406,80.914411,100.290436,1.135723,0.158277,0.031384,0.806801,20000,0.299491,1.115481
6407,45.156163,56.052426,0.584459,0.426453,0.067218,0.805606,20000,0.299491,3.022261
6408,67.486926,65.96169,1.828163,0.108909,0.039216,1.023123,20000,0.299491,7.52606
6409,115.392389,160.077209,1.305923,0.342936,0.007495,0.720855,20000,0.299491,6.018765
6410,235.753738,191.135722,1.596156,0.21803,0.009017,1.233436,20000,0.299491,53.735874
6411,181.837351,172.031683,1.234626,0.315288,0.036729,1.056999,20000,0.299491,33.999994
6412,152.886084,180.874477,0.798805,0.149917,0.006811,0.845261,20000,0.299491,1.205257
6413,142.852764,181.475816,1.889334,0.286726,0.02543,0.787172,20000,0.299491,12.303632
6414,115.077935,146.068463,0.586206,0.269978,0.049874,0.787836,20000,0.299491,2.213751
6415,180.506404,152.178838,1.469569,0.198877,0.06359,1.186147,20000,0.299491,44.279094
6416,181.689429,193.548224,1.396606,0.320288,0.012557,0.93873,20000,0.299491,23.764465
6417,128.555178,136.297006,1.866377,0.526169,0.041812,0.943199,20000,0.299491,36.457117
6418,157.486596,154.063896,0.876506,0.188893,0.008469,1.022216,20000,0.299491,13.273856
6419,100.823091,111.681824,0.205815,0.124935,0.076524,0.902771,20000,0.299491,0.171067
6420,78.172111,82.135831,1.112515,0.360046,0.032401,0.951742,20000,0.299491,11.486891
6421,194.798389,178.113222,0.265836,0.123067,0.025312,1.093677,20000,0.299491,18.157209
6422,93.19751,78.891128,0.050199,0.489428,0.049646,1.181343,20000,0.299491,14.717645
6423,139.487698,116.219446,0.977095,0.188658,0.007461,1.20021,20000,0.299491,26.150266
6424,139.456577,176.339863,0.458162,0.230626,0.008883,0.79084,20000,0.299491,0.726632
6425,134.441748,163.872446,1.121082,0.12743,0.049506,0.820405,20000,0.299491,1.411054
6426,79.783506,62.409972,0.656472,0.39573,0.037466,1.278378,20000,0.299491,21.363529
6427,119.829313,107.661164,1.957899,0.576061,0.009616,1.113023,20000,0.299491,43.404801
6428,203.235697,180.573801,0.893178,0.447305,0.000863,1.125499,20000,0.299491,43.551264
6429,116.933139,128.287808,1.655501,0.386255,0.06573,0.911491,20000,0.299491,23.474476
6430,100.194387,116.250803,0.870621,0.30721,0.068436,0.861881,20000,0.299491,7.752088
6431,125.105218,110.565513,1.284923,0.425592,0.064278,1.131503,20000,0.299491,35.23869
6432,83.924629,82.33615,0.4283,0.38822,0.061298,1.019293,20000,0.299491,10.5428
6433,132.866751,139.882476,0.106454,0.144353,0.051964,0.949846,20000,0.299491,0.533606
6434,115.278072,115.556999,0.21729,0.29192,0.055087,0.997586,20000,0.299491,6.811105
6435,70.59955,95.377834,1.813254,0.27232,0.020079,0.740209,20000,0.299491,4.003121
6436,159.416491,137.938672,1.466079,0.564964,0.009734,1.155706,20000,0.299491,52.826301
6437,66.477688,53.458239,1.333307,0.582374,0.049343,1.243544,20000,0.299491,25.136664
6438,142.746424,148.76669,1.891537,0.456977,0.006239,0.959532,20000,0.299491,33.373653
6439,200.788325,178.840003,0.272053,0.123426,0.04543,1.122726,20000,0.299491,24.244473
6440,150.118691,129.836269,1.396439,0.35343,0.07531,1.156215,20000,0.299491,42.518318
6441,153.544883,127.374744,1.450779,0.271843,0.057826,1.205458,20000,0.299491,40.416476
6442,149.660985,182.984332,1.88516,0.45181,0.04791,0.81789,20000,0.299491,30.050552
6443,113.36439,95.584634,0.658375,0.136574,0.075925,1.186011,20000,0.299491,22.797157
6444,123.972523,158.054656,0.052341,0.418922,0.065204,0.784365,20000,0.299491,0.025902
6445,142.166561,164.302613,1.642654,0.235022,0.055322,0.865273,20000,0.299491,13.95036
6446,215.87767,184.07757,1.941537,0.322638,0.016806,1.172754,20000,0.299491,56.40341
6447,138.969224,197.796248,1.635222,0.467359,0.051063,0.702588,20000,0.299491,19.292747
6448,72.767503,74.283669,0.5193,0.144445,0.073276,0.97959,20000,0.299491,3.700851
6449,121.485674,136.142458,1.91159,0.489131,0.053357,0.892342,20000,0.299491,31.53073
6450,166.029817,171.21611,1.967184,0.529724,0.002375,0.969709,20000,0.299491,45.47818
6451,164.57229,193.107935,1.074278,0.158375,0.01305,0.85223,20000,0.299491,2.931127
6452,150.761633,131.442461,1.565461,0.297707,0.021442,1.146978,20000,0.299491,34.088997
6453,97.840558,81.717259,0.056092,0.426047,0.022225,1.197306,20000,0.299491,16.38153
6454,137.144793,116.708356,0.96442,0.160152,0.000685,1.175107,20000,0.299491,22.206316
6455,200.666529,189.611357,1.262655,0.532608,0.046166,1.058304,20000,0.299491,56.400504
6456,147.519624,156.426456,0.565237,0.102155,0.041106,0.943061,20000,0.299491,2.352945
6457,97.504204,80.687995,0.7885,0.181369,0.009609,1.20841,20000,0.299491,18.102982
6458,102.190557,142.437423,1.431463,0.403322,0.024054,0.717442,20000,0.299491,8.960511
6459,107.907836,135.043302,0.407926,0.50019,0.022527,0.799061,20000,0.299491,5.496581
6460,124.831862,121.961443,0.713527,0.512901,0.031626,1.023535,20000,0.299491,24.003206
6461,152.489183,128.27004,0.338714,0.236687,0.044298,1.188814,20000,0.299491,26.958389
6462,198.045972,156.100396,0.630514,0.218993,0.019813,1.268709,20000,0.299491,45.050457
6463,127.671061,146.744212,0.765115,0.297886,0.063462,0.870025,20000,0.299491,8.624896
6464,134.101639,115.774774,0.470155,0.310708,0.058957,1.158298,20000,0.299491,24.330679
6465,118.09566,99.172156,0.095633,0.202927,0.056177,1.190815,20000,0.299491,19.452987
6466,95.126366,74.40975,0.59839,0.423625,0.01676,1.278413,20000,0.299491,24.804656
6467,166.319991,170.133936,1.868702,0.132354,0.030554,0.977583,20000,0.299491,14.728101
6468,195.561816,183.696904,0.383738,0.479837,0.02737,1.06459,20000,0.299491,30.041357
6469,83.554231,65.968788,1.565508,0.228442,0.066876,1.266572,20000,0.299491,25.410079
6470,172.870288,189.386613,1.02419,0.171223,0.00255,0.91279,20000,0.299491,6.060691
6471,157.905848,159.67895,0.957035,0.450962,0.077957,0.988896,20000,0.299491,31.477616
6472,61.649533,77.040944,0.834117,0.516452,0.059817,0.800218,20000,0.299491,7.662419
6473,68.884197,95.378688,0.142598,0.314565,0.021178,0.722218,20000,0.299491,0.01087
6474,214.912101,185.40718,1.291707,0.46038,0.025173,1.159136,20000,0.299491,61.033597
6475,61.4352,68.881365,0.237029,0.40912,0.043357,0.891899,20000,0.299491,2.441866
6476,101.707904,91.09109,0.859534,0.161199,0.031067,1.116552,20000,0.299491,14.452765
6477,108.94952,134.791863,1.267582,0.325472,0.027665,0.80828,20000,0.299491,8.811797
6478,44.229682,57.298476,0.896238,0.143272,0.01815,0.771917,20000,0.299491,0.095755
6479,155.068154,149.901485,0.43231,0.118109,0.04726,1.034467,20000,0.299491,9.964814
6480,52.394637,55.639093,1.670667,0.399154,0.075287,0.941687,20000,0.299491,12.218076
6481,116.706914,160.292351,1.620357,0.521528,0.018724,0.728088,20000,0.299491,19.357301
6482,190.412163,166.5131,1.777575,0.199032,0.057833,1.143527,20000,0.299491,45.205314
6483,84.450624,77.503264,0.539401,0.577797,0.064194,1.08964,20000,0.299491,18.711266
6484,207.449142,162.891734,1.612573,0.584741,0.004917,1.27354,20000,0.299491,79.312698
6485,128.109572,108.681778,0.557312,0.111347,0.061184,1.178759,20000,0.299491,23.202512
6486,63.703501,60.71303,1.799696,0.392847,0.062753,1.049256,20000,0.299491,17.679796
6487,110.579301,93.69495,0.791939,0.439493,0.070053,1.180206,20000,0.299491,29.243998
6488,78.138831,83.775961,1.888779,0.547369,0.049493,0.932712,20000,0.299491,23.578158
6489,118.768665,100.227177,0.510829,0.25016,0.075094,1.184995,20000,0.299491,23.282913
6490,124.065617,115.723184,0.328733,0.288768,0.050054,1.07209,20000,0.299491,13.884131
6491,151.921783,181.778148,0.130555,0.307619,0.025582,0.835754,20000,0.299491,0.435014
6492,123.94881,114.944008,0.402351,0.159513,0.016852,1.078341,20000,0.299491,11.240973
6493,106.481781,151.286514,1.818062,0.523385,0.029568,0.703842,20000,0.299491,19.37222
6494,72.738902,98.154703,0.881483,0.282483,0.07861,0.741064,20000,0.299491,2.283717
6495,177.461141,193.117632,0.962687,0.407114,0.079797,0.918928,20000,0.299491,27.574774
6496,66.188397,52.464197,1.81771,0.532356,0.026299,1.261592,20000,0.299491,25.091107
6497,203.709916,192.51956,0.758381,0.594269,0.063731,1.058126,20000,0.299491,49.893823
6498,54.212758,53.44439,0.188373,0.290698,0.023035,1.014377,20000,0.299491,3.243027
6499,47.464481,54.310523,1.591853,0.222152,0.027193,0.873946,20000,0.299491,3.518388
6500,62.523665,54.880051,0.870777,0.271967,0.042159,1.139279,20000,0.299491,11.945493
6501,182.39001,155.484744,1.481017,0.486337,0.019482,1.173041,20000,0.315159,56.040554
6502,164.380361,160.199161,1.485516,0.590442,0.078497,1.0261,20000,0.315159,56.694908
6503,70.320677,70.186425,1.503505,0.227171,0.053444,1.001913,20000,0.315159,10.658394
6504,199.420015,179.110626,1.943515,0.583229,0.039359,1.11339,20000,0.315159,74.340023
6505,114.665235,132.289732,0.468884,0.243834,0.023566,0.866774,20000,0.315159,2.516421
6506,207.19954,177.09143,1.756647,0.134125,0.068667,1.170014,20000,0.315159,51.011474
6507,153.328783,124.52426,0.174613,0.45693,0.028354,1.231317,20000,0.315159,31.233098
6508,56.138324,61.858599,1.039676,0.236476,0.044139,0.907527,20000,0.315159,4.160179
6509,184.774491,176.92267,1.316213,0.425651,0.044097,1.04438,20000,0.315159,43.939785
6510,75.259611,67.072647,1.949458,0.376695,0.068893,1.122061,20000,0.315159,23.56683
6511,106.929182,91.895382,0.137225,0.429603,0.04836,1.163597,20000,0.315159,16.90224
6512,111.319813,122.509666,0.859224,0.180703,0.007558,0.908661,20000,0.315159,3.709255
6513,118.338524,94.79699,0.525832,0.591112,0.033736,1.248336,20000,0.315159,33.4048
6514,191.388306,153.762224,0.489557,0.567264,0.016734,1.244703,20000,0.315159,50.635842
6515,142.50761,150.30656,1.25705,0.484805,0.061887,0.948113,20000,0.315159,32.004435
6516,126.38774,172.63294,0.44445,0.36358,0.024916,0.732118,20000,0.315159,1.911572
6517,193.019091,190.601386,1.00013,0.126587,0.018011,1.012685,20000,0.315159,12.501443
6518,110.953224,133.422634,1.118094,0.583295,0.053392,0.831592,20000,0.315159,21.656005
6519,118.611578,141.331581,1.359242,0.188714,0.069342,0.839243,20000,0.315159,6.617339
6520,225.731867,195.069679,1.965001,0.200304,0.034512,1.157186,20000,0.315159,51.373247
6521,141.291516,198.918582,1.823241,0.561682,0.003165,0.710298,20000,0.315159,26.218482
6522,137.81054,184.334959,0.682775,0.398041,0.03611,0.747609,20000,0.315159,5.869114
6523,184.760536,162.192179,1.62164,0.474951,0.012232,1.139146,20000,0.315159,54.928064
6524,164.119976,135.835966,1.339996,0.469859,0.037067,1.208222,20000,0.315159,52.513777
6525,130.181271,140.784466,0.486355,0.546641,0.047226,0.924685,20000,0.315159,16.597745
6526,107.753636,91.358628,1.221486,0.307349,0.01704,1.179458,20000,0.315159,24.16961
6527,152.93678,143.749584,1.934065,0.131847,0.034539,1.063911,20000,0.315159,22.319606
6528,68.017339,55.697844,1.384186,0.171453,0.012371,1.221184,20000,0.315159,14.272507
6529,222.112248,171.780501,1.175798,0.223906,0.054723,1.293,20000,0.315159,62.765927
6530,80.049496,76.455904,0.246616,0.113498,0.051393,1.047002,20000,0.315159,4.875767
6531,56.598245,77.842633,0.727909,0.148281,0.009041,0.727085,20000,0.315159,0.014305
6532,177.946932,177.093496,1.108223,0.509305,0.006546,1.004819,20000,0.315159,38.343037
6533,100.334159,82.101126,0.538314,0.467757,0.066206,1.22208,20000,0.315159,26.021087
6534,80.333853,84.439506,0.844511,0.446989,0.067884,0.951378,20000,0.315159,13.142709
6535,61.98903,70.734582,0.695716,0.132899,0.01527,0.876361,20000,0.315159,0.531798
6536,103.7352,130.863284,0.305244,0.324814,0.056007,0.792699,20000,0.315159,1.122344
6537,102.358547,143.157471,0.223112,0.553268,0.001827,0.715007,20000,0.315159,1.517396
6538,61.388499,72.718504,0.743665,0.376571,0.010169,0.844194,20000,0.315159,4.2819
6539,168.176906,138.426438,1.455759,0.224085,0.023266,1.214919,20000,0.315159,39.022215
6540,119.244179,98.120796,0.306843,0.36697,0.033115,1.215279,20000,0.315159,24.072074
6541,130.097031,173.373863,1.123119,0.460453,0.004494,0.750384,20000,0.315159,12.399396
6542,118.847287,138.024826,1.215479,0.280501,0.011423,0.861057,20000,0.315159,8.541722
6543,68.510863,91.757769,0.541495,0.457881,0.003566,0.746649,20000,0.315159,2.832489
6544,115.714037,96.700347,1.18372,0.285537,0.019572,1.196625,20000,0.315159,26.329859
6545,200.100469,171.166391,1.876923,0.544142,0.054258,1.169041,20000,0.315159,77.499461
6546,79.847145,107.381592,1.543339,0.169033,0.01373,0.743583,20000,0.315159,0.885896
6547,129.138805,132.325315,0.989977,0.216257,0.031108,0.975919,20000,0.315159,11.380618
6548,58.644539,59.984568,1.656172,0.221002,0.004219,0.97766,20000,0.315159,6.139593
6549,178.420643,170.640577,1.739069,0.175238,0.058133,1.045593,20000,0.315159,30.150354
6550,108.981937,109.357698,0.569284,0.200148,0.009088,0.996564,20000,0.315159,6.607345
6551,78.829184,109.237198,1.806375,0.536185,0.074396,0.721633,20000,0.315159,16.958716
6552,116.76655,108.496427,0.796484,0.361847,0.039844,1.076225,20000,0.315159,20.726015
6553,78.908229,109.331324,1.450007,0.202678,0.052527,0.721735,20000,0.315159,1.739779
6554,154.396932,123.18794,0.210927,0.388532,0.025821,1.253345,20000,0.315159,32.905042
6555,106.565434,114.802364,0.945389,0.496484,0.050237,0.928251,20000,0.315159,18.995669
6556,97.440956,132.497901,0.253898,0.416615,0.023643,0.735415,20000,0.315159,0.85802
6557,180.717731,168.723601,0.446782,0.595287,0.072778,1.071087,20000,0.315159,36.623283
6558,87.990984,109.439219,0.546321,0.234813,0.072718,0.804017,20000,0.315159,1.314821
6559,107.521756,127.080297,1.22834,0.17103,0.056958,0.846093,20000,0.315159,4.154547
6560,56.283765,54.109271,1.809135,0.469348,0.038208,1.040187,20000,0.315159,16.279524
6561,84.302624,95.792171,0.820402,0.550279,0.001039,0.880058,20000,0.315159,12.730226
6562,229.199555,180.780952,1.422881,0.2784,0.013456,1.26783,20000,0.315159,59.924407
6563,229.5503,191.685869,1.298464,0.190074,0.049443,1.197534,20000,0.315159,52.610514
6564,139.709238,110.326388,1.894553,0.398754,0.068998,1.266327,20000,0.315159,52.259284
6565,76.529696,84.839134,1.607897,0.161327,0.018497,0.902057,20000,0.315159,4.059941
6566,50.663178,61.629801,1.715676,0.274201,0.022251,0.822057,20000,0.315159,4.157032
6567,109.969484,115.511869,0.196019,0.328485,0.058726,0.952019,20000,0.315159,4.614191
6568,197.912261,170.94703,0.967273,0.35037,0.073785,1.15774,20000,0.315159,48.845183
6569,76.288821,76.437492,0.594188,0.206088,0.038541,0.998055,20000,0.315159,5.628832
6570,57.859947,77.426213,0.156392,0.355309,0.074191,0.747291,20000,0.315159,0.086707
6571,243.264859,187.220588,1.161494,0.198805,0.003987,1.299349,20000,0.315159,58.910035
6572,112.432999,93.378447,0.668068,0.326968,0.062887,1.204057,20000,0.315159,25.572879
6573,85.518979,77.050186,1.140137,0.50743,0.07934,1.109913,20000,0.315159,24.994308
6574,114.219264,151.155569,1.103844,0.405344,0.072335,0.75564,20000,0.315159,10.987888
6575,228.350061,195.204008,0.585914,0.359304,0.011233,1.169802,20000,0.315159,44.317623
6576,193.227218,149.545747,0.391356,0.178377,0.005477,1.292094,20000,0.315159,44.234135
6577,100.694577,110.712698,1.111717,0.338445,0.003913,0.909512,20000,0.315159,10.766537
6578,78.673471,109.020659,1.991023,0.43701,0.031367,0.721638,20000,0.315159,11.677896
6579,142.71673,136.885441,0.446509,0.407408,0.024987,1.0426,20000,0.315159,18.961069
6580,116.397355,154.835843,0.81972,0.339786,0.058029,0.751747,20000,0.315159,5.061939
6581,95.781132,120.438879,1.969988,0.264331,0.060885,0.795268,20000,0.315159,9.99
6582,77.67152,88.256828,0.72862,0.347007,0.004577,0.880062,20000,0.315159,5.478837
6583,78.494166,96.468991,0.100741,0.471717,0.011034,0.813673,20000,0.315159,0.486745
6584,88.060025,87.594833,0.613023,0.165796,0.068547,1.005311,20000,0.315159,6.682745
6585,66.606549,69.024662,1.762862,0.190402,0.024291,0.964967,20000,0.315159,7.039707
6586,209.596563,176.454674,1.170462,0.272025,0.052033,1.187821,20000,0.315159,49.832234
6587,167.886571,148.170386,1.708911,0.500342,0.062048,1.133064,20000,0.315159,58.025354
6588,95.507458,131.149072,1.87734,0.260038,0.005201,0.728236,20000,0.315159,4.045571
6589,173.443561,141.402556,1.541064,0.167425,0.007783,1.226594,20000,0.315159,36.372964
6590,202.375891,157.81727,1.933614,0.349644,0.011941,1.282343,20000,0.315159,63.585507
6591,88.72998,105.622603,0.486314,0.587825,0.037155,0.840066,20000,0.315159,9.254119
6592,113.589655,139.530224,0.892888,0.468416,0.012729,0.814086,20000,0.315159,11.883099
6593,148.490126,142.058807,1.929661,0.446539,0.005653,1.045272,20000,0.315159,39.121398
6594,172.994851,178.941646,1.335516,0.344719,0.045462,0.966767,20000,0.315159,29.011371
6595,119.589806,98.876778,1.126322,0.32531,0.059867,1.209483,20000,0.315159,32.288047
6596,88.665849,72.33011,1.442766,0.232295,0.027351,1.22585,20000,0.315159,21.527613
6597,183.630647,189.564027,0.134439,0.300902,0.035223,0.9687,20000,0.315159,5.952873
6598,168.605206,182.21596,0.997846,0.357752,0.015532,0.925304,20000,0.315159,19.869454
6599,109.297267,97.6018,0.705763,0.255421,0.035933,1.119828,20000,0.315159,17.489647
6600,157.128953,163.116385,1.872216,0.214463,0.000205,0.963293,20000,0.315159,16.419355
6601,73.359273,91.089361,0.617639,0.182669,0.024095,0.805355,20000,0.289376,0.423718
6602,104.233029,128.855631,0.874271,0.450218,0.037295,0.808913,20000,0.289376,10.717403
6603,37.412483,53.251821,0.907419,0.288111,0.079454,0.702558,20000,0.289376,0.891417
6604,53.932051,60.23712,0.65664,0.186496,0.017957,0.895329,20000,0.289376,1.333196
6605,88.247931,91.725369,1.25355,0.441131,0.045133,0.962089,20000,0.289376,17.743556
6606,76.565172,92.35952,0.321769,0.135789,0.025238,0.828991,20000,0.289376,0.023837
6607,155.065301,167.169326,0.590653,0.579015,0.052103,0.927594,20000,0.289376,25.060711
6608,223.601427,196.461117,1.349167,0.226428,0.011001,1.138146,20000,0.289376,40.503321
6609,101.83435,113.018368,1.022545,0.482819,0.02806,0.901042,20000,0.289376,17.06054
6610,77.664774,107.299561,0.673375,0.255344,0.039017,0.723813,20000,0.289376,0.672764
6611,130.417637,113.884832,0.20352,0.19322,0.004434,1.145171,20000,0.289376,16.97255
6612,104.649941,121.247749,0.568345,0.290413,0.066513,0.863108,20000,0.289376,4.900551
6613,99.262367,102.463608,1.32397,0.118114,0.034867,0.968757,20000,0.289376,6.084885
6614,62.152817,86.592701,1.316552,0.113771,0.003166,0.71776,20000,0.289376,0.017383
6615,91.396054,89.608477,0.779636,0.250645,0.017768,1.019949,20000,0.289376,9.748778
6616,203.716113,182.689655,0.827471,0.379177,0.007909,1.115094,20000,0.289376,38.853384
6617,67.86356,55.991139,0.471747,0.475842,0.045657,1.212041,20000,0.289376,16.245592
6618,99.311978,78.272882,1.136884,0.282476,0.025935,1.268792,20000,0.289376,25.413133
6619,204.642791,178.024306,1.216098,0.473917,0.021675,1.149522,20000,0.289376,56.774353
6620,85.080142,105.100783,1.062472,0.551068,0.066358,0.80951,20000,0.289376,14.752292
6621,210.943886,182.399985,1.598648,0.570895,0.053148,1.156491,20000,0.289376,77.056696
6622,92.442909,94.0456,0.312292,0.361667,0.066098,0.982958,20000,0.289376,7.508952
6623,104.463856,84.778331,1.572403,0.5158,0.031645,1.2322,20000,0.289376,36.657176
6624,82.808667,83.242456,1.086628,0.293895,0.030049,0.994789,20000,0.289376,11.13575
6625,165.0579,149.429763,1.976411,0.5844,0.049149,1.104585,20000,0.289376,65.346168
6626,194.278499,190.430132,1.434694,0.359441,0.071497,1.020209,20000,0.289376,43.358198
6627,159.780936,137.368423,1.526949,0.579961,0.011396,1.163156,20000,0.289376,53.638009
6628,136.749885,119.409858,0.974834,0.552922,0.018663,1.145214,20000,0.289376,37.118255
6629,232.728821,183.389903,0.850433,0.404669,0.014921,1.269038,20000,0.289376,62.222147
6630,121.727601,103.817088,1.898982,0.410384,0.024757,1.17252,20000,0.289376,37.784056
6631,101.724739,80.615967,1.196966,0.197102,0.061356,1.261844,20000,0.289376,27.204171
6632,79.412412,83.251632,1.276489,0.127793,0.037946,0.953884,20000,0.289376,4.656402
6633,93.163061,91.803196,1.088416,0.157622,0.025299,1.014813,20000,0.289376,8.197176
6634,210.671816,166.786847,1.724907,0.535608,0.035807,1.26312,20000,0.289376,82.055627
6635,104.494752,86.243026,0.051603,0.359808,0.063528,1.211631,20000,0.289376,18.561754
6636,110.148816,87.966952,0.784559,0.35024,0.053978,1.252161,20000,0.289376,28.81898
6637,88.069396,69.603364,1.199255,0.183504,0.005899,1.265304,20000,0.289376,19.659632
6638,155.741541,148.701856,0.518974,0.398604,0.021215,1.047341,20000,0.289376,21.60813
6639,97.056991,79.444932,1.803603,0.566991,0.016185,1.221689,20000,0.289376,36.787412
6640,97.056875,127.673129,0.652124,0.544923,0.044213,0.760198,20000,0.289376,8.852805
6641,88.490893,121.645854,0.906486,0.590394,0.045232,0.727447,20000,0.289376,11.149531
6642,97.725469,87.374706,0.505738,0.316303,0.047923,1.118464,20000,0.289376,15.837091
6643,138.7707,119.886213,0.212782,0.588915,0.003206,1.15752,20000,0.289376,25.649129
6644,77.601734,105.811321,0.297922,0.577073,0.025005,0.733397,20000,0.289376,2.584582
6645,146.470018,173.315707,0.929331,0.583813,0.057913,0.845105,20000,0.289376,25.551075
6646,55.033191,76.469115,1.059355,0.298793,0.049881,0.719679,20000,0.289376,1.961781
6647,190.927132,169.685513,1.102116,0.146484,0.002197,1.125182,20000,0.289376,24.952352
6648,71.25478,60.408041,1.149583,0.516036,0.013281,1.179558,20000,0.289376,21.11823
6649,110.540535,95.433582,0.549383,0.538691,0.020445,1.158298,20000,0.289376,25.460756
6650,133.070108,137.577606,0.602723,0.511956,0.023806,0.967237,20000,0.289376,19.633886
6651,77.890633,72.587727,1.919463,0.125974,0.062249,1.073055,20000,0.289376,14.260611
6652,132.475562,160.825673,0.347827,0.45653,0.070662,0.823721,20000,0.289376,6.058448
6653,84.845369,90.28946,1.070973,0.452166,0.003778,0.939704,20000,0.289376,13.702293
6654,179.982991,185.623045,1.961887,0.26036,0.005041,0.969616,20000,0.289376,24.675194
6655,194.947891,172.545547,1.634638,0.217486,0.07751,1.129834,20000,0.289376,47.905078
6656,91.061208,97.627278,1.372078,0.185954,0.050245,0.932743,20000,0.289376,7.860637
6657,110.453116,144.759757,1.930816,0.47817,0.060847,0.76301,20000,0.289376,22.718662
6658,148.852271,177.723787,0.325157,0.280075,0.054006,0.837548,20000,0.289376,2.219235
6659,138.229564,108.866619,0.982417,0.305149,0.028607,1.269715,20000,0.289376,36.545403
6660,189.993723,179.611482,1.948709,0.420292,0.007884,1.057804,20000,0.289376,48.967539
6661,173.773824,157.164154,0.405848,0.411983,0.018787,1.105684,20000,0.289376,27.353621
6662,113.984347,96.888601,0.137252,0.137741,0.045808,1.176447,20000,0.289376,17.738242
6663,96.662338,88.303841,1.569753,0.467798,0.063131,1.094656,20000,0.289376,29.788589
6664,74.703814,64.043413,0.788139,0.512423,0.035549,1.166456,20000,0.289376,18.986079
6665,42.158363,54.463954,1.55584,0.487995,0.009393,0.77406,20000,0.289376,6.34928
6666,198.023915,168.025723,0.383027,0.245345,0.008547,1.178533,20000,0.289376,32.632287
6667,54.145547,64.954527,0.721611,0.332458,0.015121,0.833592,20000,0.289376,2.826588
6668,55.508827,60.810288,0.376911,0.20477,0.027366,0.91282,20000,0.289376,1.146346
6669,99.437208,83.145599,1.895881,0.448738,0.00787,1.195941,20000,0.289376,32.097985
6670,101.47956,84.255185,1.12467,0.453599,0.022592,1.204431,20000,0.289376,28.486355
6671,193.982367,151.912634,1.221305,0.430513,0.056876,1.276934,20000,0.289376,64.072319
6672,142.454645,165.707399,0.232894,0.201067,0.020783,0.859676,20000,0.289376,0.437557
6673,45.677825,50.357563,1.590074,0.362524,0.016355,0.90707,20000,0.289376,6.8902
6674,127.413839,126.580756,0.600701,0.544006,0.013799,1.006581,20000,0.289376,22.181943
6675,44.024166,53.498943,0.539618,0.356219,0.057075,0.822898,20000,0.289376,2.004028
6676,103.519441,90.975621,0.338958,0.50871,0.041048,1.137881,20000,0.289376,19.372567
6677,132.817958,176.774213,1.109913,0.139885,0.045587,0.751342,20000,0.289376,0.558081
6678,152.401194,117.730758,1.867698,0.111178,0.001505,1.294489,20000,0.289376,35.412536
6679,158.129637,163.791063,0.329914,0.379007,0.068052,0.965435,20000,0.289376,12.723661
6680,109.651643,103.871869,0.211404,0.137475,0.0549,1.055643,20000,0.289376,7.542033
6681,237.753777,196.016178,0.547828,0.157866,0.028258,1.212929,20000,0.289376,44.946531
6682,76.007726,84.045518,1.262958,0.145518,0.074569,0.904364,20000,0.289376,4.645087
6683,205.167236,169.12121,0.285504,0.396285,0.019827,1.213137,20000,0.289376,40.702698
6684,60.26648,68.076598,0.696861,0.326401,0.029384,0.885275,20000,0.289376,4.157562
6685,180.194979,155.393403,1.544516,0.552263,0.050384,1.159605,20000,0.289376,65.571102
6686,50.046499,57.38581,1.226232,0.41982,0.002925,0.872106,20000,0.289376,6.6602
6687,229.638012,186.293651,0.834406,0.429093,0.0508,1.232667,20000,0.289376,64.210555
6688,139.276371,190.785082,0.48191,0.431711,0.001174,0.730017,20000,0.289376,3.683918
6689,104.085794,145.774513,0.612846,0.462074,0.042964,0.714019,20000,0.289376,4.78227
6690,139.576526,148.963971,1.987898,0.243645,0.008762,0.936982,20000,0.289376,16.30283
6691,189.156355,160.993568,0.190511,0.388255,0.052162,1.174931,20000,0.289376,32.436019
6692,113.490077,139.704907,1.119598,0.430014,0.029966,0.812356,20000,0.289376,13.263003
6693,93.378061,123.842249,1.898042,0.162432,0.039873,0.754008,20000,0.289376,2.213247
6694,60.979506,74.473084,1.608365,0.390835,0.023851,0.818813,20000,0.289376,8.078645
6695,94.190966,90.329292,0.678552,0.218745,0.046236,1.042751,20000,0.289376,10.242744
6696,202.063493,166.075041,0.073825,0.312054,0.003984,1.2167,20000,0.289376,36.041455
6697,240.601411,187.663155,1.549494,0.286157,0.049254,1.282092,20000,0.289376,73.622599
6698,181.472058,170.85664,1.351372,0.424565,0.039174,1.062131,20000,0.289376,44.751233
6699,82.661584,76.281735,1.310705,0.444469,0.067051,1.083635,20000,0.289376,22.121332
6700,157.317428,138.601812,1.03187,0.426171,0.072191,1.135032,20000,0.289376,40.86913
6701,145.962275,137.725673,0.607477,0.367538,0.066333,1.059804,20000,0.355666,23.283849
6702,162.12236,173.614085,1.535774,0.426824,0.018557,0.933809,20000,0.355666,30.648983
6703,143.174822,141.632415,0.067514,0.217144,0.025379,1.01089,20000,0.355666,4.230785
6704,146.309245,149.142782,0.357918,0.106027,0.049678,0.981001,20000,0.355666,3.627021
6705,102.052299,145.369499,0.551351,0.312597,0.074461,0.70202,20000,0.355666,1.12093
6706,115.450614,99.078888,0.939495,0.579394,0.018012,1.165239,20000,0.355666,33.510632
6707,84.858436,76.728002,1.15351,0.294468,0.073916,1.105964,20000,0.355666,18.650722
6708,80.628888,77.213857,0.381832,0.53264,0.00951,1.044228,20000,0.355666,12.292593
6709,84.324597,116.672348,1.050174,0.538117,0.061632,0.722747,20000,0.355666,10.990589
6710,104.766033,129.242689,0.555693,0.570802,0.07899,0.810615,20000,0.355666,10.905657
6711,105.336472,96.425634,0.989571,0.185372,0.067008,1.092412,20000,0.355666,17.09887
6712,135.385852,121.700243,1.899053,0.441716,0.023926,1.112453,20000,0.355666,40.464753
6713,174.341748,153.711759,0.651159,0.111567,0.021031,1.134212,20000,0.355666,23.190989
6714,69.888471,62.953529,1.958218,0.386725,0.047587,1.11016,20000,0.355666,20.669786
6715,97.347691,97.924358,0.962509,0.302739,0.006855,0.994111,20000,0.355666,11.629715
6716,94.505631,125.923117,0.291135,0.265665,0.023556,0.750503,20000,0.355666,0.145023
6717,123.790212,154.583591,1.275043,0.44714,0.045575,0.800798,20000,0.355666,16.954708
6718,165.427603,179.674303,0.214948,0.13637,0.047584,0.920708,20000,0.355666,0.686686
6719,145.396183,174.281472,0.74458,0.233284,0.035368,0.834261,20000,0.355666,3.963763
6720,93.990025,100.242372,1.591354,0.483561,0.044583,0.937628,20000,0.355666,22.639115
6721,182.480356,140.944936,1.303824,0.10714,0.040815,1.294693,20000,0.355666,48.94715
6722,89.086186,73.724597,1.89359,0.222364,0.033475,1.208365,20000,0.355666,22.731754
6723,97.381784,124.523558,0.315001,0.213035,0.07197,0.782035,20000,0.355666,0.167808
6724,165.955783,181.445821,1.138742,0.448611,0.002984,0.91463,20000,0.355666,26.328459
6725,189.212446,148.06721,0.740733,0.414096,0.011962,1.277882,20000,0.355666,50.533675
6726,200.203286,165.812116,1.120111,0.296273,0.076324,1.20741,20000,0.355666,53.433125
6727,125.91472,131.807357,0.381335,0.455839,0.037163,0.955294,20000,0.355666,12.160211
6728,102.588385,140.437578,1.041196,0.343169,0.01368,0.730491,20000,0.355666,4.621135
6729,102.994995,98.418785,1.070449,0.240101,0.071634,1.046497,20000,0.355666,16.546616
6730,85.655448,108.964478,1.847353,0.218122,0.030586,0.786086,20000,0.355666,4.399104
6731,118.152022,135.241189,0.372005,0.288334,0.053466,0.873639,20000,0.355666,3.320877
6732,64.713001,84.145835,1.909426,0.394542,0.029467,0.769058,20000,0.355666,9.342957
6733,127.184371,177.223237,0.666989,0.277664,0.040309,0.717651,20000,0.355666,1.36172
6734,130.281502,178.101804,1.950338,0.30945,0.031779,0.7315,20000,0.355666,11.122256
6735,83.027568,78.607205,1.321458,0.547407,0.04869,1.056234,20000,0.355666,24.777251
6736,203.688564,176.31527,0.199493,0.379369,0.060329,1.155252,20000,0.355666,32.769275
6737,187.108875,167.964219,1.550985,0.561493,0.001926,1.113981,20000,0.355666,57.7489
6738,160.925129,160.947462,1.157433,0.157348,0.045398,0.999861,20000,0.355666,15.345788
6739,156.265745,170.488923,1.054995,0.172457,0.029828,0.916574,20000,0.355666,7.51739
6740,47.008635,56.798312,0.591905,0.425707,0.004274,0.827641,20000,0.355666,3.007013
6741,138.92686,138.059339,0.340116,0.400799,0.00132,1.006284,20000,0.355666,13.427143
6742,195.431482,199.164202,0.222142,0.19669,0.005837,0.981258,20000,0.355666,5.633121
6743,103.223983,125.882091,0.196825,0.116526,0.031003,0.820005,20000,0.355666,0.000199
6744,101.207038,91.570735,0.463289,0.515124,0.04644,1.105233,20000,0.355666,19.786486
6745,235.626589,185.526263,0.640561,0.22866,0.05044,1.270044,20000,0.355666,57.427339
6746,146.610681,122.306205,0.736773,0.572764,0.063933,1.198718,20000,0.355666,43.375594
6747,185.751306,173.035993,0.531055,0.143817,0.032397,1.073484,20000,0.355666,17.755197
6748,238.708804,187.603685,0.796607,0.38975,0.014278,1.27241,20000,0.355666,64.255797
6749,126.811654,155.048463,1.724335,0.307936,0.026081,0.817884,20000,0.355666,13.029011
6750,57.634061,75.399733,1.820332,0.531172,0.041456,0.76438,20000,0.355666,12.063555
6751,63.847296,60.568958,1.01934,0.123813,0.019102,1.054126,20000,0.355666,5.850441
6752,212.405933,174.418236,0.731452,0.534523,0.007426,1.217797,20000,0.355666,58.23687
6753,216.711604,191.335355,0.771289,0.207732,0.067646,1.132627,20000,0.355666,38.098449
6754,92.323351,93.200628,1.593787,0.203697,0.004011,0.990587,20000,0.355666,9.294951
6755,157.164094,140.485349,1.318844,0.354496,0.051181,1.118722,20000,0.355666,37.725586
6756,77.612973,101.468656,0.158769,0.449296,0.003363,0.764896,20000,0.355666,0.463753
6757,156.043767,183.798588,0.392308,0.32526,0.034958,0.848993,20000,0.355666,4.635779
6758,80.825061,92.892309,1.376185,0.230405,0.028527,0.870094,20000,0.355666,5.513912
6759,152.201663,194.113093,1.483265,0.217775,0.026423,0.784088,20000,0.355666,5.683245
6760,81.301024,72.108228,0.990179,0.467468,0.062899,1.127486,20000,0.355666,21.509728
6761,124.486424,139.054509,0.08452,0.297732,0.014412,0.895235,20000,0.355666,0.552201
6762,139.481229,183.637133,1.702292,0.487641,0.030223,0.759548,20000,0.355666,24.268041
6763,74.096131,78.252301,0.385528,0.411196,0.051356,0.946888,20000,0.355666,6.452123
6764,148.749724,127.089034,1.345121,0.224314,0.073678,1.170437,20000,0.355666,35.748333
6765,154.054576,196.151013,0.783102,0.395899,0.062442,0.785388,20000,0.355666,10.587846
6766,228.748268,197.619243,1.729072,0.424004,0.078787,1.15752,20000,0.355666,77.743891
6767,155.404012,199.490465,1.624184,0.189405,0.067709,0.779005,20000,0.355666,6.919321
6768,155.196531,157.279995,1.203256,0.201204,0.075399,0.986753,20000,0.355666,19.565779
6769,175.342021,172.378646,0.74775,0.390329,0.069432,1.017191,20000,0.355666,28.753699
6770,209.308469,166.737648,1.698128,0.142818,0.06101,1.255316,20000,0.355666,59.604618
6771,90.419796,128.722662,1.096321,0.109448,0.010562,0.702439,20000,0.355666,0.005828
6772,181.548151,170.143213,1.349415,0.152738,0.004364,1.067031,20000,0.355666,19.298704
6773,96.299834,106.786794,1.272333,0.242217,0.010615,0.901795,20000,0.355666,7.041276
6774,201.207274,186.443712,1.73262,0.350035,0.008181,1.079185,20000,0.355666,44.37107
6775,201.827146,161.29446,0.595823,0.52313,0.006309,1.251296,20000,0.355666,52.724773
6776,102.531665,93.909587,1.579143,0.441028,0.006335,1.091813,20000,0.355666,26.060838
6777,57.823567,62.490101,0.598156,0.104495,0.040239,0.925324,20000,0.355666,0.738757
6778,221.154121,176.168648,0.618359,0.58983,0.024861,1.255355,20000,0.355666,64.992563
6779,121.469522,136.670322,1.043153,0.207024,0.056672,0.888778,20000,0.355666,7.15847
6780,122.331965,149.581805,0.496684,0.109009,0.075224,0.817827,20000,0.355666,0.068251
6781,135.894175,136.232942,1.585685,0.363513,0.003247,0.997513,20000,0.355666,24.561971
6782,142.084333,138.220277,1.582505,0.234196,0.038746,1.027956,20000,0.355666,23.067859
6783,111.030625,108.236177,0.16729,0.300387,0.049222,1.025818,20000,0.355666,7.388883
6784,136.069369,128.021681,1.450459,0.413521,0.016199,1.062862,20000,0.355666,31.311307
6785,174.617641,140.597625,1.714475,0.454605,0.007659,1.241967,20000,0.355666,57.349438
6786,41.937042,50.557498,0.258667,0.501869,0.000839,0.829492,20000,0.355666,1.590054
6787,173.892507,194.984352,0.186703,0.132218,0.029423,0.891828,20000,0.355666,0.112818
6788,96.296607,74.900799,0.261747,0.592351,0.012411,1.285655,20000,0.355666,24.519394
6789,133.895867,180.395374,1.773513,0.342289,0.047239,0.742236,20000,0.355666,14.218117
6790,97.227802,109.660017,0.730105,0.228721,0.046489,0.886629,20000,0.355666,4.251432
6791,195.86248,170.718005,0.803748,0.351152,0.027079,1.147287,20000,0.355666,40.453224
6792,137.457005,170.746722,0.732956,0.338373,0.028931,0.805035,20000,0.355666,6.402711
6793,144.553409,157.315529,0.85224,0.445978,0.065438,0.918876,20000,0.355666,22.487621
6794,115.630528,113.035887,1.708247,0.571543,0.073419,1.022954,20000,0.355666,39.643347
6795,94.925773,114.999821,0.422812,0.456777,0.006442,0.825443,20000,0.355666,4.975317
6796,179.817013,145.323036,0.896869,0.251705,0.005662,1.237361,20000,0.355666,39.154591
6797,118.922615,117.097174,0.85601,0.596298,0.011127,1.015589,20000,0.355666,27.84653
6798,113.550744,111.240948,1.255974,0.508567,0.000172,1.020764,20000,0.355666,27.000622
6799,86.973329,115.569187,0.208075,0.199137,0.029476,0.752565,20000,0.355666,0.00252
6800,149.636418,130.466527,1.952025,0.534433,0.060969,1.146933,20000,0.355666,57.84715
6801,225.888376,193.903998,0.121395,0.437382,0.052712,1.16495,20000,0.299269,35.780653
6802,147.231411,114.479131,1.99838,0.486874,0.014439,1.286098,20000,0.299269,56.017027
6803,87.940269,68.576155,1.928497,0.428177,0.022442,1.282374,20000,0.299269,30.913967
6804,210.742697,184.825569,0.0919,0.308861,0.002311,1.140225,20000,0.299269,26.619052
6805,218.407376,198.65537,0.556131,0.217693,0.068511,1.099429,20000,0.299269,30.955847
6806,127.112664,170.606953,0.4664,0.115932,0.05015,0.745061,20000,0.299269,0.001467
6807,177.528311,163.251403,1.951124,0.361595,0.001496,1.087454,20000,0.299269,41.508923
6808,80.440187,105.342996,0.83768,0.282615,0.042171,0.763603,20000,0.299269,2.309188
6809,176.621331,143.063453,1.419782,0.460847,0.007309,1.234566,20000,0.299269,55.285139
6810,84.170841,81.537644,0.728747,0.226549,0.076668,1.032294,20000,0.299269,10.393269
6811,130.940822,110.307773,1.596134,0.123237,0.027726,1.18705,20000,0.299269,26.017784
6812,217.778884,182.61535,0.694718,0.361261,0.070844,1.192555,20000,0.299269,51.750367
6813,161.550679,127.336255,1.858196,0.219124,0.02884,1.268694,20000,0.299269,44.704692
6814,175.702101,145.256596,0.486495,0.156697,0.044926,1.209598,20000,0.299269,33.995967
6815,148.235557,136.446104,1.546079,0.544407,0.014513,1.086404,20000,0.299269,44.819418
6816,122.947221,106.007851,1.278702,0.119304,0.075069,1.159794,20000,0.299269,26.742314
6817,111.312681,91.767075,1.511927,0.134123,0.069386,1.212991,20000,0.299269,28.881742
6818,228.315922,187.381008,1.132027,0.548926,9.1e-05,1.218458,20000,0.299269,70.684482
6819,131.2478,128.785878,1.899285,0.419176,0.007842,1.019116,20000,0.299269,31.128845
6820,65.879683,77.714297,0.821867,0.442965,0.078569,0.847716,20000,0.299269,7.943862
6821,133.571948,157.930657,1.460608,0.335479,0.071409,0.845763,20000,0.299269,18.165192
6822,139.27947,195.488857,0.454342,0.103502,0.029755,0.712468,20000,0.299269,0.0
6823,209.660544,165.941365,1.357943,0.455142,0.037808,1.263462,20000,0.299269,70.684053
6824,168.375305,141.8282,0.563993,0.469708,0.037773,1.187178,20000,0.299269,40.041855
6825,103.142614,111.973811,1.301435,0.146485,0.043189,0.921132,20000,0.299269,5.672794
6826,72.802223,73.007109,0.988731,0.519749,0.009178,0.997194,20000,0.299269,15.173458
6827,241.188687,188.361529,1.104047,0.135393,0.05895,1.280456,20000,0.299269,64.588408
6828,115.825174,149.209776,0.976989,0.538686,0.055108,0.776257,20000,0.299269,16.197717
6829,217.258964,178.907887,0.376788,0.152883,0.005453,1.214362,20000,0.299269,38.869292
6830,215.509057,194.146576,0.940872,0.466216,0.011237,1.110033,20000,0.299269,49.354624
6831,169.084911,178.383944,0.832172,0.597144,0.011445,0.947871,20000,0.299269,33.131806
6832,102.756355,85.567006,0.470667,0.565315,0.07429,1.200888,20000,0.299269,26.685703
6833,73.850986,59.650333,1.148675,0.440391,0.048605,1.238065,20000,0.299269,22.703755
6834,176.855414,142.313259,1.548351,0.59614,0.006854,1.242719,20000,0.299269,65.541178
6835,81.683374,87.45939,0.929952,0.398371,0.066144,0.933958,20000,0.299269,11.984906
6836,53.717834,59.478196,0.282977,0.578515,0.008278,0.903152,20000,0.299269,4.502201
6837,165.896464,155.84045,1.172946,0.190195,0.060211,1.064528,20000,0.299269,25.836004
6838,188.281265,152.6854,1.123357,0.22625,0.056705,1.233132,20000,0.299269,47.349255
6839,138.884373,109.566158,0.752678,0.26932,0.036336,1.267585,20000,0.299269,34.175048
6840,159.426548,125.069812,0.944506,0.480173,0.042315,1.2747,20000,0.299269,49.602272
6841,138.225571,135.281591,1.554309,0.40358,0.02001,1.021762,20000,0.299269,29.910521
6842,88.025445,104.424981,0.221263,0.186448,0.025721,0.842954,20000,0.299269,0.088827
6843,112.852465,146.182468,1.343078,0.234653,0.061767,0.771997,20000,0.299269,5.357377
6844,107.094305,83.450566,1.027278,0.170822,0.001954,1.283326,20000,0.299269,24.474709
6845,69.475194,66.107628,1.014838,0.288611,0.044582,1.050941,20000,0.299269,11.296175
6846,83.384915,92.70131,0.356176,0.507986,0.064677,0.899501,20000,0.299269,7.42167
6847,194.629907,196.685515,0.585731,0.100904,0.071605,0.989549,20000,0.299269,9.462502
6848,173.672174,148.21632,1.337724,0.460124,0.012772,1.171748,20000,0.299269,49.420099
6849,95.361323,96.636607,0.228307,0.441538,0.050424,0.986803,20000,0.299269,8.066773
6850,97.748975,129.425995,1.787303,0.290152,0.072119,0.75525,20000,0.299269,9.697214
6851,138.359582,165.295922,1.442475,0.342047,0.018079,0.837042,20000,0.299269,14.957339
6852,132.429461,151.686599,1.257754,0.129549,0.060832,0.873047,20000,0.299269,4.451853
6853,159.996298,186.440386,1.500026,0.489372,0.055379,0.858163,20000,0.299269,32.488339
6854,69.195814,66.385684,1.96722,0.391086,0.050959,1.04233,20000,0.299269,18.504868
6855,202.012887,170.227871,1.014656,0.386507,0.004634,1.18672,20000,0.299269,47.652621
6856,79.804547,98.98647,1.494202,0.393196,0.004712,0.806217,20000,0.299269,9.071528
6857,133.677337,118.577966,1.15833,0.234828,0.076194,1.127337,20000,0.299269,28.752894
6858,74.152719,70.806124,1.883611,0.127796,0.033745,1.047264,20000,0.299269,9.702628
6859,63.731359,73.590034,0.790117,0.29386,0.017036,0.866032,20000,0.299269,3.503734
6860,125.217443,174.644143,1.637638,0.499748,0.060236,0.716986,20000,0.299269,22.163779
6861,45.523423,60.836166,1.011145,0.517965,0.037401,0.748295,20000,0.299269,5.311757
6862,108.150058,151.7553,1.541956,0.116491,0.015498,0.712661,20000,0.299269,0.098119
6863,139.482478,110.988736,0.884126,0.575127,0.049045,1.256726,20000,0.299269,46.292679
6864,92.693765,124.773515,0.247946,0.336828,0.072533,0.742896,20000,0.299269,0.355015
6865,222.08068,173.227632,0.485452,0.248717,0.027072,1.282016,20000,0.299269,52.301787
6866,118.021074,129.317221,0.865913,0.316992,0.028651,0.912648,20000,0.299269,10.469652
6867,121.07277,136.418037,1.664756,0.563537,0.019,0.887513,20000,0.299269,29.629428
6868,116.352486,93.625508,1.888538,0.551799,0.028625,1.242743,20000,0.299269,44.571129
6869,113.718306,142.86383,0.240476,0.259922,0.073599,0.795991,20000,0.299269,0.321684
6870,214.897946,199.289687,0.987573,0.463013,0.066846,1.078319,20000,0.299269,51.805723
6871,115.252118,133.132241,1.271417,0.349492,0.04405,0.865697,20000,0.299269,14.121538
6872,136.037176,115.265431,1.711773,0.49194,0.076032,1.180208,20000,0.299269,50.037316
6873,108.700029,115.796107,0.46226,0.556007,0.050186,0.938719,20000,0.299269,14.533327
6874,105.757255,102.569489,0.487702,0.135957,0.057102,1.031079,20000,0.299269,7.597758
6875,80.494659,79.144761,1.04448,0.491564,0.015125,1.017056,20000,0.299269,17.060787
6876,76.748343,66.757849,1.657623,0.407065,0.044943,1.149653,20000,0.299269,22.973176
6877,160.415979,126.481729,0.195019,0.399468,0.058636,1.268294,20000,0.299269,36.057145
6878,169.073599,175.039547,0.522144,0.150493,0.068241,0.965917,20000,0.299269,7.468761
6879,50.717254,57.645648,1.093327,0.524484,0.01064,0.879811,20000,0.299269,8.931738
6880,123.885001,135.360312,0.800991,0.390106,0.058126,0.915224,20000,0.299269,15.482677
6881,122.866517,174.835328,0.202643,0.20184,0.060015,0.702756,20000,0.299269,0.000137
6882,67.575955,72.595509,0.48153,0.303737,0.053634,0.930856,20000,0.299269,4.392949
6883,81.24868,109.585956,1.024262,0.28171,0.024014,0.741415,20000,0.299269,2.298685
6884,108.37002,112.81543,1.495947,0.517328,0.044705,0.960596,20000,0.299269,27.543616
6885,176.240054,198.498281,1.391695,0.290252,0.023431,0.887867,20000,0.299269,18.016024
6886,90.868182,84.854519,0.953654,0.226428,0.004331,1.07087,20000,0.299269,11.410864
6887,112.576784,128.915193,0.271735,0.342518,0.044047,0.873262,20000,0.299269,3.097759
6888,66.525592,91.103395,0.950561,0.560987,0.07263,0.730221,20000,0.299269,8.705419
6889,88.73966,108.428204,1.949641,0.375016,0.036656,0.818419,20000,0.299269,14.489427
6890,153.514757,135.168281,1.72493,0.288404,0.034403,1.135731,20000,0.299269,36.688902
6891,203.244861,172.051699,0.576788,0.3628,0.074344,1.181301,20000,0.299269,44.671727
6892,163.800756,139.243561,1.189133,0.470012,0.000603,1.176361,20000,0.299269,44.383026
6893,172.230603,199.810112,1.829764,0.588317,0.060779,0.861971,20000,0.299269,51.579623
6894,113.32051,106.502715,0.050702,0.497419,0.01504,1.064015,20000,0.299269,9.022501
6895,137.548509,173.134154,1.764823,0.171163,0.036126,0.794462,20000,0.299269,4.530394
6896,140.814086,111.114914,1.67206,0.318531,0.055772,1.267283,20000,0.299269,45.28343
6897,182.331859,144.201791,0.21762,0.14252,0.036574,1.264422,20000,0.299269,39.152349
6898,115.446432,98.58904,0.67916,0.389802,0.033223,1.170986,20000,0.299269,25.407064
6899,73.88105,84.235041,1.771372,0.195951,0.018033,0.877082,20000,0.299269,4.911724
6900,102.804911,105.982989,0.705355,0.246799,0.03457,0.970013,20000,0.299269,8.26272
6901,119.588759,92.066489,0.338011,0.188815,0.078114,1.298939,20000,0.321344,30.05419
6902,211.578652,175.465113,0.62947,0.417175,0.057192,1.205816,20000,0.321344,51.630385
6903,222.830533,181.497459,0.183213,0.376682,0.005628,1.227734,20000,0.321344,43.249684
6904,90.890281,108.453001,1.59483,0.325831,0.064032,0.838061,20000,0.321344,12.035151
6905,67.724127,62.228837,1.148121,0.312334,0.053847,1.088308,20000,0.321344,13.801204
6906,215.667982,180.290557,1.045638,0.346035,0.017221,1.196225,20000,0.321344,50.831782
6907,74.477011,91.069028,0.134066,0.477545,0.028518,0.817808,20000,0.321344,0.931889
6908,77.772419,75.38558,0.724285,0.438045,0.010562,1.031662,20000,0.321344,12.754064
6909,92.264671,121.021684,1.928953,0.590594,0.030242,0.762381,20000,0.321344,22.670485
6910,174.149678,189.722094,1.670155,0.259231,0.030516,0.91792,20000,0.321344,20.108597
6911,95.724796,112.349857,0.245221,0.19067,0.040743,0.852024,20000,0.321344,0.218941
6912,229.639358,185.359914,1.459633,0.365691,0.01695,1.238884,20000,0.321344,64.231626
6913,58.273918,54.953692,0.954329,0.326011,0.009521,1.060419,20000,0.321344,9.240508
6914,114.424097,119.990018,1.720887,0.207474,0.062506,0.953613,20000,0.321344,15.491367
6915,60.591876,61.811733,0.151255,0.488813,0.038358,0.980265,20000,0.321344,4.216918
6916,74.986895,69.444267,1.165474,0.571778,0.052601,1.079814,20000,0.321344,22.30594
6917,139.504155,112.994011,1.373987,0.240374,0.036812,1.234615,20000,0.321344,35.129221
6918,78.108316,62.282775,0.767052,0.313944,0.027379,1.254092,20000,0.321344,19.243637
6919,157.848142,134.515969,0.844097,0.272319,0.050603,1.173453,20000,0.321344,33.310327
6920,204.334552,164.168901,1.654317,0.147189,0.010286,1.244661,20000,0.321344,44.295819
6921,71.247892,101.611905,0.116886,0.229371,0.00901,0.701177,20000,0.321344,0.0
6922,173.997834,156.886546,1.177432,0.466199,0.048074,1.109068,20000,0.321344,46.000817
6923,115.361003,117.969757,1.394665,0.269851,0.078549,0.977886,20000,0.321344,19.366335
6924,52.406474,50.27057,1.357433,0.325329,0.022758,1.042488,20000,0.321344,9.662298
6925,116.262534,126.908749,1.938147,0.157821,0.060774,0.916111,20000,0.321344,11.766711
6926,115.178486,128.520735,1.071329,0.441621,0.053381,0.896186,20000,0.321344,18.143797
6927,60.400109,71.803258,0.437604,0.397502,0.023295,0.841189,20000,0.321344,2.783113
6928,58.325296,52.128655,0.211569,0.35656,0.057949,1.118872,20000,0.321344,7.958602
6929,88.960952,91.287556,0.768772,0.385197,0.021329,0.974513,20000,0.321344,11.34832
6930,69.160056,54.220814,1.494967,0.512968,0.050593,1.275526,20000,0.321344,25.977785
6931,86.859945,111.041109,1.063609,0.597585,0.064523,0.782232,20000,0.321344,15.39064
6932,136.500201,131.037077,0.556612,0.177098,0.029045,1.041691,20000,0.321344,11.473254
6933,175.907274,169.78974,0.362843,0.446935,0.03549,1.03603,20000,0.321344,22.79034
6934,105.841786,100.868043,0.82469,0.241366,0.062871,1.049309,20000,0.321344,14.540354
6935,47.450633,57.937189,1.57847,0.41056,0.019996,0.819001,20000,0.321344,6.911148
6936,220.475276,181.452514,0.981184,0.478741,0.038959,1.215058,20000,0.321344,64.626309
6937,112.092983,110.558153,1.144472,0.320811,0.060856,1.013883,20000,0.321344,19.485351
6938,54.424927,63.490572,0.765242,0.288346,0.04867,0.857213,20000,0.321344,2.997115
6939,209.117959,188.936694,0.47549,0.490012,0.02641,1.106815,20000,0.321344,39.67569
6940,46.405641,65.105101,0.395265,0.564184,0.042738,0.71278,20000,0.321344,1.857838
6941,66.648712,71.944393,1.546695,0.13751,0.020165,0.926392,20000,0.321344,3.3238
6942,190.665909,179.112858,1.531738,0.303613,0.053537,1.064502,20000,0.321344,40.931476
6943,112.06055,119.668617,1.360193,0.38147,0.054914,0.936424,20000,0.321344,20.26735
6944,96.769189,74.711713,1.742796,0.430015,0.011029,1.295235,20000,0.321344,32.942482
6945,46.115575,60.782132,1.427312,0.341362,0.06086,0.758703,20000,0.321344,4.347543
6946,99.719927,91.635765,1.763734,0.133604,0.017478,1.088221,20000,0.321344,13.394829
6947,120.499002,168.195394,1.239349,0.561562,0.026125,0.716423,20000,0.321344,17.185572
6948,196.976293,190.144086,1.238089,0.217489,0.078997,1.035932,20000,0.321344,32.956331
6949,130.314078,111.886264,1.614828,0.249285,0.011885,1.164701,20000,0.321344,27.48707
6950,158.81049,122.196996,1.548086,0.342922,0.022657,1.299627,20000,0.321344,48.287967
6951,92.655227,120.821097,1.775034,0.154677,0.074592,0.76688,20000,0.321344,3.273577
6952,208.843361,199.664727,1.445126,0.43546,0.04334,1.04597,20000,0.321344,52.283189
6953,234.572246,198.623545,0.691486,0.276598,0.068809,1.180989,20000,0.321344,49.699273
6954,139.339812,111.846035,1.265927,0.162119,0.04989,1.245818,20000,0.321344,34.958817
6955,136.570941,156.927796,1.740466,0.150434,0.07162,0.870279,20000,0.321344,9.977979
6956,150.772103,143.024067,0.953349,0.526252,0.045449,1.054173,20000,0.321344,36.659032
6957,91.866586,72.357101,0.965034,0.168473,0.04117,1.269628,20000,0.321344,22.7351
6958,106.012006,121.71603,0.244163,0.126368,0.034251,0.870978,20000,0.321344,0.042367
6959,49.133063,61.199892,1.005326,0.178903,0.045395,0.802829,20000,0.321344,0.857189
6960,65.19675,56.291239,0.660225,0.340839,0.025751,1.158204,20000,0.321344,12.578611
6961,119.124872,96.523592,0.743202,0.310016,0.023686,1.234153,20000,0.321344,27.499339
6962,149.923076,120.901479,1.197282,0.412517,0.053485,1.240043,20000,0.321344,45.848148
6963,148.079311,118.451127,1.259685,0.439128,0.056062,1.25013,20000,0.321344,48.853092
6964,135.239863,153.943373,0.905318,0.533501,0.027654,0.878504,20000,0.321344,22.104513
6965,96.296127,133.737626,1.200938,0.350318,0.026721,0.720038,20000,0.321344,5.337412
6966,227.733191,183.143905,1.175971,0.410239,0.040021,1.243466,20000,0.321344,68.692279
6967,59.264295,67.31802,1.051467,0.27997,0.077038,0.880363,20000,0.321344,5.631109
6968,180.962117,148.696065,0.617119,0.324622,0.072049,1.216993,20000,0.321344,42.874633
6969,80.81433,90.396997,1.869583,0.14235,0.059471,0.893994,20000,0.321344,6.194482
6970,177.595391,178.772775,0.794137,0.547445,0.074865,0.993414,20000,0.321344,38.463267
6971,117.122641,91.217871,1.099193,0.5669,0.00044,1.283988,20000,0.321344,39.825951
6972,150.171862,170.140404,0.224008,0.536466,0.008922,0.882635,20000,0.321344,8.175252
6973,37.835867,52.238092,0.22751,0.347657,0.048049,0.724296,20000,0.321344,0.091063
6974,153.729828,127.273483,1.268246,0.274039,0.071899,1.20787,20000,0.321344,41.467717
6975,132.969871,144.945581,1.22359,0.280221,0.065246,0.917378,20000,0.321344,15.66
6976,125.434277,129.064687,0.963701,0.143069,0.044314,0.971871,20000,0.321344,7.91184
6977,87.693317,121.437891,0.690843,0.274185,0.057098,0.722125,20000,0.321344,1.102542
6978,63.057184,62.802633,1.854084,0.524008,0.005982,1.004053,20000,0.321344,17.469093
6979,180.762879,164.809479,0.685666,0.150202,0.005068,1.096799,20000,0.321344,19.220007
6980,63.949739,69.85006,0.926062,0.204031,0.062392,0.915529,20000,0.321344,4.131044
6981,115.080125,161.67145,1.850791,0.227975,0.032445,0.711815,20000,0.321344,4.0325
6982,243.689408,198.869213,0.435479,0.330968,0.052506,1.225375,20000,0.321344,52.954976
6983,164.087281,173.935622,1.344038,0.52061,0.024581,0.943379,20000,0.321344,37.774301
6984,41.031035,56.906238,1.955495,0.23179,0.047002,0.721029,20000,0.321344,2.025926
6985,123.771921,113.725581,1.159262,0.360272,0.000704,1.088338,20000,0.321344,23.893084
6986,103.90609,147.343444,1.097673,0.384703,0.049455,0.705197,20000,0.321344,6.462519
6987,74.831739,88.31013,0.057554,0.101603,0.055492,0.847374,20000,0.321344,0.0
6988,224.953491,187.983727,0.383521,0.500489,0.039702,1.196665,20000,0.321344,50.545128
6989,95.876573,76.142418,0.68406,0.241096,0.020997,1.259174,20000,0.321344,21.551823
6990,137.853075,159.793902,1.959588,0.188049,0.0768,0.862693,20000,0.321344,14.777595
6991,64.442635,89.082589,1.375003,0.307449,0.074982,0.723403,20000,0.321344,4.241852
6992,64.212051,84.532451,0.30208,0.115288,0.074481,0.759614,20000,0.321344,2.6e-05
6993,223.161194,189.512774,1.136306,0.292003,0.018036,1.177552,20000,0.321344,48.286815
6994,246.960873,198.621626,0.812098,0.242647,0.038854,1.243374,20000,0.321344,57.535545
6995,123.785946,167.290013,0.59118,0.541332,0.021262,0.739948,20000,0.321344,8.519547
6996,90.357617,73.121921,1.757229,0.129216,0.054499,1.235712,20000,0.321344,24.093091
6997,99.576253,114.093701,1.357686,0.183103,0.027315,0.872759,20000,0.321344,4.633555
6998,86.370773,107.384351,1.15531,0.528904,0.041049,0.804314,20000,0.321344,14.407349
6999,74.808836,64.318125,1.516624,0.340727,0.044645,1.163107,20000,0.321344,19.921347
7000,192.761727,169.45122,1.111015,0.250978,0.0252,1.137565,20000,0.321344,36.174668
7001,183.117501,171.142324,1.299905,0.184984,0.028886,1.069972,20000,0.296566,25.776096
7002,179.769351,185.771995,0.243258,0.360048,0.051178,0.967688,20000,0.296566,10.896565
7003,135.77655,125.018362,1.334992,0.256819,0.017132,1.086053,20000,0.296566,22.676069
7004,150.286039,126.606397,0.584108,0.414629,0.020521,1.187034,20000,0.296566,33.339322
7005,128.680283,118.582274,1.756852,0.238631,0.05997,1.085156,20000,0.296566,28.392533
7006,77.733567,62.983614,0.508382,0.265976,0.061737,1.234187,20000,0.296566,17.489688
7007,112.934242,106.687632,1.421932,0.105126,0.031813,1.05855,20000,0.296566,12.737716
7008,156.482236,138.166316,0.915036,0.474684,0.020793,1.132564,20000,0.296566,37.767587
7009,126.167364,177.585119,1.864443,0.205427,0.034393,0.710461,20000,0.296566,3.194985
7010,165.402435,155.808728,1.575794,0.183082,0.028711,1.061574,20000,0.296566,23.782942
7011,169.918544,153.579428,1.768884,0.551167,0.071384,1.106389,20000,0.296566,62.109761
7012,111.779407,94.776098,1.148519,0.525572,0.043104,1.179405,20000,0.296566,35.127788
7013,141.12193,176.783694,0.055324,0.380595,0.009153,0.798275,20000,0.296566,0.028935
7014,85.488689,92.250389,1.311355,0.299924,0.013096,0.926703,20000,0.296566,9.660793
7015,227.804362,196.702659,1.394247,0.560351,0.007227,1.158115,20000,0.296566,72.447911
7016,48.717517,66.390987,1.460307,0.207763,0.042887,0.733797,20000,0.296566,1.167979
7017,62.827601,62.014867,0.633455,0.443423,0.014151,1.013105,20000,0.296566,9.428771
7018,122.476528,163.780693,0.47204,0.488084,0.04529,0.747808,20000,0.296566,5.758273
7019,87.136787,70.504734,1.252682,0.238933,0.032877,1.2359,20000,0.296566,21.158284
7020,173.309626,145.558695,0.266885,0.562338,0.011424,1.190651,20000,0.296566,35.606529
7021,106.68638,115.624899,1.346664,0.377847,0.003387,0.922694,20000,0.296566,15.357281
7022,205.169243,197.34848,1.542939,0.522601,0.015365,1.039629,20000,0.296566,58.32452
7023,193.017659,153.293418,1.838604,0.195762,0.009809,1.259139,20000,0.296566,46.279617
7024,67.989623,53.625336,1.460461,0.282319,0.028607,1.267864,20000,0.296566,18.897086
7025,53.037052,54.594416,1.77093,0.366601,0.033159,0.971474,20000,0.296566,10.879625
7026,118.304857,95.942372,1.202035,0.585065,0.004187,1.233082,20000,0.296566,40.346242
7027,98.264384,108.096654,0.776614,0.547023,0.066044,0.909042,20000,0.296566,16.819377
7028,174.374958,183.910445,1.72131,0.164536,0.066894,0.948151,20000,0.296566,19.953547
7029,104.107541,143.022369,1.452856,0.568834,0.07662,0.727911,20000,0.296566,20.579944
7030,66.034346,80.702179,0.34777,0.400339,0.055806,0.818247,20000,0.296566,2.095153
7031,43.491074,51.964048,0.384659,0.557972,0.046556,0.836945,20000,0.296566,3.39564
7032,114.713137,93.898019,0.073239,0.281049,0.049703,1.221678,20000,0.296566,21.247369
7033,157.727975,129.778257,0.050878,0.343242,0.022307,1.215365,20000,0.296566,28.097878
7034,128.976323,177.239735,0.171464,0.100413,0.031374,0.727694,20000,0.296566,0.0
7035,190.528079,182.950873,0.683528,0.496214,0.006246,1.041417,20000,0.296566,35.00037
7036,57.165224,68.88083,1.667317,0.488406,0.025485,0.829915,20000,0.296566,10.981228
7037,167.029443,141.318707,0.660869,0.306066,0.034412,1.181934,20000,0.296566,33.963984
7038,68.024864,54.541614,0.918394,0.107916,0.050214,1.24721,20000,0.296566,15.994532
7039,122.689683,121.208798,0.185791,0.290523,0.074454,1.012218,20000,0.296566,7.814338
7040,112.660328,127.85601,1.895061,0.520449,0.062643,0.88115,20000,0.296566,32.18747
7041,151.04109,137.843784,1.863877,0.225321,0.014097,1.095741,20000,0.296566,27.145454
7042,142.307795,121.523908,0.673822,0.227842,0.037888,1.171027,20000,0.296566,25.970983
7043,126.260927,169.242633,0.742306,0.10572,0.067202,0.746035,20000,0.296566,0.014788
7044,101.526564,106.235242,0.64399,0.350267,0.007065,0.955677,20000,0.296566,9.818889
7045,80.6649,84.905351,1.547356,0.102493,0.032966,0.950057,20000,0.296566,4.169793
7046,145.590949,133.143264,1.50058,0.297794,0.051021,1.093491,20000,0.296566,32.508544
7047,167.103299,141.519151,0.401037,0.179535,0.054601,1.180782,20000,0.296566,29.014673
7048,194.912852,160.439547,0.906339,0.136346,0.031988,1.214868,20000,0.296566,39.348929
7049,131.805515,143.646482,1.101611,0.359067,0.048777,0.917569,20000,0.296566,17.912542
7050,74.211557,80.432959,0.652528,0.586577,0.012587,0.922651,20000,0.296566,12.087476
7051,68.818402,71.230843,0.803778,0.425684,0.049003,0.966132,20000,0.296566,10.260582
7052,130.800838,111.706341,0.597937,0.437247,0.041269,1.170935,20000,0.296566,28.611211
7053,118.918289,152.000482,0.620043,0.386597,0.041222,0.782355,20000,0.296566,5.390396
7054,123.054388,161.391731,0.507475,0.49289,0.059923,0.762458,20000,0.296566,6.927725
7055,61.861365,68.843234,0.176205,0.243798,0.004428,0.898583,20000,0.296566,0.504069
7056,239.181769,196.95708,1.347804,0.293862,0.038794,1.214385,20000,0.296566,62.682489
7057,176.131191,178.137593,0.939029,0.535755,0.004829,0.988737,20000,0.296566,35.559881
7058,118.255134,103.620295,0.713218,0.502499,0.035532,1.141235,20000,0.296566,28.212864
7059,145.096083,180.555456,0.731458,0.40483,0.069396,0.80361,20000,0.296566,10.83439
7060,169.289587,175.68112,1.835026,0.410897,0.032835,0.963619,20000,0.296566,38.885284
7061,87.399982,77.792966,0.882833,0.284859,0.071894,1.123495,20000,0.296566,17.391786
7062,142.932965,122.660092,1.355676,0.409978,0.063624,1.165277,20000,0.296566,42.394643
7063,193.36239,173.411514,0.73246,0.555447,0.002015,1.115049,20000,0.296566,45.134069
7064,104.021033,126.716353,1.162396,0.460085,0.039404,0.820897,20000,0.296566,14.541503
7065,148.85054,168.573212,1.648876,0.598336,0.00122,0.883002,20000,0.296566,37.976513
7066,157.778548,147.425951,1.319795,0.348849,0.015249,1.070222,20000,0.296566,30.595129
7067,190.35647,199.46246,0.07107,0.412324,0.078915,0.954347,20000,0.296566,5.099533
7068,139.458458,118.426362,0.319727,0.333635,0.019173,1.177596,20000,0.296566,23.734461
7069,74.966978,62.956142,0.350613,0.36673,0.017426,1.190781,20000,0.296566,14.074522
7070,111.918142,120.491926,0.506141,0.290247,0.043032,0.928844,20000,0.296566,6.632706
7071,147.241033,198.964014,1.913258,0.239532,0.072211,0.740039,20000,0.296566,10.680834
7072,80.605995,79.180625,0.511014,0.180485,0.058965,1.018002,20000,0.296566,6.277096
7073,237.407421,193.407496,1.797923,0.393016,0.078473,1.227499,20000,0.296566,84.639441
7074,127.002355,174.852949,1.771175,0.472734,0.013459,0.726338,20000,0.296566,19.520403
7075,205.405608,161.906258,1.003757,0.270076,0.060461,1.26867,20000,0.296566,56.828916
7076,59.264315,59.155062,1.061136,0.245741,0.051355,1.001847,20000,0.296566,7.506221
7077,85.98833,115.23805,1.598743,0.397704,0.011273,0.74618,20000,0.296566,9.279682
7078,236.539341,192.872206,1.819854,0.155515,0.073035,1.226404,20000,0.296566,68.951934
7079,84.497966,93.976852,1.296338,0.282196,0.043327,0.899136,20000,0.296566,8.935365
7080,106.630879,83.602106,0.577708,0.151331,0.046438,1.275457,20000,0.296566,25.396199
7081,119.678966,102.043739,1.110197,0.569902,0.022584,1.17282,20000,0.296566,36.232473
7082,37.873215,51.952826,1.939651,0.283261,0.075962,0.728992,20000,0.296566,3.538146
7083,145.864447,113.544067,0.931902,0.471944,0.079055,1.284651,20000,0.296566,48.485583
7084,119.385289,109.516886,0.738961,0.244148,0.062256,1.090109,20000,0.296566,18.558229
7085,79.424886,91.352843,0.881901,0.132891,0.072845,0.86943,20000,0.296566,1.739654
7086,135.55833,152.044089,1.477846,0.441103,0.033926,0.891573,20000,0.296566,25.132309
7087,105.235165,137.251742,1.968968,0.221118,0.045699,0.766731,20000,0.296566,6.351211
7088,77.795537,66.821107,1.170864,0.233304,0.018205,1.164236,20000,0.296566,14.966994
7089,49.018696,63.598877,1.250928,0.411258,0.014952,0.770748,20000,0.296566,4.714183
7090,84.412972,70.371148,1.133921,0.121623,0.073739,1.19954,20000,0.296566,19.79138
7091,151.751759,125.848598,1.309108,0.300597,0.077249,1.205828,20000,0.296566,42.998041
7092,105.582416,86.385536,1.276325,0.569852,0.02371,1.222223,20000,0.296566,35.651244
7093,69.388763,61.98344,0.511135,0.161832,0.079756,1.119473,20000,0.296566,10.252912
7094,147.045204,143.731289,0.781742,0.310459,0.028178,1.023056,20000,0.296566,19.346479
7095,67.859992,61.304619,1.142356,0.323653,0.018445,1.106931,20000,0.296566,13.040247
7096,80.974586,75.829995,1.2427,0.364594,0.076105,1.067844,20000,0.296566,18.796393
7097,177.726872,160.829413,0.643948,0.566626,0.079739,1.105064,20000,0.296566,43.06918
7098,176.57286,189.680757,1.658018,0.335709,0.025706,0.930895,20000,0.296566,28.13345
7099,85.346975,83.90295,0.712496,0.300941,0.052976,1.017211,20000,0.296566,10.94131
7100,121.155899,103.342683,0.553691,0.465398,0.033399,1.17237,20000,0.296566,27.009174
7101,90.534976,92.614431,0.443932,0.538094,0.040223,0.977547,20000,0.329551,12.819875
7102,128.492929,109.47832,1.622544,0.280918,0.018437,1.173684,20000,0.329551,30.280274
7103,83.416123,72.260678,1.917096,0.129496,0.000752,1.154378,20000,0.329551,12.939361
7104,143.583666,125.425332,0.908482,0.315367,0.008012,1.144774,20000,0.329551,27.317743
7105,221.961951,176.641343,0.490007,0.223175,0.059027,1.256569,20000,0.329551,51.109998
7106,100.525505,142.238343,0.85523,0.312083,0.061151,0.70674,20000,0.329551,2.655041
7107,69.949376,83.063906,1.252497,0.153502,0.037884,0.842115,20000,0.329551,1.728848
7108,63.765367,79.265183,0.996103,0.297828,0.068033,0.804456,20000,0.329551,4.042604
7109,71.6104,81.617763,0.632917,0.240456,0.011793,0.877387,20000,0.329551,2.342442
7110,198.106737,164.030397,1.948202,0.276768,0.026743,1.207744,20000,0.329551,53.674407
7111,144.301774,128.741403,1.501998,0.452977,0.010264,1.120865,20000,0.329551,39.157746
7112,176.914606,144.247266,0.656015,0.240831,0.071221,1.226468,20000,0.329551,40.76835
7113,56.724444,66.50888,1.0772,0.570125,0.045916,0.852885,20000,0.329551,10.978314
7114,74.408201,87.39535,0.20592,0.451707,0.002497,0.851398,20000,0.329551,2.040388
7115,122.272333,138.845747,0.124711,0.54718,0.023346,0.880634,20000,0.329551,4.12491
7116,221.177677,181.480436,0.593595,0.370174,0.066187,1.218741,20000,0.329551,53.059255
7117,135.547542,177.784585,0.939453,0.589987,0.05269,0.762426,20000,0.329551,20.833966
7118,78.554004,63.876513,1.299842,0.189972,0.037335,1.229779,20000,0.329551,18.636212
7119,122.950752,100.065066,0.242773,0.480931,0.04198,1.228708,20000,0.329551,26.369436
7120,96.711,107.998243,1.824377,0.417474,0.055017,0.895487,20000,0.329551,21.288486
7121,121.054397,99.005814,1.092255,0.138296,0.034335,1.2227,20000,0.329551,25.928473
7122,170.194878,188.277882,0.361102,0.471442,0.035312,0.903956,20000,0.329551,13.129519
7123,156.474271,129.103737,1.457871,0.360739,0.007485,1.212004,20000,0.329551,40.890997
7124,58.44718,73.094804,1.455525,0.122083,0.036396,0.799608,20000,0.329551,0.571641
7125,189.265653,184.153325,1.718043,0.178961,0.033908,1.027761,20000,0.329551,26.156686
7126,59.377656,57.97283,0.201773,0.426186,0.023808,1.024232,20000,0.329551,5.366979
7127,83.846061,66.095269,1.471027,0.231533,0.027298,1.268564,20000,0.329551,21.891211
7128,75.755625,101.012635,0.806745,0.144572,0.068117,0.749962,20000,0.329551,0.156302
7129,124.841889,135.771581,0.538323,0.444558,0.030937,0.919499,20000,0.329551,13.197169
7130,161.346106,163.522534,1.685976,0.381568,0.02435,0.98669,20000,0.329551,33.367335
7131,83.278363,107.797151,1.131885,0.541543,0.023303,0.772547,20000,0.329551,12.088423
7132,174.218392,162.906418,0.443272,0.217408,0.036583,1.069438,20000,0.329551,18.34805
7133,113.886687,148.362199,0.24482,0.115326,0.006038,0.767626,20000,0.329551,0.0
7134,124.191809,164.275786,1.117095,0.283541,0.039248,0.755996,20000,0.329551,5.185016
7135,148.908655,131.065488,1.492252,0.496353,0.074818,1.136139,20000,0.329551,49.179153
7136,74.743813,67.449631,1.085254,0.405267,0.022327,1.108143,20000,0.329551,16.512268
7137,183.629326,172.989113,1.628974,0.16477,0.047102,1.061508,20000,0.329551,28.726852
7138,93.463123,88.354573,1.197532,0.154002,0.035108,1.057819,20000,0.329551,11.361055
7139,79.913621,66.515411,0.9859,0.391967,0.039394,1.20143,20000,0.329551,21.014143
7140,129.334628,155.086351,0.441097,0.460658,0.0055,0.833952,20000,0.329551,7.508771
7141,153.628385,174.125112,1.850617,0.288925,0.04807,0.882287,20000,0.329551,21.577234
7142,79.098225,110.801071,1.508967,0.391413,0.06187,0.713876,20000,0.329551,8.177676
7143,64.871912,78.577595,1.148093,0.397535,0.059736,0.825578,20000,0.329551,7.932757
7144,224.181378,173.82394,1.976723,0.434743,0.063844,1.289704,20000,0.329551,88.354585
7145,41.11114,52.644638,1.98581,0.398768,0.057501,0.780918,20000,0.329551,6.944666
7146,126.670614,147.194454,1.065485,0.317714,0.053268,0.860566,20000,0.329551,12.093238
7147,49.478822,66.971994,0.348706,0.313551,0.041643,0.738799,20000,0.329551,0.292258
7148,128.842523,168.801844,0.098695,0.36099,0.000954,0.763277,20000,0.329551,0.040994
7149,174.415283,135.56815,1.093209,0.162129,0.044883,1.286551,20000,0.329551,45.970667
7150,164.200945,178.260463,1.674756,0.408253,0.005128,0.921129,20000,0.329551,29.623124
7151,222.751435,196.023172,0.077753,0.12045,0.027427,1.136353,20000,0.329551,27.117203
7152,143.660583,167.175848,1.153185,0.24396,0.056787,0.859338,20000,0.329551,10.199972
7153,149.473128,174.25402,1.758705,0.435432,0.070106,0.857789,20000,0.329551,31.502203
7154,94.088807,92.26187,0.448685,0.574563,0.052907,1.019802,20000,0.329551,16.361644
7155,105.9002,87.404775,0.620381,0.588093,0.005584,1.211607,20000,0.329551,28.254784
7156,85.314778,105.579117,0.712198,0.567056,0.000982,0.808065,20000,0.329551,9.728611
7157,89.321424,121.051897,0.876455,0.326872,0.016075,0.737877,20000,0.329551,2.805532
7158,48.505552,64.722722,1.224712,0.499944,0.020014,0.749436,20000,0.329551,6.0946
7159,123.035523,153.536446,0.723821,0.278617,0.019094,0.801344,20000,0.329551,3.47275
7160,121.208972,103.089206,1.304593,0.566411,0.065996,1.175768,20000,0.329551,42.507777
7161,88.486243,111.149265,1.42666,0.166317,0.011573,0.796103,20000,0.329551,1.399729
7162,123.731044,128.098384,1.727778,0.184746,0.004435,0.965906,20000,0.329551,10.470593
7163,116.513185,159.35476,1.369928,0.491268,0.019724,0.731156,20000,0.329551,14.714795
7164,73.50825,85.885192,0.951522,0.268752,0.073529,0.85589,20000,0.329551,5.194331
7165,155.988156,166.064538,0.527545,0.550444,0.033839,0.939322,20000,0.329551,22.188775
7166,40.654172,50.394878,1.390066,0.126686,0.042759,0.806712,20000,0.329551,0.523991
7167,117.661167,113.274712,0.075084,0.260862,0.03407,1.038724,20000,0.329551,6.089357
7168,205.4789,174.669115,0.716636,0.456973,0.033956,1.176389,20000,0.329551,50.121556
7169,91.302098,92.264154,0.482325,0.501109,0.037053,0.989573,20000,0.329551,12.672737
7170,130.413265,106.934276,1.937606,0.209251,0.010422,1.219565,20000,0.329551,30.038468
7171,192.291147,188.039428,1.354657,0.370092,0.031564,1.022611,20000,0.329551,39.150163
7172,187.987519,162.66456,0.952016,0.379913,0.054923,1.155676,20000,0.329551,46.250874
7173,241.93946,198.164432,0.494025,0.274805,0.015798,1.220903,20000,0.329551,48.584431
7174,187.988564,163.109057,0.5578,0.216316,0.052216,1.152533,20000,0.329551,31.420119
7175,71.415502,61.750871,1.52143,0.466665,0.031678,1.15651,20000,0.329551,21.719217
7176,108.940128,141.994018,0.132789,0.279877,0.075041,0.767216,20000,0.329551,0.031413
7177,194.508415,196.842738,1.081525,0.236969,0.010418,0.988141,20000,0.329551,18.748208
7178,54.798008,51.848845,0.551623,0.236204,0.001919,1.05688,20000,0.329551,5.378522
7179,154.842839,198.300597,1.001957,0.529153,0.005485,0.780849,20000,0.329551,19.471545
7180,185.419492,154.190971,1.812628,0.47616,0.001609,1.202531,20000,0.329551,60.467606
7181,181.537754,161.352944,1.362925,0.209286,0.069901,1.125097,20000,0.329551,39.589172
7182,116.276161,145.040267,0.802639,0.410926,0.00677,0.801682,20000,0.329551,7.957844
7183,144.30862,186.530639,0.155255,0.333,0.011713,0.773646,20000,0.329551,0.219898
7184,110.95342,149.376558,1.39451,0.469615,0.022424,0.742777,20000,0.329551,13.862748
7185,144.258434,128.169153,1.619151,0.487554,0.022478,1.125532,20000,0.329551,42.291706
7186,178.51625,155.982357,0.758256,0.2438,0.078098,1.144464,20000,0.329551,35.12197
7187,169.81073,182.087077,1.463673,0.309046,0.020403,0.93258,20000,0.329551,22.105946
7188,94.02373,123.871781,1.325614,0.127649,0.038326,0.759041,20000,0.329551,0.430921
7189,75.426762,64.984671,1.756349,0.424001,0.010378,1.160685,20000,0.329551,21.694542
7190,75.4006,105.053165,0.739895,0.484554,0.027331,0.717738,20000,0.329551,4.703814
7191,137.733692,125.655449,0.101505,0.363354,0.037021,1.096122,20000,0.329551,14.237719
7192,114.975246,96.591213,1.599055,0.584944,0.062558,1.190328,20000,0.329551,45.211955
7193,98.38368,109.689184,1.750182,0.293827,0.052178,0.896931,20000,0.329551,14.585159
7194,57.009111,58.305958,1.507612,0.488328,0.069932,0.977758,20000,0.329551,15.117656
7195,163.301485,191.517761,1.68559,0.230614,0.00574,0.85267,20000,0.329551,10.456905
7196,84.810229,91.193397,1.34949,0.168888,0.053445,0.930004,20000,0.329551,6.533825
7197,128.035825,167.671846,1.230974,0.409142,0.069696,0.76361,20000,0.329551,14.21358
7198,148.138982,126.813322,0.281193,0.567113,0.033306,1.168166,20000,0.329551,29.565165
7199,193.970068,156.609006,1.931709,0.49664,0.077648,1.238563,20000,0.329551,79.117245
7200,124.25264,103.434635,0.293132,0.252111,0.064838,1.201267,20000,0.329551,23.415714
7201,213.186392,166.412698,0.765103,0.131247,0.075675,1.28107,20000,0.301773,55.840978
7202,56.618789,54.421017,1.985373,0.199667,0.077573,1.040385,20000,0.301773,11.833707
7203,56.337441,75.196036,1.456713,0.104049,0.039931,0.749208,20000,0.301773,0.108587
7204,145.651828,124.064336,0.945509,0.283866,0.073407,1.174002,20000,0.301773,34.115034
7205,48.979056,61.022273,1.106284,0.595913,0.014292,0.802642,20000,0.301773,8.798125
7206,40.873427,50.586548,1.515521,0.569672,0.060418,0.80799,20000,0.301773,9.60553
7207,146.869251,177.615406,1.116301,0.267726,0.015814,0.826895,20000,0.301773,7.34746
7208,227.337767,196.841217,0.612877,0.324402,0.004009,1.15493,20000,0.301773,40.205845
7209,159.514706,139.543255,1.559401,0.434012,0.060153,1.14312,20000,0.301773,48.411118
7210,53.576291,64.819478,0.888395,0.388264,0.00251,0.826546,20000,0.301773,4.033601
7211,79.568121,84.218181,1.222818,0.163459,0.024707,0.944786,20000,0.301773,4.810771
7212,63.531788,79.815066,0.346652,0.112995,0.073933,0.795987,20000,0.301773,0.001204
7213,96.79948,79.142438,1.381214,0.580433,0.03253,1.223105,20000,0.301773,35.245776
7214,82.296277,95.369648,0.779557,0.341653,0.040116,0.862919,20000,0.301773,6.224534
7215,124.726375,103.096575,1.905804,0.162096,0.026002,1.209801,20000,0.301773,28.294965
7216,63.740966,62.15734,1.400798,0.468192,0.014494,1.025478,20000,0.301773,14.773311
7217,91.051568,97.525066,1.895586,0.496798,0.010595,0.933622,20000,0.301773,23.069684
7218,229.876564,184.350635,0.540935,0.568964,0.003708,1.246953,20000,0.301773,62.346324
7219,175.423872,198.557637,0.422486,0.184134,0.052856,0.883491,20000,0.301773,2.405853
7220,147.093866,145.045013,0.119188,0.16144,0.035131,1.014126,20000,0.301773,4.727212
7221,58.653217,51.15922,0.276771,0.216974,0.072682,1.146484,20000,0.301773,8.697723
7222,156.087273,166.729416,0.639389,0.377227,0.072555,0.936171,20000,0.301773,17.004577
7223,167.66584,184.842418,1.825706,0.336839,0.000951,0.907074,20000,0.301773,23.644831
7224,92.424198,98.628108,1.405284,0.434953,0.040943,0.937098,20000,0.301773,18.14186
7225,134.280803,145.624624,1.77449,0.3522,0.061503,0.922102,20000,0.301773,26.343327
7226,65.067841,83.492612,0.619281,0.454631,0.070379,0.779325,20000,0.301773,4.389623
7227,82.077754,93.764434,1.934234,0.396146,0.067436,0.875361,20000,0.301773,17.772788
7228,147.755129,130.162699,1.042105,0.161212,0.040589,1.135157,20000,0.301773,24.727495
7229,61.313879,66.661909,0.210721,0.579633,0.044306,0.919774,20000,0.301773,4.702023
7230,82.605652,71.624594,1.960518,0.543431,0.070187,1.153314,20000,0.301773,32.9584
7231,141.228938,154.471704,0.050353,0.105523,0.05439,0.914271,20000,0.301773,0.000278
7232,207.519227,178.810668,1.434858,0.13464,0.070583,1.160553,20000,0.301773,47.025081
7233,157.04394,150.012754,0.824864,0.168669,0.049258,1.046871,20000,0.301773,17.094178
7234,172.699176,197.402836,1.897606,0.272547,0.008564,0.874857,20000,0.301773,18.353978
7235,133.807784,117.541686,0.619838,0.196998,0.071126,1.138386,20000,0.301773,22.615778
7236,108.513384,106.488219,1.061004,0.408454,0.061375,1.019018,20000,0.301773,22.410509
7237,79.143485,100.189055,0.901435,0.325898,0.031276,0.789941,20000,0.301773,4.214972
7238,143.928888,187.416037,0.889469,0.309208,0.04814,0.767965,20000,0.301773,5.916367
7239,194.000295,150.158943,1.202591,0.199356,0.054816,1.291966,20000,0.301773,54.750605
7240,128.942758,130.288798,1.39247,0.389997,0.020746,0.989669,20000,0.301773,24.061416
7241,130.681594,148.076869,1.995466,0.224759,0.025134,0.882525,20000,0.301773,12.702119
7242,175.75863,179.150207,1.123979,0.489069,0.067399,0.981069,20000,0.301773,40.087223
7243,143.996883,127.081373,1.85032,0.34005,0.070662,1.133108,20000,0.301773,42.923325
7244,62.494428,82.972959,1.700475,0.200499,0.04405,0.75319,20000,0.301773,2.167165
7245,130.788028,141.975404,1.581548,0.328636,0.002528,0.921202,20000,0.301773,17.546165
7246,195.950808,161.822009,1.835823,0.329637,0.042261,1.210903,20000,0.301773,58.742826
7247,166.676899,132.984707,0.499282,0.240646,0.014294,1.253354,20000,0.301773,35.694301
7248,108.481666,117.552587,1.587093,0.575039,0.004145,0.922835,20000,0.301773,27.155949
7249,142.879317,168.799339,0.076978,0.144623,0.000389,0.846445,20000,0.301773,2.2e-05
7250,193.387372,190.914124,0.635281,0.103916,0.067623,1.012955,20000,0.301773,12.785361
7251,168.233657,139.05396,0.518275,0.289384,0.048786,1.209844,20000,0.301773,35.208076
7252,72.085168,74.628851,1.177443,0.128073,0.055777,0.965916,20000,0.301773,5.072074
7253,97.648853,117.57319,0.334338,0.340965,0.014072,0.830537,20000,0.301773,1.977233
7254,108.935115,101.24134,0.836509,0.336663,0.00145,1.075994,20000,0.301773,17.355854
7255,152.629767,190.122591,1.05673,0.542946,0.069529,0.802797,20000,0.301773,24.362885
7256,106.128082,116.344943,1.417407,0.24953,0.022058,0.912185,20000,0.301773,9.716777
7257,64.246134,80.55577,0.906524,0.40074,0.027465,0.797536,20000,0.301773,5.03003
7258,101.891866,95.312139,0.629836,0.460085,0.038338,1.069033,20000,0.301773,19.191232
7259,178.246373,198.312034,1.54985,0.585126,0.075185,0.898818,20000,0.301773,50.982897
7260,154.666627,123.434456,1.978304,0.411401,0.073542,1.253026,20000,0.301773,59.372165
7261,76.01807,86.526704,0.248719,0.169223,0.071728,0.87855,20000,0.301773,0.279991
7262,56.258779,50.600308,0.7457,0.411949,0.006038,1.111827,20000,0.301773,10.780761
7263,63.263343,55.846239,1.730091,0.218956,0.031531,1.132813,20000,0.301773,13.149011
7264,127.907848,181.488305,1.621172,0.368141,0.036331,0.704772,20000,0.301773,11.332491
7265,72.480411,93.457435,1.16771,0.457406,0.003534,0.775545,20000,0.301773,7.747491
7266,238.33821,198.248705,0.856414,0.473065,0.042994,1.202218,20000,0.301773,64.186289
7267,93.575565,85.182366,0.298242,0.171639,0.038873,1.098532,20000,0.301773,9.841258
7268,78.406504,83.755406,1.246785,0.206167,0.023056,0.936137,20000,0.301773,6.002498
7269,187.466343,182.299794,1.764215,0.58147,0.002353,1.028341,20000,0.301773,57.680253
7270,83.617979,104.878385,0.494836,0.384002,0.048253,0.797285,20000,0.301773,3.276729
7271,80.403102,73.541103,0.750667,0.249023,0.030164,1.093308,20000,0.301773,11.750643
7272,129.529533,118.976889,0.261993,0.471372,0.019247,1.088695,20000,0.301773,18.278212
7273,73.794557,71.053807,1.469079,0.120146,0.049413,1.038573,20000,0.301773,9.125187
7274,94.010603,115.919303,1.63815,0.457588,0.039078,0.811,20000,0.301773,16.257411
7275,236.080402,193.104061,0.06871,0.335898,0.010963,1.222555,20000,0.301773,43.484844
7276,110.327581,149.019884,0.282674,0.101977,0.004363,0.740355,20000,0.301773,0.0
7277,71.50161,93.268622,1.021215,0.367509,0.037859,0.76662,20000,0.301773,4.874043
7278,154.290406,187.114678,0.978095,0.191316,0.00494,0.824577,20000,0.301773,2.624874
7279,144.607286,164.227338,1.334139,0.285818,0.071,0.880531,20000,0.301773,17.421973
7280,198.524893,187.151831,0.79966,0.374204,0.023407,1.060769,20000,0.301773,33.456891
7281,139.430514,123.103417,1.525585,0.355027,0.028753,1.132629,20000,0.301773,34.719938
7282,198.457956,193.49919,1.026316,0.567027,0.037594,1.025627,20000,0.301773,49.892626
7283,174.905305,165.230951,0.426547,0.523025,0.015661,1.05855,20000,0.301773,28.116703
7284,112.938871,139.67976,1.403004,0.364464,0.076326,0.808556,20000,0.301773,14.503201
7285,89.93568,99.112328,1.543137,0.478081,0.026377,0.907412,20000,0.301773,19.058312
7286,115.043347,107.33505,0.797141,0.339007,0.047471,1.071815,20000,0.301773,19.743055
7287,55.34391,70.410114,1.824512,0.350964,0.004395,0.786022,20000,0.301773,5.575954
7288,130.835412,172.454651,0.372411,0.342839,0.062035,0.758666,20000,0.301773,1.703979
7289,85.890834,112.969603,1.35327,0.371891,0.074349,0.7603,20000,0.301773,9.584972
7290,68.13437,53.294029,1.625483,0.269476,0.061297,1.278462,20000,0.301773,21.360009
7291,161.601995,147.135862,0.602863,0.452691,0.000661,1.098318,20000,0.301773,29.620297
7292,116.733247,118.803226,1.558613,0.315505,0.069235,0.982576,20000,0.301773,23.124781
7293,124.657602,107.925383,1.726489,0.243358,0.071984,1.155035,20000,0.301773,32.977177
7294,104.685652,113.542268,0.701426,0.307101,0.047771,0.921997,20000,0.301773,8.468232
7295,165.330971,147.28335,0.649668,0.199477,0.054752,1.122537,20000,0.301773,25.405123
7296,173.944251,172.268188,1.320413,0.449606,0.061235,1.009729,20000,0.301773,41.780437
7297,91.934819,112.528042,1.364805,0.207764,0.02398,0.816995,20000,0.301773,3.393332
7298,145.513723,157.03233,1.043165,0.548122,0.051308,0.926648,20000,0.301773,31.229819
7299,196.551656,160.173203,1.268374,0.359892,0.072699,1.227119,20000,0.301773,60.514344
7300,57.185775,75.480041,1.844285,0.344692,0.062294,0.757628,20000,0.301773,7.215795
7301,236.643606,196.411001,1.541742,0.38865,0.017044,1.204839,20000,0.329589,66.431824
7302,118.307193,150.197236,0.192116,0.329212,0.042602,0.787679,20000,0.329589,0.425946
7303,143.825202,135.478131,1.598275,0.174423,0.01273,1.061612,20000,0.329589,18.424134
7304,117.168252,149.790154,1.645179,0.206694,0.014517,0.782216,20000,0.329589,3.908033
7305,96.711925,91.478627,0.444159,0.148866,0.000629,1.057208,20000,0.329589,6.909419
7306,87.99854,68.360041,1.446495,0.247814,0.048617,1.28728,20000,0.329589,25.800309
7307,126.008958,97.692178,1.649115,0.569096,0.02994,1.289857,20000,0.329589,50.646317
7308,85.17049,80.021678,0.568313,0.534682,0.009679,1.064343,20000,0.329589,16.363725
7309,220.728617,178.07112,0.664471,0.590781,0.042976,1.239553,20000,0.329589,65.027589
7310,60.076298,61.185068,1.806416,0.266566,0.049125,0.981878,20000,0.329589,10.509727
7311,85.173627,93.100687,0.524883,0.267914,0.051719,0.914855,20000,0.329589,4.44529
7312,197.12517,156.64257,0.506602,0.195414,0.04133,1.258439,20000,0.329589,44.104227
7313,150.179854,128.059368,1.06018,0.314023,0.072227,1.172736,20000,0.329589,37.173745
7314,209.267873,189.511384,0.51246,0.419388,0.053809,1.10425,20000,0.329589,37.609573
7315,166.74044,129.703997,1.532779,0.269349,0.03347,1.285546,20000,0.329589,48.034568
7316,208.435197,189.400844,0.111251,0.442221,0.067761,1.100498,20000,0.329589,24.669583
7317,136.570727,137.377764,1.94141,0.286307,0.040749,0.994125,20000,0.329589,26.386874
7318,147.109961,176.467066,1.222294,0.308675,0.077874,0.83364,20000,0.329589,14.889928
7319,142.823493,168.502188,0.377373,0.261235,0.062821,0.847606,20000,0.329589,2.559505
7320,99.467826,90.85536,1.974562,0.357222,0.033437,1.094793,20000,0.329589,25.947829
7321,43.471113,50.656515,1.585737,0.161813,0.050559,0.858154,20000,0.329589,2.26102
7322,80.65249,65.974539,0.811083,0.241253,0.040502,1.222479,20000,0.329589,17.902113
7323,116.638539,133.073942,1.688085,0.591376,0.032261,0.876494,20000,0.329589,31.183434
7324,187.781479,163.954758,0.817032,0.393746,0.053421,1.145325,20000,0.329589,43.239473
7325,122.707635,108.565169,1.562896,0.381434,0.004869,1.130267,20000,0.329589,29.665347
7326,128.222988,167.187462,1.192599,0.419736,0.042073,0.766941,20000,0.329589,13.247359
7327,133.830467,112.71281,0.475872,0.53475,0.021961,1.187358,20000,0.329589,30.958947
7328,178.676318,168.626542,1.857366,0.183059,0.052479,1.059598,20000,0.329589,32.396449
7329,185.413128,171.374685,0.795974,0.40368,0.002691,1.081917,20000,0.329589,33.065623
7330,173.707058,141.105937,0.064973,0.183639,0.025377,1.23104,20000,0.329589,32.938838
7331,49.355079,60.785412,1.933923,0.202403,0.054363,0.811956,20000,0.329589,3.454202
7332,114.005953,114.085564,0.94913,0.50645,0.008816,0.999302,20000,0.329589,22.652994
7333,59.845247,54.892821,0.963382,0.257208,0.06631,1.09022,20000,0.329589,10.722122
7334,88.510618,115.103254,1.636686,0.488388,0.072711,0.768967,20000,0.329589,16.36058
7335,234.641748,197.974883,0.259828,0.434836,0.031001,1.18521,20000,0.329589,43.2828
7336,181.115859,150.268472,0.169785,0.370801,0.072034,1.205282,20000,0.329589,33.650716
7337,163.83376,141.075193,1.129962,0.133454,0.073291,1.161322,20000,0.329589,34.196597
7338,236.550031,182.522927,0.317934,0.270052,0.067055,1.296002,20000,0.329589,58.135769
7339,104.895464,142.258816,1.223721,0.341682,0.076768,0.737357,20000,0.329589,7.614787
7340,57.186677,53.203621,1.833573,0.29043,0.030441,1.074864,20000,0.329589,12.481618
7341,188.111843,148.671345,0.098408,0.428839,0.007687,1.265286,20000,0.329589,39.822919
7342,119.95775,108.976759,1.510593,0.525807,0.033661,1.100765,20000,0.329589,36.517247
7343,142.400617,183.804024,0.55955,0.267193,0.030325,0.774742,20000,0.329589,1.872791
7344,176.005399,180.292854,0.148783,0.535455,0.044923,0.976219,20000,0.329589,13.170707
7345,103.215203,96.056717,0.687795,0.282667,0.004299,1.074524,20000,0.329589,13.599813
7346,243.364195,197.093155,1.000939,0.596368,0.042512,1.234767,20000,0.329589,81.941084
7347,95.145433,102.636423,1.233548,0.496201,0.044348,0.927014,20000,0.329589,19.902728
7348,57.531274,54.808436,1.002357,0.505932,0.004449,1.049679,20000,0.329589,12.873912
7349,108.370272,116.623025,1.348972,0.239051,0.058003,0.929236,20000,0.329589,12.184954
7350,52.608156,60.860368,1.764928,0.193149,0.078169,0.864407,20000,0.329589,5.269609
7351,71.209235,58.790435,0.151725,0.509874,0.034792,1.211238,20000,0.329589,13.828736
7352,218.958931,194.861968,1.275865,0.542132,0.06598,1.123662,20000,0.329589,70.601491
7353,138.068047,113.086419,1.372015,0.119052,0.008976,1.220907,20000,0.329589,26.766546
7354,220.509507,170.121551,1.318699,0.239927,0.078888,1.296188,20000,0.329589,69.88101
7355,152.472661,155.568509,0.20946,0.276116,0.060332,0.9801,20000,0.329589,7.404868
7356,58.591678,76.365369,0.437828,0.596701,0.024225,0.767255,20000,0.329589,4.085769
7357,122.300414,154.578538,1.223748,0.551884,0.05821,0.791186,20000,0.329589,22.21429
7358,51.412521,60.168173,0.122212,0.523756,0.067626,0.85448,20000,0.329589,1.2078
7359,151.826321,163.950833,0.543417,0.509948,0.072603,0.926048,20000,0.329589,20.415941
7360,185.113618,169.873047,0.55962,0.322827,0.039304,1.089717,20000,0.329589,28.24273
7361,175.700545,163.829559,0.673296,0.298083,0.062431,1.072459,20000,0.329589,27.117635
7362,155.40897,173.321901,0.698997,0.491979,0.03421,0.896649,20000,0.329589,19.830963
7363,156.761567,155.287653,0.746669,0.558678,0.060473,1.009492,20000,0.329589,34.059572
7364,83.876069,101.368383,0.370943,0.427007,0.006658,0.827438,20000,0.329589,3.195265
7365,186.264035,160.335627,1.262758,0.35566,0.064526,1.161713,20000,0.329589,49.306645
7366,144.573016,129.583179,0.102949,0.542668,0.006005,1.115677,20000,0.329589,18.893708
7367,148.8437,190.881392,0.873716,0.270151,0.017706,0.779771,20000,0.329589,4.042457
7368,124.568414,128.933324,1.865593,0.177533,0.074218,0.966146,20000,0.329589,18.66284
7369,189.294942,168.67668,0.303959,0.498348,0.039907,1.122235,20000,0.329589,33.09748
7370,114.45331,121.075011,1.239878,0.24358,0.078767,0.945309,20000,0.329589,14.529462
7371,144.32032,177.363659,0.074666,0.505998,0.06157,0.813697,20000,0.329589,0.694039
7372,241.038408,185.670737,1.943443,0.391051,0.049473,1.298204,20000,0.329589,87.985621
7373,40.897718,55.167293,0.428203,0.200792,0.068035,0.74134,20000,0.329589,0.048986
7374,92.072398,90.834971,0.238598,0.500665,0.027649,1.013623,20000,0.329589,9.72607
7375,81.107887,86.067812,1.801908,0.350187,0.027134,0.942372,20000,0.329589,14.536682
7376,57.218184,51.26626,1.71407,0.417685,0.021035,1.116098,20000,0.329589,15.80764
7377,81.68049,70.982669,0.442043,0.121905,0.00337,1.15071,20000,0.329589,10.913462
7378,60.179736,82.929207,0.252829,0.594126,0.002191,0.725676,20000,0.329589,1.512023
7379,139.787804,173.107504,0.395108,0.183224,0.026774,0.80752,20000,0.329589,0.278033
7380,152.531903,172.168072,1.263723,0.216079,0.036743,0.885948,20000,0.329589,10.1408
7381,146.076015,150.746926,0.51318,0.250112,0.054084,0.969015,20000,0.329589,10.114863
7382,56.635346,68.345385,0.743478,0.204604,0.019171,0.828664,20000,0.329589,0.896262
7383,95.638259,122.307768,1.394697,0.356553,0.062097,0.781948,20000,0.329589,10.320565
7384,220.633209,190.037217,0.970727,0.400774,0.016849,1.161,20000,0.329589,51.58608
7385,62.713561,52.947332,1.986211,0.329474,0.035246,1.184452,20000,0.329589,18.482042
7386,152.504532,188.330533,0.774415,0.426188,0.064864,0.809771,20000,0.329589,13.925541
7387,93.722874,100.760452,1.497284,0.481234,0.046786,0.930155,20000,0.329589,21.444692
7388,92.370543,117.646221,0.600211,0.456476,0.043339,0.785155,20000,0.329589,5.953763
7389,197.884194,176.702822,1.876621,0.421977,0.048872,1.11987,20000,0.329589,60.906304
7390,103.679781,87.470291,1.765487,0.250428,0.071206,1.185314,20000,0.329589,29.627973
7391,75.939249,79.785206,0.795593,0.226096,0.073887,0.951796,20000,0.329589,6.433145
7392,56.02739,74.800492,0.422079,0.420138,0.030123,0.749024,20000,0.329589,1.429336
7393,200.073354,182.78511,1.91329,0.534177,0.064817,1.094582,20000,0.329589,70.725667
7394,195.719117,155.539939,0.194579,0.448916,0.036284,1.258321,20000,0.329589,43.370279
7395,202.258545,188.35938,1.991909,0.329384,0.074179,1.073791,20000,0.329589,56.933432
7396,131.743353,130.325771,0.594721,0.272714,0.049335,1.010877,20000,0.329589,13.320956
7397,53.384416,60.694038,1.38706,0.156364,0.069554,0.879566,20000,0.329589,3.239133
7398,112.667559,94.679214,0.935165,0.464979,0.054414,1.189993,20000,0.329589,31.519974
7399,154.346979,164.399129,1.551429,0.275497,0.010817,0.938855,20000,0.329589,17.865869
7400,209.296631,184.85423,0.569678,0.148417,0.051403,1.132225,20000,0.329589,30.850048
7401,78.999552,66.513408,0.073715,0.545074,0.033364,1.187724,20000,0.303657,13.345935
7402,165.382477,137.559618,1.296335,0.102619,0.052685,1.20226,20000,0.303657,36.927598
7403,73.041469,64.269342,1.077174,0.569035,0.049205,1.13649,20000,0.303657,22.354883
7404,114.026849,143.191338,1.562426,0.204455,0.039531,0.796325,20000,0.303657,4.987403
7405,76.658131,73.558596,0.359705,0.19056,0.043334,1.042137,20000,0.303657,6.002006
7406,151.861444,170.862415,1.904658,0.51396,0.027408,0.888794,20000,0.303657,38.033948
7407,147.445653,119.299188,1.564207,0.390019,0.003453,1.235932,20000,0.303657,42.388257
7408,189.32412,196.382189,1.056629,0.380785,0.065918,0.96406,20000,0.303657,31.864272
7409,141.889284,128.623123,1.638421,0.537894,0.06981,1.10314,20000,0.303657,50.361579
7410,219.220955,192.044075,1.501127,0.218955,0.073277,1.141514,20000,0.303657,52.516762
7411,192.714407,155.214076,0.20222,0.356186,0.003066,1.241604,20000,0.303657,38.481171
7412,129.230958,117.856749,0.368526,0.300562,0.004265,1.096509,20000,0.303657,15.939189
7413,152.891186,128.400317,0.583367,0.362522,0.0112,1.190738,20000,0.303657,31.121539
7414,147.753919,162.374799,1.953383,0.196153,0.030395,0.909956,20000,0.303657,14.020202
7415,88.72942,105.786481,0.113491,0.173727,0.054542,0.83876,20000,0.303657,0.002618
7416,91.749134,88.105234,0.58681,0.263287,0.015076,1.041358,20000,0.303657,9.371412
7417,46.23105,60.463214,1.147626,0.272809,0.020235,0.764615,20000,0.303657,1.645594
7418,143.375403,150.798435,1.834388,0.317583,0.065044,0.950775,20000,0.303657,28.322326
7419,57.002631,69.858951,1.03396,0.449639,0.068102,0.815967,20000,0.303657,7.403623
7420,103.776609,108.341126,0.076045,0.281644,0.021072,0.957869,20000,0.303657,1.575044
7421,63.942805,61.011845,1.074993,0.196161,0.058106,1.048039,20000,0.303657,8.938397
7422,175.331656,187.554526,0.723683,0.303044,0.015027,0.93483,20000,0.303657,14.010183
7423,60.881337,74.92694,1.701283,0.189234,0.07235,0.812543,20000,0.303657,3.983386
7424,186.298529,177.062697,1.747778,0.299893,0.009766,1.052161,20000,0.303657,34.445151
7425,77.26295,100.132815,0.168585,0.12855,0.061075,0.771605,20000,0.303657,0.0
7426,119.1924,123.787054,0.314119,0.390225,0.014258,0.962883,20000,0.303657,8.417193
7427,99.091047,115.453547,1.376515,0.399424,0.000131,0.858276,20000,0.303657,12.724153
7428,183.020956,149.34104,1.478544,0.247749,0.012442,1.225524,20000,0.303657,43.130929
7429,147.269956,145.968789,1.413269,0.502003,0.022635,1.008914,20000,0.303657,37.136167
7430,100.605148,84.591606,0.384431,0.299767,0.027209,1.189304,20000,0.303657,18.592502
7431,67.516612,94.121538,1.861591,0.293492,0.016325,0.717334,20000,0.303657,4.129601
7432,151.075246,196.852277,0.914196,0.573165,0.067711,0.767455,20000,0.303657,21.546842
7433,86.921109,109.337739,1.481613,0.573975,0.049587,0.794978,20000,0.303657,20.013132
7434,55.44229,59.533446,1.940524,0.500259,0.020092,0.93128,20000,0.303657,14.343949
7435,212.238888,180.760867,1.090164,0.350751,0.008649,1.174142,20000,0.303657,48.080199
7436,86.098973,73.612163,0.281312,0.449875,0.029379,1.16963,20000,0.303657,15.778268
7437,55.312751,61.469254,0.149977,0.142586,0.040107,0.899844,20000,0.303657,0.046868
7438,195.153359,189.814272,1.339762,0.316184,0.014497,1.028128,20000,0.303657,32.7784
7439,174.888514,165.241329,1.932172,0.257457,0.047635,1.058382,20000,0.303657,37.749926
7440,97.364296,110.499999,0.569493,0.420228,0.014039,0.881125,20000,0.303657,7.800859
7441,73.393092,68.821521,1.004781,0.388464,0.032822,1.066426,20000,0.303657,14.460041
7442,116.075806,161.412105,1.811193,0.306218,0.023796,0.719127,20000,0.303657,7.741919
7443,86.131453,108.82481,0.668685,0.158979,0.004958,0.791469,20000,0.303657,0.206439
7444,204.69167,185.228213,0.603614,0.11094,0.000635,1.105078,20000,0.303657,20.614591
7445,85.926208,122.636062,1.403085,0.596688,0.072844,0.70066,20000,0.303657,16.625675
7446,223.604947,180.476939,1.674212,0.493729,0.065183,1.238967,20000,0.303657,84.153057
7447,117.314964,112.681221,0.624649,0.356785,0.037297,1.041123,20000,0.303657,16.554865
7448,49.443794,53.753384,0.586036,0.594389,0.061707,0.919827,20000,0.303657,7.941939
7449,183.797213,184.484113,1.613896,0.469112,0.07214,0.996277,20000,0.303657,51.170354
7450,64.525495,89.777947,0.708861,0.288159,0.077012,0.718723,20000,0.303657,1.136878
7451,80.48935,103.684413,1.758848,0.139424,0.009901,0.776292,20000,0.303657,0.795896
7452,200.407367,183.018917,1.302208,0.187441,0.063026,1.095009,20000,0.303657,36.36827
7453,43.630128,52.170779,1.788594,0.447351,0.04747,0.836294,20000,0.303657,8.741363
7454,101.885877,78.785208,0.721564,0.269434,0.019917,1.293211,20000,0.303657,25.418699
7455,114.413923,92.643954,0.420276,0.298225,0.007893,1.234985,20000,0.303657,23.347773
7456,141.539035,118.982214,0.252379,0.462365,0.078059,1.189581,20000,0.303657,28.56989
7457,235.953801,184.816648,0.896831,0.488134,0.015661,1.276691,20000,0.303657,68.542453
7458,117.51162,111.366941,1.013506,0.366128,0.05067,1.055175,20000,0.303657,23.134135
7459,115.354471,153.131766,1.908762,0.240326,0.070393,0.753302,20000,0.303657,8.957063
7460,70.103942,66.818589,0.923829,0.576333,0.061349,1.049168,20000,0.303657,18.506741
7461,219.060679,189.175465,0.458596,0.402968,0.030445,1.157976,20000,0.303657,42.262534
7462,181.14109,170.897199,1.092905,0.308484,0.059506,1.059942,20000,0.303657,33.787018
7463,90.363052,91.052566,1.834837,0.140804,0.042461,0.992427,20000,0.303657,10.215805
7464,102.335185,95.500488,1.284346,0.344215,0.057033,1.071567,20000,0.303657,22.357551
7465,123.807201,131.773657,0.201786,0.185874,0.076875,0.939544,20000,0.303657,1.919371
7466,112.490623,115.455892,0.425567,0.140349,0.05572,0.974317,20000,0.303657,4.065197
7467,133.94702,123.327132,1.771991,0.594147,2.9e-05,1.086112,20000,0.303657,43.911675
7468,105.954466,83.988009,0.261685,0.321298,0.072686,1.261543,20000,0.303657,23.983605
7469,181.140528,189.602134,1.622974,0.550187,0.028017,0.955372,20000,0.303657,49.251643
7470,159.668689,140.137545,0.854962,0.338008,0.019415,1.139371,20000,0.303657,31.656485
7471,117.200859,129.271502,0.545099,0.505228,0.071725,0.906626,20000,0.303657,14.733778
7472,234.663286,194.500512,1.869784,0.287035,0.065035,1.206492,20000,0.303657,72.96592
7473,191.994123,186.109723,1.871867,0.468765,0.076136,1.031618,20000,0.303657,61.292555
7474,94.359679,106.794633,0.330107,0.567732,0.028963,0.883562,20000,0.303657,7.8682
7475,107.525443,143.65358,1.88854,0.419784,0.034915,0.748505,20000,0.303657,16.042656
7476,78.549186,74.420529,1.980858,0.426433,0.013583,1.055477,20000,0.303657,21.178841
7477,171.565059,169.268566,1.143381,0.554509,0.007,1.013567,20000,0.303657,41.283782
7478,169.026157,162.071569,0.178547,0.216178,0.053507,1.042911,20000,0.303657,11.243599
7479,63.933395,73.000902,1.329338,0.20772,0.03044,0.875789,20000,0.303657,3.821229
7480,177.085688,162.187678,1.409519,0.354059,0.076866,1.091857,20000,0.303657,45.252386
7481,162.401506,175.478631,1.982914,0.428131,0.069398,0.925477,20000,0.303657,42.514062
7482,141.428257,124.230594,1.354704,0.111686,0.011898,1.138433,20000,0.303657,20.361078
7483,152.634487,198.593419,1.850707,0.551435,0.008129,0.768578,20000,0.303657,31.597372
7484,136.800402,133.569083,0.695429,0.446108,0.001546,1.024192,20000,0.303657,21.620595
7485,85.235782,81.039159,1.041885,0.560608,0.002547,1.051785,20000,0.303657,21.16765
7486,134.320326,130.785583,1.843718,0.240183,0.062043,1.027027,20000,0.303657,26.266029
7487,142.069332,170.079447,1.180584,0.375969,0.050605,0.835312,20000,0.303657,16.674576
7488,167.276183,141.223182,1.746501,0.121646,0.012415,1.184481,20000,0.303657,30.79261
7489,89.483114,76.143375,1.993247,0.321255,0.064898,1.175192,20000,0.303657,27.84258
7490,154.789489,192.299501,0.838902,0.109356,0.008202,0.80494,20000,0.303657,0.112442
7491,84.793438,81.758337,1.552989,0.111516,0.024768,1.037123,20000,0.303657,8.153537
7492,194.114126,195.277136,0.722263,0.514715,0.054559,0.994044,20000,0.303657,36.363143
7493,115.25212,95.806939,1.977806,0.427192,0.054705,1.202962,20000,0.303657,40.565628
7494,166.195369,198.738736,0.112366,0.297161,0.069249,0.836251,20000,0.303657,0.329176
7495,169.219144,141.04944,0.349393,0.18224,0.038238,1.199715,20000,0.303657,30.344724
7496,135.815266,115.788759,0.802117,0.27992,0.077072,1.172957,20000,0.303657,29.955163
7497,175.815197,156.959588,1.780489,0.459061,0.059,1.12013,20000,0.303657,57.418417
7498,168.405755,196.11812,0.082784,0.165068,0.008648,0.858696,20000,0.303657,0.001882
7499,139.909276,191.453531,0.445602,0.41278,0.065174,0.730774,20000,0.303657,3.562409
7500,185.149211,158.302636,1.898665,0.362102,0.039305,1.16959,20000,0.303657,56.061912
7501,165.522562,184.777626,1.986113,0.40384,0.022388,0.895793,20000,0.311547,33.034718
7502,54.137109,59.868565,1.495095,0.535734,0.010933,0.904266,20000,0.311547,12.532232
7503,63.344163,53.159128,0.135115,0.397269,0.053547,1.191595,20000,0.311547,11.140808
7504,113.918641,97.151554,0.488405,0.578627,0.025034,1.172587,20000,0.311547,27.396613
7505,247.990938,196.115256,0.190504,0.116452,0.079577,1.264516,20000,0.311547,54.795819
7506,131.550035,102.450055,0.814648,0.413092,0.018118,1.284041,20000,0.311547,36.115319
7507,51.432732,58.212029,0.706505,0.347852,0.052948,0.883541,20000,0.311547,4.180499
7508,161.998545,163.419993,1.916285,0.231665,0.015594,0.991302,20000,0.311547,22.025479
7509,93.710227,84.081725,0.871136,0.2498,0.033886,1.114514,20000,0.311547,15.475174
7510,161.154709,174.098563,1.92435,0.176867,0.069114,0.925652,20000,0.311547,20.274439
7511,164.969561,144.294442,1.456186,0.149282,0.055461,1.143284,20000,0.311547,33.542235
7512,127.001065,141.471748,0.310022,0.224651,0.033829,0.897713,20000,0.311547,2.08798
7513,163.687245,129.582522,1.696114,0.234664,0.03566,1.263189,20000,0.311547,45.575305
7514,151.882463,175.253387,1.281958,0.475921,0.031938,0.866645,20000,0.311547,26.206504
7515,71.169958,101.430537,1.953945,0.379736,0.029609,0.701662,20000,0.311547,7.463655
7516,92.861198,119.093533,1.93451,0.311756,0.018774,0.779733,20000,0.311547,8.85379
7517,94.837084,75.363242,0.422394,0.286498,0.075,1.2584,20000,0.311547,22.392941
7518,193.998175,168.092891,0.234263,0.303954,0.042579,1.154113,20000,0.311547,29.72682
7519,153.290138,164.05018,1.501078,0.224915,0.000252,0.93441,20000,0.311547,12.771787
7520,119.165153,135.96215,1.948937,0.309242,0.03322,0.876458,20000,0.311547,17.643284
7521,125.130394,100.363751,0.190762,0.562091,0.021349,1.246769,20000,0.311547,27.876881
7522,160.498354,174.565041,1.505791,0.292009,0.040337,0.919419,20000,0.311547,21.373338
7523,125.715822,125.025267,0.302347,0.528121,0.037574,1.005523,20000,0.311547,15.692169
7524,93.124203,112.918375,0.569531,0.127232,0.036003,0.824704,20000,0.311547,0.149223
7525,134.270266,188.33179,0.443205,0.244643,0.00832,0.712945,20000,0.311547,0.198378
7526,190.922207,171.775001,1.047618,0.555673,0.061604,1.111467,20000,0.311547,55.92794
7527,214.68134,188.676827,0.720769,0.475727,0.00645,1.137826,20000,0.311547,47.31132
7528,71.415444,77.666527,0.854134,0.414956,0.045661,0.919514,20000,0.311547,9.585433
7529,215.380836,172.68317,1.033293,0.195017,0.063534,1.24726,20000,0.311547,55.314277
7530,69.949601,59.14478,1.654718,0.506363,0.049791,1.182684,20000,0.311547,24.646691
7531,131.565008,126.303091,1.049421,0.495452,0.054185,1.041661,20000,0.311547,31.52219
7532,85.772338,98.217229,1.057443,0.151903,0.031371,0.873292,20000,0.311547,2.186612
7533,205.360211,165.928125,0.575917,0.457335,0.063894,1.237646,20000,0.311547,54.554943
7534,123.51683,118.847413,0.992706,0.13539,0.050247,1.039289,20000,0.311547,12.898674
7535,185.210556,169.350352,1.774851,0.269612,0.06427,1.093653,20000,0.311547,44.751277
7536,109.795084,141.368115,0.301754,0.564126,0.026404,0.776661,20000,0.311547,4.700061
7537,191.536877,159.640881,0.4778,0.464862,0.076311,1.199798,20000,0.311547,45.771975
7538,153.673922,119.661948,0.745302,0.138227,0.066854,1.284234,20000,0.311547,39.823036
7539,143.78703,136.591248,1.088536,0.136506,0.062935,1.052681,20000,0.311547,18.317733
7540,128.152882,102.785977,1.556973,0.283852,0.00369,1.246793,20000,0.311547,32.118126
7541,97.024427,94.039724,0.059319,0.547023,0.058042,1.031739,20000,0.311547,6.927105
7542,85.472839,88.342262,1.095145,0.261884,0.024166,0.967519,20000,0.311547,9.190222
7543,199.138557,188.110867,1.638245,0.449253,0.035353,1.058623,20000,0.311547,54.539313
7544,199.566803,193.417243,0.698178,0.103158,0.008892,1.031794,20000,0.311547,11.109854
7545,179.978504,150.270615,1.850686,0.181337,0.075686,1.197696,20000,0.311547,51.111598
7546,179.517734,191.73295,1.661813,0.55856,0.05902,0.93629,20000,0.311547,51.968202
7547,177.677703,138.103898,1.631002,0.272322,0.051693,1.286551,20000,0.311547,54.955519
7548,93.316594,96.138168,1.098888,0.460017,0.04638,0.970651,20000,0.311547,18.616266
7549,126.761114,143.50172,0.287707,0.538907,0.041271,0.883342,20000,0.311547,8.931821
7550,197.710141,164.669139,0.582706,0.17625,0.053396,1.200651,20000,0.311547,38.546859
7551,83.958899,76.56324,0.227487,0.198357,0.062402,1.096595,20000,0.311547,9.073961
7552,184.339918,160.476872,1.518814,0.281879,0.072951,1.148701,20000,0.311547,48.857431
7553,46.073649,64.391064,1.639205,0.369667,0.032811,0.715529,20000,0.311547,4.154159
7554,69.707033,71.187373,0.382109,0.445224,0.037333,0.979205,20000,0.311547,7.323349
7555,182.5397,160.350628,1.067945,0.511753,0.04081,1.138378,20000,0.311547,51.01459
7556,179.767292,157.632054,1.933016,0.400491,0.007642,1.140423,20000,0.311547,50.459314
7557,236.157708,188.526831,1.680725,0.406601,0.053491,1.252648,20000,0.311547,81.625958
7558,103.166891,96.629929,0.68499,0.563665,0.070918,1.067649,20000,0.311547,23.601687
7559,73.577938,83.203826,1.71278,0.293337,0.021092,0.88431,20000,0.311547,8.591595
7560,92.0941,77.912134,0.225808,0.399333,0.075105,1.182025,20000,0.311547,16.959022
7561,100.881773,83.770091,1.720329,0.284052,0.035291,1.20427,20000,0.311547,27.082217
7562,92.726922,80.161326,0.107823,0.442628,0.031727,1.156754,20000,0.311547,13.734876
7563,88.156698,81.569354,1.258433,0.431994,0.040386,1.080758,20000,0.311547,21.862549
7564,57.415194,54.008741,0.799554,0.372747,0.078021,1.063072,20000,0.311547,10.993393
7565,73.196962,69.049676,0.213789,0.500249,0.075748,1.060062,20000,0.311547,9.40982
7566,202.193751,180.109013,1.753292,0.564588,0.010917,1.122619,20000,0.311547,68.034848
7567,46.476604,50.453391,0.261572,0.447188,0.045383,0.921179,20000,0.311547,2.857787
7568,100.858384,100.493127,1.788359,0.43702,0.073206,1.003635,20000,0.311547,29.160442
7569,77.844252,70.228868,1.461132,0.271414,0.055138,1.108437,20000,0.311547,17.174981
7570,108.796704,123.952887,0.263103,0.154786,0.061267,0.877726,20000,0.311547,0.304114
7571,104.935408,110.863222,1.395731,0.248842,0.065266,0.94653,20000,0.311547,13.928593
7572,131.059927,135.055316,0.136073,0.261502,0.008807,0.970417,20000,0.311547,3.365925
7573,106.035243,82.433606,0.873439,0.410182,0.021599,1.286311,20000,0.311547,30.208947
7574,211.51359,184.836735,1.958443,0.387851,0.062329,1.144327,20000,0.311547,68.196765
7575,48.698373,58.364493,1.508819,0.536726,0.079917,0.834384,20000,0.311547,11.520442
7576,98.690314,91.9269,1.623206,0.174724,0.008173,1.073574,20000,0.311547,13.22884
7577,64.482132,86.655355,1.207834,0.144986,0.055301,0.744122,20000,0.311547,0.377666
7578,120.549571,114.044814,0.093948,0.204029,0.025508,1.057037,20000,0.311547,7.494392
7579,225.381737,177.428682,0.061546,0.352391,0.029519,1.270267,20000,0.311547,48.452549
7580,136.782541,127.267445,1.336139,0.162738,0.065799,1.074765,20000,0.311547,22.999766
7581,48.269754,51.03447,0.622448,0.309043,0.015702,0.945826,20000,0.311547,3.766471
7582,154.742474,137.2662,0.08278,0.440745,0.030221,1.127317,20000,0.311547,19.592309
7583,143.252445,132.265932,1.468726,0.276295,0.023039,1.083064,20000,0.311547,27.302909
7584,115.405434,133.567962,0.653075,0.237388,0.010947,0.86402,20000,0.311547,3.191529
7585,40.567305,57.931071,0.085875,0.244088,0.030429,0.700269,20000,0.311547,0.0
7586,143.551054,110.808206,0.71934,0.258601,0.017163,1.295491,20000,0.311547,35.655053
7587,139.720605,174.707871,1.06595,0.580104,0.059897,0.799738,20000,0.311547,24.875927
7588,44.614004,59.522794,0.223842,0.599918,0.019378,0.749528,20000,0.311547,1.20105
7589,162.982526,147.313687,0.670806,0.58655,0.029612,1.106364,20000,0.311547,39.326755
7590,217.099119,183.193006,0.786312,0.357439,0.056428,1.185084,20000,0.311547,50.525047
7591,150.021226,148.472421,1.780909,0.252327,0.034294,1.010432,20000,0.311547,25.198053
7592,118.233127,117.14452,1.566035,0.565605,0.071664,1.009293,20000,0.311547,38.654871
7593,210.893368,199.476466,0.882798,0.368057,4.9e-05,1.057234,20000,0.311547,34.170483
7594,201.506002,159.660519,1.380891,0.238007,0.039028,1.26209,20000,0.311547,54.072767
7595,163.33804,159.296705,1.965762,0.331276,0.056933,1.02537,20000,0.311547,39.900919
7596,57.895387,75.418348,1.166343,0.356738,0.060486,0.767657,20000,0.311547,4.773299
7597,219.900502,190.33874,0.85212,0.568155,0.065865,1.155311,20000,0.311547,63.877932
7598,195.081479,150.603491,0.749576,0.361861,0.046585,1.295332,20000,0.311547,54.893034
7599,124.035244,107.664552,1.248727,0.270704,0.04805,1.152053,20000,0.311547,27.730159
7600,104.51103,146.286279,0.071007,0.493557,0.043785,0.714428,20000,0.311547,0.03215
7601,92.524847,89.264645,1.467345,0.273194,0.006162,1.036523,20000,0.302034,14.03143
7602,151.368945,121.81201,0.245895,0.569284,0.079963,1.242644,20000,0.302034,36.257078
7603,155.178425,136.108005,0.245594,0.358624,0.060064,1.140112,20000,0.302034,23.684733
7604,48.594369,54.25648,1.339279,0.144188,0.042927,0.895642,20000,0.302034,2.158339
7605,165.041224,155.862239,1.991583,0.547581,0.000196,1.058892,20000,0.302034,53.765892
7606,201.176727,195.924498,0.729859,0.274953,0.005949,1.026807,20000,0.302034,21.767301
7607,46.435443,63.553071,0.144724,0.595107,0.026841,0.730656,20000,0.302034,0.473834
7608,59.335979,67.827175,0.125229,0.238147,0.052067,0.874811,20000,0.302034,0.157765
7609,86.318195,72.659047,1.58134,0.308853,0.006657,1.18799,20000,0.302034,20.747098
7610,72.758966,85.492093,0.260187,0.392287,0.037677,0.851061,20000,0.302034,1.983035
7611,66.20963,63.686677,0.302173,0.32216,0.004245,1.039615,20000,0.302034,5.861559
7612,106.159064,106.914507,1.262554,0.33615,0.076413,0.992934,20000,0.302034,20.330157
7613,68.731215,53.242864,1.144056,0.404226,0.038749,1.2909,20000,0.302034,21.610645
7614,151.554285,170.848442,0.618976,0.272135,0.065177,0.887069,20000,0.302034,7.938465
7615,234.829896,195.419609,0.389084,0.385493,0.056494,1.20167,20000,0.302034,49.6709
7616,101.536818,124.59959,1.733834,0.13576,0.054441,0.814905,20000,0.302034,3.175522
7617,52.739754,55.651566,0.811814,0.349478,0.050889,0.947678,20000,0.302034,6.282311
7618,207.419531,170.433992,0.349323,0.516291,0.030657,1.217008,20000,0.302034,47.342753
7619,79.348432,104.57714,0.376211,0.295102,0.055695,0.758755,20000,0.302034,0.571097
7620,148.570806,133.962348,1.533455,0.268465,0.067657,1.109049,20000,0.302034,34.863845
7621,118.682518,95.495429,1.640013,0.396071,0.055664,1.242808,20000,0.302034,40.473806
7622,117.154211,152.938782,1.85684,0.486923,0.076042,0.76602,20000,0.302034,24.352476
7623,171.309106,170.939956,0.332862,0.221899,0.059183,1.00216,20000,0.302034,10.69115
7624,106.038491,125.031934,1.116115,0.194588,0.040561,0.848091,20000,0.302034,3.936663
7625,108.012812,90.169871,1.75051,0.39075,0.049643,1.197881,20000,0.302034,34.689112
7626,155.92244,155.883642,1.486415,0.196446,0.001,1.000249,20000,0.302034,14.726457
7627,96.240712,86.726104,0.574406,0.431091,0.015472,1.109709,20000,0.302034,17.869406
7628,71.290517,56.843239,0.455021,0.353935,0.018465,1.25416,20000,0.302034,16.076102
7629,178.998427,181.959986,0.533473,0.585804,0.008971,0.983724,20000,0.302034,29.158268
7630,151.270998,192.057527,0.599931,0.567627,0.024706,0.787634,20000,0.302034,14.43685
7631,147.360163,125.335125,0.069773,0.273849,0.004732,1.175729,20000,0.302034,22.221638
7632,155.803614,149.521666,1.206147,0.259457,0.069718,1.042014,20000,0.302034,27.568366
7633,179.412587,138.068692,0.625054,0.554562,0.001499,1.299444,20000,0.302034,52.573257
7634,94.062494,108.955845,0.539802,0.255861,0.029034,0.863308,20000,0.302034,2.730994
7635,109.96176,97.272075,0.611847,0.212405,0.055758,1.130456,20000,0.302034,17.342622
7636,192.099493,158.668735,1.150651,0.557435,0.031203,1.210695,20000,0.302034,61.789296
7637,135.889402,166.677304,0.237263,0.311676,0.015026,0.815284,20000,0.302034,0.949117
7638,68.996002,96.897639,0.081556,0.317499,0.028024,0.71205,20000,0.302034,0.0
7639,104.935948,142.40715,1.146974,0.411375,0.021695,0.736873,20000,0.302034,8.438253
7640,62.952914,57.637278,1.237736,0.490092,0.052295,1.092226,20000,0.302034,17.731327
7641,229.468231,190.81066,0.952226,0.198439,0.054394,1.202596,20000,0.302034,50.063647
7642,182.707611,141.414862,1.511726,0.194575,0.028896,1.291997,20000,0.302034,48.842366
7643,91.542807,78.626794,1.075974,0.531897,0.074162,1.16427,20000,0.302034,28.641234
7644,192.964688,184.107985,1.540506,0.176903,0.069751,1.048106,20000,0.302034,33.23062
7645,159.679084,143.713922,1.872616,0.332915,0.061205,1.11109,20000,0.302034,44.999225
7646,165.316567,130.978043,0.727766,0.107441,0.019622,1.26217,20000,0.302034,36.432823
7647,97.69574,130.419188,0.592933,0.57865,0.06514,0.74909,20000,0.302034,8.321199
7648,51.227065,60.669049,0.416835,0.442282,8.9e-05,0.844369,20000,0.302034,2.662774
7649,99.154358,135.641586,0.115253,0.237753,0.031045,0.731003,20000,0.302034,7.6e-05
7650,190.490633,189.601701,1.495659,0.264956,0.078165,1.004688,20000,0.302034,35.695504
7651,148.844809,178.837114,0.368983,0.13499,0.002479,0.832293,20000,0.302034,0.054274
7652,143.834586,164.225585,0.323039,0.276369,0.058393,0.875835,20000,0.302034,3.379549
7653,152.722375,156.378437,0.32674,0.526726,0.043831,0.97662,20000,0.302034,17.410176
7654,110.349717,115.211369,0.348847,0.570343,0.051188,0.957802,20000,0.302034,13.796061
7655,157.326228,131.480793,0.566019,0.165437,0.061106,1.196572,20000,0.302034,30.409751
7656,95.192996,84.891238,0.360922,0.451147,0.056791,1.121352,20000,0.302034,16.369412
7657,71.000826,64.633927,1.201027,0.58682,0.077205,1.098507,20000,0.302034,23.024816
7658,154.616292,127.25307,1.23207,0.352885,0.045934,1.21503,20000,0.302034,42.194478
7659,130.221254,149.03205,1.201947,0.143896,0.044889,0.87378,20000,0.302034,4.123771
7660,81.421171,84.585909,1.581193,0.260009,0.048591,0.962586,20000,0.302034,12.065433
7661,166.119079,199.617248,1.842302,0.506769,0.070877,0.832188,20000,0.302034,41.519252
7662,72.680978,69.123379,0.876699,0.195853,0.052016,1.051467,20000,0.302034,8.963469
7663,88.275681,109.998727,0.928117,0.493033,0.077088,0.802515,20000,0.302034,11.591465
7664,51.276438,63.501993,1.024139,0.460805,0.053139,0.807478,20000,0.302034,6.439245
7665,195.302503,173.676275,0.42976,0.171153,0.050538,1.12452,20000,0.302034,26.322831
7666,66.123706,65.173943,1.022538,0.350696,0.07124,1.014573,20000,0.302034,11.673709
7667,142.155259,158.809011,1.992054,0.213712,0.078701,0.895133,20000,0.302034,19.916437
7668,173.592238,156.151328,0.887305,0.198672,0.021131,1.111692,20000,0.302034,24.712469
7669,62.994191,55.119195,1.740575,0.111823,0.037947,1.142872,20000,0.302034,11.824744
7670,38.315225,53.209358,1.807796,0.142566,0.050207,0.720084,20000,0.302034,0.407816
7671,207.351322,189.742815,0.691881,0.347978,0.015719,1.092802,20000,0.302034,34.092433
7672,137.052396,156.536511,0.393158,0.418982,0.076584,0.87553,20000,0.302034,8.63368
7673,76.861005,69.560423,1.543079,0.500541,0.059844,1.104953,20000,0.302034,25.015555
7674,160.756432,180.403028,1.652663,0.49226,0.066076,0.891096,20000,0.302034,40.084146
7675,98.88937,89.948226,1.693169,0.393789,0.06622,1.099403,20000,0.302034,28.922245
7676,65.765524,84.962559,0.46636,0.210236,0.021136,0.774053,20000,0.302034,0.187371
7677,163.069506,128.129673,0.277991,0.250482,0.016574,1.272691,20000,0.302034,35.708364
7678,62.047721,79.693621,1.084683,0.528537,0.035243,0.778578,20000,0.302034,8.894681
7679,133.71789,118.226992,1.570662,0.20572,0.051626,1.131027,20000,0.302034,28.545891
7680,119.248238,117.676869,0.508348,0.328927,0.036285,1.013353,20000,0.302034,12.923485
7681,81.906104,71.057165,1.993783,0.265249,0.070604,1.152679,20000,0.302034,23.631689
7682,142.614853,132.508946,1.954485,0.39015,0.018592,1.076266,20000,0.302034,36.936465
7683,149.457765,151.035887,1.72444,0.18828,0.020119,0.989551,20000,0.302034,16.244603
7684,186.481737,150.691562,0.127989,0.162572,0.077642,1.237506,20000,0.302034,37.320766
7685,75.8484,97.354786,1.4239,0.328121,0.044063,0.779093,20000,0.302034,6.565327
7686,52.530207,63.585281,1.173971,0.199362,0.042437,0.826138,20000,0.302034,1.795466
7687,38.294771,52.729591,0.224534,0.287174,0.02299,0.726248,20000,0.302034,0.019764
7688,131.591687,128.994354,0.705577,0.43681,0.019727,1.020135,20000,0.302034,20.708065
7689,130.4929,174.776986,1.793705,0.272594,0.016402,0.746625,20000,0.302034,7.343533
7690,104.629059,87.981687,0.229655,0.19927,0.023238,1.189214,20000,0.302034,17.261184
7691,123.950405,144.817479,0.642819,0.517821,0.047242,0.855908,20000,0.302034,14.200225
7692,58.356823,77.609681,0.90716,0.520767,0.05843,0.751927,20000,0.302034,6.657233
7693,99.767531,128.551843,1.884865,0.291721,0.060379,0.776088,20000,0.302034,10.73558
7694,136.39701,191.972988,1.361325,0.342733,0.035126,0.710501,20000,0.302034,8.301494
7695,59.303829,60.000263,0.656432,0.46669,0.029378,0.988393,20000,0.302034,8.865072
7696,140.251719,178.227557,0.801903,0.367006,0.079564,0.786925,20000,0.302034,9.301593
7697,144.675114,160.216111,1.507684,0.169047,0.008025,0.903,20000,0.302034,6.865107
7698,56.788473,64.670843,0.775424,0.485633,0.018199,0.878116,20000,0.302034,7.308003
7699,101.863807,133.269697,1.81013,0.458467,0.06737,0.764343,20000,0.302034,19.29649
7700,69.964554,69.403174,0.211362,0.234656,0.019791,1.008089,20000,0.302034,3.417899
7701,211.251125,186.421018,1.677182,0.550515,0.004266,1.133194,20000,0.317631,70.57061
7702,53.743241,61.665401,0.319323,0.544745,0.069952,0.87153,20000,0.317631,4.196923
7703,204.647849,163.090685,1.894151,0.482476,0.06597,1.25481,20000,0.317631,79.749153
7704,90.3976,73.098071,0.937074,0.372571,0.014941,1.236662,20000,0.317631,23.16224
7705,86.691112,69.196909,0.442908,0.176804,0.075936,1.252818,20000,0.317631,19.865002
7706,203.021553,192.195655,0.37538,0.246377,0.010848,1.056327,20000,0.317631,18.565651
7707,76.087842,101.730167,1.247371,0.520348,0.068962,0.747938,20000,0.317631,11.551415
7708,163.187008,143.803573,1.479409,0.518364,0.01965,1.134791,20000,0.317631,50.637856
7709,141.188232,192.496641,1.711731,0.204353,0.032397,0.733458,20000,0.317631,3.91781
7710,135.952806,126.916829,0.622817,0.586627,0.008377,1.071196,20000,0.317631,28.64492
7711,238.333955,187.745585,1.426491,0.45282,0.071068,1.269452,20000,0.317631,86.31277
7712,73.568411,58.460874,1.386597,0.532747,0.030156,1.258421,20000,0.317631,25.778836
7713,68.90794,58.915827,0.658853,0.347275,0.056129,1.1696,20000,0.317631,14.812359
7714,115.020545,93.622731,0.867152,0.150246,0.021048,1.228554,20000,0.317631,23.55594
7715,145.977652,189.109206,0.714507,0.403104,0.010792,0.771923,20000,0.317631,7.893591
7716,151.384926,122.312826,1.972414,0.543464,0.070216,1.237686,20000,0.317631,65.126607
7717,163.809942,143.128442,0.209332,0.414057,0.023698,1.144496,20000,0.317631,24.995297
7718,39.476216,50.807835,0.675274,0.342429,0.047264,0.776971,20000,0.317631,1.516453
7719,44.769656,54.367808,0.728031,0.184461,0.058833,0.823459,20000,0.317631,0.68237
7720,205.770226,190.784011,0.914132,0.558668,0.061219,1.078551,20000,0.317631,53.813269
7721,108.973554,105.889469,0.47273,0.570659,0.059391,1.029126,20000,0.317631,19.242921
7722,77.434108,76.191963,1.480907,0.545364,0.030072,1.016303,20000,0.317631,22.006825
7723,82.399299,116.060324,0.331388,0.578727,0.050961,0.70997,20000,0.317631,2.811106
7724,66.628856,72.473873,0.286664,0.278681,0.074358,0.91935,20000,0.317631,2.241912
7725,110.227906,99.848946,0.507289,0.104398,0.053956,1.103947,20000,0.317631,13.322876
7726,148.296997,128.679139,0.505485,0.437085,0.021469,1.152456,20000,0.317631,29.430963
7727,208.214514,172.177856,1.39653,0.229511,0.061796,1.209299,20000,0.317631,54.190788
7728,132.354821,109.904028,1.20502,0.34761,0.036171,1.204276,20000,0.317631,34.048
7729,57.865615,66.594626,1.721291,0.374659,0.037311,0.868923,20000,0.317631,9.605416
7730,89.835698,103.034783,0.324682,0.202446,0.049233,0.871897,20000,0.317631,0.829087
7731,95.315644,104.800148,1.522183,0.326015,0.006082,0.909499,20000,0.317631,12.028756
7732,71.736789,70.20279,0.942928,0.190024,0.028048,1.021851,20000,0.317631,7.114545
7733,133.598524,174.969019,1.496319,0.499496,0.020608,0.763555,20000,0.317631,21.584337
7734,111.564093,106.141087,1.461951,0.560539,0.072424,1.051092,20000,0.317631,36.094654
7735,60.627914,72.33562,0.545008,0.101454,0.045596,0.838147,20000,0.317631,0.043639
7736,49.161692,65.365084,0.660111,0.395366,0.07956,0.752109,20000,0.317631,2.387627
7737,200.786898,183.515209,0.416983,0.414724,0.025458,1.094116,20000,0.317631,31.416117
7738,142.833254,136.555562,0.365422,0.217361,0.040432,1.045972,20000,0.317631,12.169371
7739,102.43659,121.44084,1.121254,0.567401,0.033607,0.84351,20000,0.317631,19.045388
7740,72.489976,68.530561,1.282835,0.431653,0.048582,1.057776,20000,0.317631,17.543958
7741,64.630841,81.391081,0.183435,0.48884,0.020008,0.794078,20000,0.317631,1.100049
7742,113.758556,87.856314,0.905642,0.115972,0.064938,1.294825,20000,0.317631,30.96164
7743,177.93534,151.06466,1.670996,0.264932,0.063616,1.177875,20000,0.317631,48.632825
7744,126.625049,117.291429,0.97431,0.455889,0.016967,1.079576,20000,0.317631,27.449907
7745,154.798663,147.015116,0.529571,0.519726,0.024546,1.052944,20000,0.317631,27.750423
7746,82.784712,88.526151,0.133467,0.316869,0.011034,0.935144,20000,0.317631,1.755526
7747,68.606854,78.0974,1.304896,0.264896,0.033581,0.878478,20000,0.317631,6.03582
7748,185.424735,147.771442,1.900695,0.20032,0.022662,1.254808,20000,0.317631,48.022045
7749,201.071964,194.636305,0.700583,0.375713,0.075464,1.033065,20000,0.317631,33.588865
7750,149.120875,185.413711,0.912384,0.249061,0.042916,0.80426,20000,0.317631,5.162236
7751,65.101193,63.558739,0.502973,0.344754,0.016252,1.024268,20000,0.317631,7.40547
7752,228.808854,183.80228,1.536609,0.40078,0.073901,1.244864,20000,0.317631,78.756634
7753,52.2665,50.338729,1.275447,0.492402,0.004983,1.038296,20000,0.317631,12.320054
7754,87.849094,72.904602,0.579658,0.515746,0.042391,1.204987,20000,0.317631,22.637927
7755,93.176812,124.79784,0.888442,0.482459,0.029249,0.746622,20000,0.317631,8.322733
7756,82.246848,88.808295,1.195427,0.442703,0.034682,0.926117,20000,0.317631,14.809979
7757,170.796208,159.266598,1.61944,0.230917,0.057177,1.072392,20000,0.317631,34.126967
7758,186.979081,161.69166,1.048049,0.253417,0.035579,1.156393,20000,0.317631,37.511033
7759,86.700124,85.3299,1.303585,0.526646,0.068125,1.016058,20000,0.317631,24.277601
7760,116.413479,164.394512,0.905742,0.58657,0.028458,0.708135,20000,0.317631,13.553897
7761,126.47558,176.134968,0.19985,0.599878,0.062881,0.718061,20000,0.317631,2.24727
7762,65.908462,73.903963,1.974109,0.161818,0.029892,0.891812,20000,0.317631,4.484888
7763,68.37755,83.117185,1.828018,0.213781,0.046384,0.822664,20000,0.317631,4.897817
7764,184.608721,198.664664,1.330504,0.472347,0.010507,0.929248,20000,0.317631,35.543695
7765,114.702704,99.112968,0.812037,0.457319,0.021373,1.157293,20000,0.317631,26.881713
7766,134.664532,116.79325,0.222123,0.170403,0.062384,1.153016,20000,0.317631,19.725131
7767,112.754876,134.150003,1.593417,0.38501,0.029481,0.840513,20000,0.317631,16.321653
7768,104.333364,96.477802,0.334369,0.55274,0.039762,1.081424,20000,0.317631,17.552129
7769,138.682739,158.002875,0.594877,0.40241,0.062186,0.877723,20000,0.317631,12.117255
7770,242.023205,186.782024,1.015481,0.190048,0.056539,1.295752,20000,0.317631,66.321406
7771,63.844745,53.338389,0.445471,0.353206,0.043111,1.196975,20000,0.317631,13.112418
7772,167.072302,138.270646,1.665508,0.513786,0.049729,1.208299,20000,0.317631,61.434679
7773,142.087874,167.898046,1.265967,0.400257,0.069494,0.846275,20000,0.317631,20.802827
7774,138.975362,167.352186,1.430368,0.405738,0.005219,0.830436,20000,0.317631,17.639464
7775,69.676869,80.078303,0.555829,0.585558,0.045723,0.870109,20000,0.317631,9.118267
7776,109.632052,120.913835,0.538218,0.516721,0.064897,0.906696,20000,0.317631,13.707002
7777,144.51057,178.63821,0.624016,0.113937,0.068565,0.808957,20000,0.317631,0.176086
7778,113.0205,90.456586,0.085916,0.26272,0.024018,1.249445,20000,0.317631,22.746617
7779,45.73666,60.104474,1.949118,0.181945,0.050091,0.760953,20000,0.317631,1.851198
7780,145.263582,128.273095,1.809818,0.296315,0.00511,1.132456,20000,0.317631,31.24026
7781,181.997669,181.06999,1.505529,0.451494,0.063619,1.005123,20000,0.317631,47.281864
7782,124.369265,104.471342,1.0597,0.565381,0.047435,1.190463,20000,0.317631,39.387326
7783,149.810894,172.223437,1.593909,0.547136,0.058773,0.869864,20000,0.317631,37.48534
7784,61.796766,67.301583,1.055261,0.294161,0.023162,0.918207,20000,0.317631,5.905503
7785,151.026691,167.581215,1.763636,0.522122,0.070044,0.901215,20000,0.317631,42.037348
7786,169.420489,186.840503,1.486362,0.587147,0.048391,0.906765,20000,0.317631,44.786309
7787,229.55792,199.211315,1.349007,0.134849,0.067817,1.152334,20000,0.317631,48.890264
7788,93.326109,95.79044,0.646118,0.452224,0.012006,0.974274,20000,0.317631,12.459985
7789,170.272728,135.757791,1.621752,0.427598,0.017769,1.254239,20000,0.317631,55.682059
7790,122.596428,159.212161,1.963653,0.421536,0.0229,0.770019,20000,0.317631,19.205128
7791,243.919341,188.100533,1.908327,0.205337,0.022892,1.29675,20000,0.317631,68.091412
7792,198.110783,199.398266,1.53694,0.540728,0.009336,0.993543,20000,0.317631,54.44252
7793,45.23336,56.514805,0.065758,0.197066,0.040229,0.800381,20000,0.317631,6e-06
7794,70.735488,77.625207,1.782312,0.594838,0.046721,0.911244,20000,0.317631,21.664793
7795,127.525508,122.701051,1.207204,0.418538,0.009134,1.039319,20000,0.317631,25.481418
7796,139.61064,184.036738,1.995611,0.411933,0.004092,0.758602,20000,0.317631,18.653471
7797,114.271988,152.649994,0.261081,0.488535,0.062508,0.748588,20000,0.317631,2.305866
7798,162.721988,149.808259,0.671788,0.336769,0.020484,1.086202,20000,0.317631,25.910349
7799,87.344693,68.224733,1.261661,0.57292,0.045572,1.28025,20000,0.317631,32.641978
7800,113.905592,129.368311,0.615799,0.356936,0.009173,0.880475,20000,0.317631,7.241704
7801,120.265677,152.207301,1.830763,0.164867,0.021358,0.790144,20000,0.294125,3.161987
7802,116.969392,90.795694,1.877047,0.102412,0.037505,1.28827,20000,0.294125,32.393428
7803,232.50836,183.014506,1.370927,0.295399,0.070376,1.270437,20000,0.294125,72.672328
7804,184.106253,182.351919,1.836534,0.25791,0.032627,1.009621,20000,0.294125,31.433863
7805,201.083642,178.364626,1.27787,0.508938,0.060118,1.127374,20000,0.294125,62.133238
7806,158.721595,144.343416,1.928505,0.498194,0.076695,1.099611,20000,0.294125,56.881429
7807,133.199179,105.092196,1.262483,0.24866,0.006015,1.267451,20000,0.294125,32.332983
7808,111.631624,148.004692,0.124231,0.133655,0.070458,0.754244,20000,0.294125,0.0
7809,72.3822,95.927478,0.413804,0.44701,0.029645,0.754551,20000,0.294125,2.205086
7810,126.098068,125.037347,0.382067,0.262512,0.013558,1.008483,20000,0.294125,9.101017
7811,229.515376,193.898534,1.684647,0.213552,0.031014,1.183688,20000,0.294125,51.989326
7812,137.652143,178.15326,0.118107,0.234767,0.002846,0.772661,20000,0.294125,0.002841
7813,138.713329,140.383955,0.065041,0.190974,0.051973,0.9881,20000,0.294125,2.151609
7814,143.580345,141.076881,0.744111,0.205013,0.036433,1.017745,20000,0.294125,13.319878
7815,119.826319,154.215714,0.711979,0.467833,0.038897,0.777005,20000,0.294125,9.512864
7816,115.97626,164.136788,1.775502,0.237005,0.068762,0.706583,20000,0.294125,5.603321
7817,163.899286,183.474269,0.426189,0.242746,0.055472,0.893309,20000,0.294125,4.86956
7818,225.196768,179.935677,1.465934,0.432924,0.014374,1.25154,20000,0.294125,70.316408
7819,80.155021,79.29933,1.082213,0.234072,0.072768,1.010791,20000,0.294125,11.478688
7820,115.02522,120.518976,1.463679,0.525236,0.048533,0.954416,20000,0.294125,29.511126
7821,110.237992,105.809921,1.926026,0.262989,0.049152,1.041849,20000,0.294125,22.469413
7822,131.859343,104.927178,0.90188,0.100454,0.009964,1.256675,20000,0.294125,27.773565
7823,126.388528,125.281376,1.856435,0.200444,0.061579,1.008837,20000,0.294125,21.647457
7824,95.266495,110.455152,0.880181,0.490842,0.079677,0.86249,20000,0.294125,14.614385
7825,64.924292,52.261391,1.779027,0.205824,0.024451,1.242299,20000,0.294125,16.455237
7826,184.509995,196.071411,0.941107,0.513883,0.040185,0.941035,20000,0.294125,34.45033
7827,106.506005,87.180451,1.608726,0.535066,0.029518,1.221673,20000,0.294125,37.753785
7828,58.127585,61.285385,0.787964,0.162617,0.030691,0.948474,20000,0.294125,2.605647
7829,99.134733,113.366424,1.838973,0.396456,0.067079,0.874463,20000,0.294125,20.074147
7830,54.423877,55.593193,0.376503,0.396246,0.00648,0.978967,20000,0.294125,4.789452
7831,166.512045,134.238062,0.923396,0.493205,0.065926,1.240423,20000,0.294125,52.236079
7832,84.187347,109.172018,1.112994,0.5637,0.073477,0.771144,20000,0.294125,15.117696
7833,122.237116,146.135977,0.567112,0.171001,0.070859,0.836461,20000,0.294125,1.203379
7834,58.722627,79.331457,1.671496,0.116417,0.006735,0.740219,20000,0.294125,0.093498
7835,210.170491,177.924765,1.756793,0.448675,0.045855,1.181232,20000,0.294125,69.954689
7836,67.064728,71.20097,0.549689,0.127095,0.00202,0.941907,20000,0.294125,1.090261
7837,89.001424,92.8995,0.517462,0.353527,0.05885,0.95804,20000,0.294125,8.826104
7838,94.065332,88.731949,1.160263,0.463833,0.032273,1.060107,20000,0.294125,22.750558
7839,105.722404,146.971878,1.545401,0.428061,0.021198,0.719338,20000,0.294125,11.42619
7840,84.9416,103.785711,1.036714,0.170454,0.052023,0.818433,20000,0.294125,1.763083
7841,141.050478,148.688255,0.980158,0.354782,0.067198,0.948632,20000,0.294125,20.348965
7842,71.719958,77.873365,1.004428,0.405924,0.024528,0.920982,20000,0.294125,9.646993
7843,138.828552,125.314217,1.220709,0.316256,0.071174,1.107844,20000,0.294125,31.845049
7844,149.537693,132.091072,0.687816,0.146179,0.068886,1.13208,20000,0.294125,24.164954
7845,141.741397,197.393205,1.699601,0.208689,0.06127,0.718066,20000,0.294125,4.95188
7846,91.339124,79.302125,1.424459,0.254594,0.019186,1.151787,20000,0.294125,18.914207
7847,62.298024,56.547107,1.537306,0.263252,0.01952,1.101701,20000,0.294125,11.964372
7848,137.102377,147.05446,0.863133,0.599739,0.055361,0.932324,20000,0.294125,29.659406
7849,238.1666,197.604417,1.872325,0.441684,0.053016,1.20527,20000,0.294125,84.49263
7850,165.216503,168.184953,1.229983,0.344225,0.05489,0.98235,20000,0.294125,29.221278
7851,73.090413,59.695774,0.38948,0.178782,0.062702,1.224382,20000,0.294125,14.946434
7852,138.509748,176.884245,0.841242,0.318681,0.006524,0.783053,20000,0.294125,4.963054
7853,90.572354,124.389628,0.314364,0.325312,0.033097,0.728134,20000,0.294125,0.346385
7854,99.947169,84.49371,0.486544,0.327182,0.072302,1.182895,20000,0.294125,20.349
7855,96.079099,133.829326,0.981689,0.157785,0.017761,0.717923,20000,0.294125,0.141405
7856,72.113336,59.026043,0.283384,0.527621,0.02918,1.221721,20000,0.294125,16.083461
7857,148.620072,177.887453,0.498568,0.18044,0.062806,0.835472,20000,0.294125,1.136815
7858,231.278431,190.336933,0.2962,0.591709,0.059715,1.2151,20000,0.294125,54.301522
7859,189.083036,178.087096,1.489274,0.152373,0.021982,1.061745,20000,0.294125,23.440662
7860,138.036709,167.155919,1.780317,0.571229,0.019098,0.825796,20000,0.294125,33.094424
7861,113.440792,105.957521,1.962136,0.313093,0.05307,1.070625,20000,0.294125,27.991856
7862,194.925275,182.152591,0.954971,0.202726,0.058457,1.070121,20000,0.294125,28.626458
7863,106.196816,97.293941,0.482627,0.122469,0.022366,1.091505,20000,0.294125,10.52885
7864,38.431856,52.975153,0.539822,0.413984,0.042358,0.725469,20000,0.294125,1.125152
7865,88.789638,113.315068,0.740159,0.305294,0.024687,0.783564,20000,0.294125,2.816745
7866,127.77201,148.872415,0.790007,0.530436,0.00985,0.858265,20000,0.294125,16.759574
7867,97.57857,113.294467,0.410765,0.432983,0.020136,0.861283,20000,0.294125,5.556747
7868,230.777121,191.076509,0.829862,0.246492,0.036372,1.207773,20000,0.294125,49.34794
7869,133.825946,141.857755,0.924291,0.205463,0.028791,0.943381,20000,0.294125,8.627824
7870,123.278697,164.175695,1.04752,0.47292,0.054562,0.750895,20000,0.294125,13.598585
7871,178.869828,147.534287,0.580805,0.453679,0.046899,1.212395,20000,0.294125,44.114571
7872,188.00767,184.345108,1.789558,0.530496,0.029823,1.019868,20000,0.294125,57.815429
7873,95.684833,107.933548,0.202959,0.176872,0.073083,0.886516,20000,0.294125,0.363798
7874,115.228612,100.011134,0.594495,0.37759,0.055771,1.152158,20000,0.294125,23.780903
7875,154.81918,193.774165,0.66376,0.173439,0.018087,0.798967,20000,0.294125,0.711612
7876,121.057693,135.823173,0.781342,0.285367,0.061596,0.891289,20000,0.294125,8.978519
7877,164.430258,136.542982,0.388874,0.236477,0.032226,1.204238,20000,0.294125,30.023082
7878,173.413638,175.737258,0.473833,0.512337,0.000299,0.986778,20000,0.294125,23.524856
7879,103.921143,138.750475,1.714205,0.304554,0.057333,0.748979,20000,0.294125,9.437525
7880,140.99851,132.963338,1.497246,0.326419,0.050605,1.060431,20000,0.294125,31.423068
7881,77.480978,107.512002,1.219912,0.445996,0.035111,0.720673,20000,0.294125,7.682021
7882,75.206645,68.268898,1.905536,0.319169,0.075894,1.101624,20000,0.294125,21.669154
7883,76.098045,88.769394,0.864166,0.242547,0.078286,0.857255,20000,0.294125,4.192882
7884,170.947358,186.763012,1.641649,0.491922,0.002311,0.915317,20000,0.294125,38.603797
7885,105.868819,140.026256,0.394195,0.400389,0.049407,0.756064,20000,0.294125,2.447866
7886,119.004996,132.183956,0.923964,0.294303,0.020533,0.900298,20000,0.294125,9.286016
7887,128.906005,118.319603,1.628319,0.528551,0.040064,1.089473,20000,0.294125,40.472795
7888,114.670687,161.178574,1.840297,0.342373,0.038133,0.711451,20000,0.294125,10.219261
7889,172.612289,170.515502,0.326038,0.486133,0.023267,1.012297,20000,0.294125,20.51337
7890,168.712905,146.500358,1.415151,0.214405,0.076402,1.151621,20000,0.294125,40.745519
7891,98.623795,132.617513,1.317539,0.1063,0.016775,0.743671,20000,0.294125,0.057671
7892,168.188073,198.624596,0.181454,0.465045,0.079376,0.846764,20000,0.294125,4.436172
7893,143.652452,189.263961,1.786036,0.161716,0.057046,0.759006,20000,0.294125,4.106329
7894,191.281435,175.911961,1.26518,0.489232,0.032222,1.08737,20000,0.294125,50.545898
7895,93.186491,72.021621,1.145591,0.512228,0.057808,1.293868,20000,0.294125,33.03317
7896,141.677785,158.1827,1.396833,0.391748,0.04119,0.895659,20000,0.294125,22.588667
7897,98.352876,118.215679,0.108956,0.108872,0.05296,0.831978,20000,0.294125,0.0
7898,120.552533,163.95363,1.339483,0.566919,0.011893,0.735284,20000,0.294125,19.425739
7899,50.176761,62.156474,1.89399,0.575887,0.001763,0.807265,20000,0.294125,11.856937
7900,124.54405,131.957793,1.213528,0.555217,0.054433,0.943817,20000,0.294125,29.508439
7901,69.998826,75.206543,1.160104,0.497537,0.009784,0.930754,20000,0.321881,13.079945
7902,38.849821,50.745967,1.129449,0.292152,0.030339,0.765575,20000,0.321881,1.722326
7903,144.215193,147.753496,0.307094,0.596154,0.01839,0.976053,20000,0.321881,17.761794
7904,120.476134,101.036384,0.207984,0.528459,0.031156,1.192403,20000,0.321881,23.259077
7905,129.465989,100.182298,0.84662,0.315512,0.055226,1.292304,20000,0.321881,36.134827
7906,206.174426,183.839555,0.418637,0.321138,0.031494,1.121491,20000,0.321881,31.167351
7907,213.419508,174.589909,0.993563,0.5611,0.021967,1.222405,20000,0.321881,67.427939
7908,223.938716,187.24283,0.699838,0.545011,0.004151,1.19598,20000,0.321881,58.456129
7909,78.998681,74.362847,1.813586,0.376138,0.068271,1.062341,20000,0.321881,22.748553
7910,208.524572,175.08464,0.894216,0.477147,0.023246,1.190993,20000,0.321881,54.544461
7911,54.922656,59.278516,1.760752,0.357472,0.070239,0.926519,20000,0.321881,11.54809
7912,183.107825,151.215419,1.366955,0.551914,0.037655,1.210907,20000,0.321881,62.997703
7913,53.559503,68.064175,1.560881,0.346442,0.037675,0.786897,20000,0.321881,5.765066
7914,131.740841,137.848721,1.723668,0.394303,0.064351,0.955691,20000,0.321881,30.305163
7915,207.561912,166.16222,1.838441,0.234882,0.044046,1.249152,20000,0.321881,59.458334
7916,51.028012,56.194554,0.251632,0.386059,0.060615,0.90806,20000,0.321881,2.284067
7917,251.779201,197.852957,1.207719,0.233185,0.077546,1.272557,20000,0.321881,73.265736
7918,56.351785,75.684136,0.24325,0.114072,0.007414,0.744565,20000,0.321881,0.0
7919,53.180463,52.405717,0.917474,0.583791,0.025709,1.014784,20000,0.321881,12.393495
7920,98.847933,110.426005,1.059106,0.274604,0.075412,0.895151,20000,0.321881,9.729441
7921,170.099612,143.044071,1.449778,0.295999,0.045454,1.189141,20000,0.321881,44.73281
7922,159.899558,170.960859,1.725776,0.584404,0.02132,0.935299,20000,0.321881,43.960926
7923,67.272395,90.673979,1.664689,0.308939,0.021832,0.741915,20000,0.321881,4.688567
7924,140.647031,133.141512,1.040883,0.521568,0.052587,1.056372,20000,0.321881,36.276279
7925,73.949181,73.766323,1.44543,0.122425,0.063792,1.002479,20000,0.321881,8.209158
7926,113.172688,151.293568,1.95248,0.524317,0.039322,0.748034,20000,0.321881,24.235246
7927,142.376499,182.259275,1.072493,0.390178,0.059436,0.781176,20000,0.321881,13.18385
7928,201.495203,193.330083,0.506316,0.246202,0.078516,1.042234,20000,0.321881,22.795916
7929,57.875268,58.441418,1.400454,0.511261,0.0217,0.990313,20000,0.321881,13.943986
7930,43.291666,60.049031,0.051925,0.536511,0.073244,0.720939,20000,0.321881,0.006195
7931,62.491601,56.869532,1.738903,0.307763,0.067225,1.098859,20000,0.321881,16.329606
7932,111.011804,89.980267,1.227871,0.25514,0.021722,1.233735,20000,0.321881,26.250117
7933,216.695397,191.331622,0.698284,0.262261,0.015723,1.132564,20000,0.321881,34.624873
7934,237.817222,189.776906,0.15305,0.262323,0.030616,1.253141,20000,0.321881,49.062457
7935,95.252574,99.963293,1.265302,0.190249,0.05185,0.952876,20000,0.321881,8.960472
7936,111.34098,116.062232,0.68301,0.493801,0.017567,0.959321,20000,0.321881,16.727593
7937,92.324508,95.446696,1.196721,0.448694,0.007922,0.967289,20000,0.321881,16.834256
7938,189.945091,199.782174,1.011645,0.471337,0.01712,0.950761,20000,0.321881,33.276673
7939,97.153902,126.453236,0.823605,0.501588,0.018612,0.768299,20000,0.321881,9.12472
7940,175.790337,194.514216,1.057776,0.300197,0.006038,0.90374,20000,0.321881,14.914909
7941,160.407512,195.239177,1.071903,0.301216,0.056415,0.821595,20000,0.321881,11.646825
7942,172.625903,180.106417,0.716657,0.569387,0.049816,0.958466,20000,0.321881,32.380009
7943,221.83974,192.475978,1.279076,0.115374,0.015964,1.152558,20000,0.321881,34.638347
7944,74.652875,92.983634,1.973212,0.413194,0.028191,0.80286,20000,0.321881,12.540736
7945,150.504465,199.523435,0.299512,0.291672,0.071117,0.75432,20000,0.321881,0.612391
7946,123.222913,132.572015,0.996143,0.515623,0.021685,0.929479,20000,0.321881,22.363141
7947,176.937754,145.117925,0.452265,0.28778,0.046626,1.219269,20000,0.321881,36.593487
7948,120.351631,126.118755,0.87144,0.599715,0.003506,0.954272,20000,0.321881,24.591269
7949,192.908989,162.67674,0.53277,0.124733,0.042119,1.185842,20000,0.321881,33.914074
7950,149.917459,135.070967,1.723136,0.390954,0.016543,1.109916,20000,0.321881,38.627158
7951,238.814392,187.674929,0.444783,0.361081,0.026934,1.27249,20000,0.321881,57.87742
7952,64.884482,78.757724,1.12532,0.240003,0.074048,0.823849,20000,0.321881,3.734415
7953,69.173713,66.579401,0.893475,0.428766,0.050933,1.038966,20000,0.321881,13.492383
7954,126.614144,132.055436,0.571474,0.202773,0.018188,0.958795,20000,0.321881,6.008844
7955,93.022214,106.140623,0.696634,0.565954,0.002414,0.876405,20000,0.321881,12.778126
7956,123.889734,108.517947,1.495461,0.249463,0.046733,1.141652,20000,0.321881,27.884144
7957,98.612628,87.729695,0.411564,0.284243,0.078916,1.124051,20000,0.321881,15.486154
7958,76.724675,60.717525,0.095525,0.346294,0.065671,1.263633,20000,0.321881,16.354316
7959,166.704473,190.289849,1.241146,0.15808,0.063172,0.876056,20000,0.321881,7.990861
7960,64.252281,62.605259,0.248665,0.249767,0.004413,1.026308,20000,0.321881,4.074798
7961,150.836536,156.306959,0.186059,0.138844,0.016713,0.965002,20000,0.321881,1.704196
7962,117.010551,99.795891,1.215315,0.445524,0.048734,1.172499,20000,0.321881,34.180662
7963,129.416577,172.114625,1.23951,0.399145,0.079835,0.751921,20000,0.321881,14.190878
7964,104.142113,134.544111,1.087155,0.57699,0.059062,0.774037,20000,0.321881,17.459942
7965,127.609095,109.354237,1.386962,0.412192,0.043664,1.166933,20000,0.321881,35.6775
7966,133.013459,148.735974,0.379063,0.594944,0.022505,0.894292,20000,0.321881,13.948063
7967,140.598239,191.377356,1.827662,0.51802,0.003117,0.734665,20000,0.321881,24.358317
7968,200.493629,174.750696,1.030102,0.386051,0.018933,1.147312,20000,0.321881,45.909519
7969,151.421718,146.221445,0.852638,0.499852,0.049237,1.035564,20000,0.321881,32.375774
7970,62.186901,84.228727,0.301073,0.292623,0.067607,0.73831,20000,0.321881,0.174051
7971,148.342086,135.042371,1.570442,0.1854,0.048089,1.098486,20000,0.321881,27.26883
7972,128.453483,100.389508,0.175124,0.115853,0.045616,1.279551,20000,0.321881,28.880775
7973,162.839252,178.295058,0.44567,0.182911,0.065707,0.913313,20000,0.321881,4.113484
7974,71.305071,92.189674,1.852768,0.228649,0.07825,0.77346,20000,0.321881,5.821269
7975,158.031957,153.812034,1.875387,0.246033,0.061179,1.027436,20000,0.321881,31.531552
7976,65.691966,51.865827,0.621424,0.113113,0.063745,1.266575,20000,0.321881,15.836291
7977,48.562493,57.089647,1.864356,0.117993,0.074759,0.850636,20000,0.321881,2.618341
7978,199.708576,156.463439,0.748331,0.351221,0.031378,1.276391,20000,0.321881,52.553449
7979,228.410995,190.078325,1.219844,0.138999,0.015147,1.201668,20000,0.321881,43.432012
7980,77.704572,93.226135,0.940793,0.149747,0.013896,0.833506,20000,0.321881,0.744105
7981,119.976825,128.77522,1.627633,0.512182,0.060434,0.931676,20000,0.321881,31.643883
7982,110.814788,91.964502,0.573286,0.528229,0.047767,1.204973,20000,0.321881,28.693314
7983,207.775536,175.641603,0.07581,0.124071,0.075702,1.182952,20000,0.321881,33.131857
7984,102.7328,93.774437,0.726728,0.367781,0.032644,1.095531,20000,0.321881,18.479835
7985,93.977943,75.697179,0.88438,0.461724,0.039356,1.241499,20000,0.321881,27.130926
7986,143.035944,191.128466,0.344794,0.492828,0.057087,0.748376,20000,0.321881,4.426351
7987,176.249428,148.544323,1.080477,0.217484,0.071861,1.186511,20000,0.321881,40.776728
7988,72.918839,61.367763,1.280708,0.357856,0.002974,1.188227,20000,0.321881,18.146236
7989,85.657853,112.782975,1.798977,0.199457,0.011735,0.759493,20000,0.321881,2.441441
7990,167.044368,180.275771,1.912667,0.130048,0.07467,0.926605,20000,0.321881,17.680773
7991,116.115876,118.917269,1.450709,0.384385,0.045527,0.976443,20000,0.321881,23.127894
7992,202.597338,187.47906,1.773956,0.15998,0.022336,1.08064,20000,0.321881,30.070421
7993,134.248949,176.244145,1.806326,0.107956,0.024502,0.761721,20000,0.321881,0.537657
7994,74.989805,101.783517,1.005639,0.296288,0.072673,0.736758,20000,0.321881,3.049087
7995,102.528239,138.662146,0.71874,0.336915,0.049509,0.73941,20000,0.321881,3.226494
7996,176.861529,181.488846,1.401475,0.48359,0.042576,0.974504,20000,0.321881,42.103764
7997,83.613471,86.574412,1.204377,0.588481,0.008711,0.965799,20000,0.321881,20.939197
7998,63.910456,53.708407,0.231156,0.211875,0.06225,1.189953,20000,0.321881,11.069183
7999,145.983448,161.670359,0.857653,0.337969,0.047149,0.90297,20000,0.321881,14.629809
8000,130.887437,167.172916,0.43634,0.178624,0.058216,0.782946,20000,0.321881,0.200001
8001,108.744486,123.200689,0.195324,0.572541,0.031753,0.882661,20000,0.320503,6.055118
8002,153.059578,145.187764,0.60993,0.535909,0.070934,1.054218,20000,0.320503,31.279303
8003,123.938319,154.370684,0.516751,0.151924,0.004335,0.802862,20000,0.320503,0.134088
8004,67.201013,54.997242,1.998368,0.553807,0.002047,1.221898,20000,0.320503,25.850829
8005,85.916165,114.89249,0.087042,0.115143,0.040131,0.747796,20000,0.320503,0.0
8006,172.525283,160.121956,1.712828,0.506033,0.068863,1.077462,20000,0.320503,56.892637
8007,118.314759,164.964886,0.5549,0.270042,0.03509,0.717212,20000,0.320503,0.703266
8008,92.069399,99.301358,1.683585,0.501996,0.045579,0.927172,20000,0.320503,23.436273
8009,60.086145,80.716862,0.287557,0.220556,0.073154,0.744406,20000,0.320503,0.031362
8010,68.132162,73.537456,1.675246,0.343469,0.024924,0.926496,20000,0.320503,11.279411
8011,73.200241,69.859204,1.549836,0.383891,0.035524,1.047825,20000,0.320503,16.565016
8012,144.569837,191.721904,0.574834,0.37389,0.031017,0.75406,20000,0.320503,4.485306
8013,85.152596,70.156305,1.29568,0.34929,0.051292,1.213755,20000,0.320503,23.893777
8014,63.817459,60.16333,1.89295,0.375985,0.050283,1.060737,20000,0.320503,17.274487
8015,75.697802,58.353774,0.560731,0.19439,0.040337,1.297222,20000,0.320503,18.760336
8016,108.499563,101.204763,0.706381,0.291554,0.06804,1.07208,20000,0.320503,16.853166
8017,72.160965,79.071934,1.299813,0.534395,0.044528,0.912599,20000,0.320503,16.69571
8018,107.628132,143.074201,1.47382,0.147549,0.003641,0.752254,20000,0.320503,0.55427
8019,171.179729,176.77271,0.192162,0.261316,0.033026,0.968361,20000,0.320503,5.953808
8020,138.925847,198.082903,1.819951,0.53595,0.013884,0.701352,20000,0.320503,24.755909
8021,180.658991,154.315963,0.863503,0.204248,0.048573,1.170708,20000,0.320503,35.022866
8022,118.472541,113.997222,1.897608,0.420169,0.029164,1.039258,20000,0.320503,31.341485
8023,102.144471,133.842593,0.837892,0.45171,0.022244,0.763169,20000,0.320503,8.150371
8024,73.075801,75.713605,1.345832,0.51016,0.011966,0.965161,20000,0.320503,16.489469
8025,152.945593,184.664196,1.193493,0.481394,0.059996,0.828236,20000,0.320503,24.915987
8026,133.536677,178.846476,0.793873,0.459505,0.027293,0.746655,20000,0.320503,9.375772
8027,160.027709,128.984703,1.556033,0.512465,0.023647,1.240672,20000,0.320503,57.204397
8028,95.8409,103.673553,1.757965,0.56862,0.031829,0.924449,20000,0.320503,27.57796
8029,149.174275,145.215295,0.110325,0.557493,0.051686,1.027263,20000,0.320503,13.3704
8030,170.442679,137.635847,1.673979,0.476963,0.00788,1.23836,20000,0.320503,57.857288
8031,132.636499,183.344966,0.952263,0.130716,0.054886,0.723426,20000,0.320503,0.109315
8032,83.491986,117.150026,1.937087,0.33888,0.023244,0.712693,20000,0.320503,7.275919
8033,195.234305,186.174686,1.284939,0.285646,0.068547,1.048662,20000,0.320503,37.833395
8034,192.39216,152.196991,1.695018,0.227126,0.077214,1.2641,20000,0.320503,61.728751
8035,182.884955,150.565676,1.565647,0.280398,0.063787,1.214652,20000,0.320503,52.86596
8036,69.809036,95.645951,1.478046,0.536937,0.060143,0.729869,20000,0.320503,12.208945
8037,156.353954,146.587314,0.063403,0.310616,0.077945,1.066627,20000,0.320503,11.698329
8038,80.979693,84.729083,0.633286,0.513678,0.066573,0.955748,20000,0.320503,13.168552
8039,252.195239,195.403532,0.594811,0.247428,0.060386,1.290638,20000,0.320503,64.809054
8040,66.485981,82.175279,1.689654,0.49498,0.011654,0.809075,20000,0.320503,12.590691
8041,215.66366,187.241336,1.036057,0.409545,0.027071,1.151795,20000,0.320503,53.782982
8042,38.230977,50.873498,0.513265,0.441298,0.042025,0.751491,20000,0.320503,1.598569
8043,111.777382,123.872707,0.522937,0.138972,0.072508,0.902357,20000,0.320503,1.840622
8044,144.029277,155.744971,0.150144,0.458809,0.069119,0.924776,20000,0.320503,6.434826
8045,79.146544,83.072602,0.349513,0.229116,0.008928,0.952739,20000,0.320503,2.78056
8046,198.396179,158.184642,1.59499,0.307729,0.027761,1.254206,20000,0.320503,56.832091
8047,119.316118,109.185955,0.638601,0.496284,0.037252,1.092779,20000,0.320503,24.996323
8048,196.308189,157.764661,1.301445,0.515395,0.040468,1.24431,20000,0.320503,67.075169
8049,199.278301,183.978496,1.260506,0.553154,0.061175,1.083161,20000,0.320503,60.692425
8050,145.257928,145.271854,0.517253,0.194102,0.053343,0.999904,20000,0.320503,10.211513
8051,86.030952,104.783416,1.46745,0.403991,0.035742,0.821036,20000,0.320503,11.75276
8052,203.932264,189.320493,0.964954,0.437569,0.027301,1.07718,20000,0.320503,44.608561
8053,131.441995,116.994637,0.595716,0.229099,0.004482,1.123487,20000,0.320503,18.14556
8054,132.770168,142.720342,0.817724,0.419049,0.019248,0.930282,20000,0.320503,16.794549
8055,209.071337,184.968527,1.812343,0.535015,0.051452,1.130308,20000,0.320503,76.354015
8056,118.132838,140.571502,0.803417,0.475053,0.046173,0.840375,20000,0.320503,14.036203
8057,162.991733,188.930196,1.242996,0.559272,0.013693,0.862709,20000,0.320503,33.698079
8058,158.421654,187.64215,0.703728,0.296147,0.024658,0.844275,20000,0.320503,6.957201
8059,202.165485,156.713472,0.557547,0.191697,0.067791,1.290033,20000,0.320503,51.613269
8060,203.19309,198.400437,0.078553,0.576134,0.074091,1.024156,20000,0.320503,15.845307
8061,67.712571,61.64081,0.320547,0.34771,0.072538,1.098502,20000,0.320503,9.643913
8062,67.174103,55.902719,0.20836,0.407747,0.03048,1.201625,20000,0.320503,12.470268
8063,175.015263,169.514414,0.615491,0.277919,0.023633,1.032451,20000,0.320503,19.81983
8064,139.08117,149.916968,1.554453,0.313857,0.008041,0.927721,20000,0.320503,18.219318
8065,184.822211,177.713717,0.545342,0.118614,0.073267,1.04,20000,0.320503,15.804473
8066,140.717384,150.194189,0.541863,0.37967,0.058439,0.936903,20000,0.320503,13.667851
8067,121.194849,122.757397,0.520802,0.102706,0.079034,0.987271,20000,0.320503,5.521915
8068,142.581143,135.618325,0.595073,0.515085,0.014299,1.051341,20000,0.320503,25.854665
8069,228.189703,180.020803,0.686666,0.2666,0.015083,1.267574,20000,0.320503,52.833914
8070,104.934972,92.36438,0.724685,0.453679,0.050013,1.136098,20000,0.320503,24.17523
8071,177.253077,160.831154,0.57337,0.511436,0.051203,1.102107,20000,0.320503,38.274737
8072,119.682847,113.245516,1.761562,0.429645,0.059132,1.056844,20000,0.320503,35.002401
8073,165.239133,199.142042,0.489904,0.597604,0.024479,0.829755,20000,0.320503,16.333686
8074,96.161553,116.004553,1.202318,0.148905,0.06705,0.828946,20000,0.320503,2.559415
8075,130.996706,165.212266,1.284569,0.281589,0.079533,0.792899,20000,0.320503,10.318114
8076,151.928076,191.298632,1.253906,0.537559,0.07237,0.794193,20000,0.320503,28.356713
8077,234.068091,198.625501,1.795345,0.184433,0.039888,1.178439,20000,0.320503,53.698837
8078,144.906991,169.393299,0.680227,0.27153,0.043749,0.855447,20000,0.320503,6.027434
8079,97.924575,96.147648,0.901412,0.100772,0.050179,1.018481,20000,0.320503,7.41516
8080,151.435512,183.4853,0.336348,0.563808,0.012223,0.825328,20000,0.320503,9.548587
8081,206.572287,170.151078,1.700788,0.237435,0.001929,1.214052,20000,0.320503,46.134169
8082,46.653808,51.021305,1.660624,0.154276,0.028245,0.914399,20000,0.320503,2.870361
8083,85.813591,90.058982,1.155955,0.584292,0.046283,0.95286,20000,0.320503,21.131074
8084,110.112826,151.972275,1.112396,0.391647,0.006027,0.724559,20000,0.320503,6.664654
8085,113.504718,120.240606,1.552391,0.135564,0.041297,0.94398,20000,0.320503,8.030538
8086,48.213644,61.849906,0.797244,0.342766,0.008176,0.779527,20000,0.320503,1.997779
8087,179.618685,191.91788,1.383707,0.45233,0.013048,0.935914,20000,0.320503,34.155992
8088,109.098869,112.425786,1.52098,0.42659,0.054508,0.970408,20000,0.320503,25.128692
8089,159.048899,185.813238,0.410887,0.43633,0.079892,0.855961,20000,0.320503,10.093173
8090,84.250465,107.061606,0.258364,0.207665,0.063107,0.786934,20000,0.320503,0.056051
8091,193.529912,151.619051,0.922836,0.34598,0.02591,1.276422,20000,0.320503,51.466878
8092,173.809154,180.185809,0.836767,0.277996,0.00861,0.964611,20000,0.320503,15.432641
8093,117.314409,115.477956,0.694792,0.431193,0.057964,1.015903,20000,0.320503,19.579163
8094,237.774005,196.42587,1.050499,0.563771,0.067686,1.210502,20000,0.320503,78.596245
8095,135.274129,132.141101,0.83934,0.138654,0.016871,1.02371,20000,0.320503,9.564399
8096,113.935025,127.091247,1.8812,0.25894,0.002118,0.896482,20000,0.320503,11.591336
8097,122.486741,100.082897,0.394516,0.421653,0.015714,1.223853,20000,0.320503,26.731417
8098,77.026797,98.124982,1.90006,0.17078,0.065701,0.784987,20000,0.320503,3.839511
8099,176.013852,165.977919,0.411512,0.5209,0.008089,1.060465,20000,0.320503,28.716185
8100,70.729944,77.591231,0.790456,0.201542,0.070355,0.911571,20000,0.320503,3.834482
8101,218.32288,175.425849,0.59607,0.280083,0.021583,1.244531,20000,0.349464,48.245959
8102,81.477284,92.646271,1.583174,0.438944,0.04506,0.879445,20000,0.349464,15.567265
8103,119.116355,108.305285,0.33949,0.297245,0.027449,1.09982,20000,0.349464,15.065849
8104,101.735413,78.623151,0.42584,0.424748,0.035194,1.293963,20000,0.349464,26.274012
8105,54.656475,77.880381,1.466794,0.457469,0.009988,0.7018,20000,0.349464,5.866329
8106,65.545825,57.642626,0.934763,0.591391,0.015795,1.137107,20000,0.349464,18.255657
8107,198.616788,192.374171,1.47192,0.469072,0.075644,1.03245,20000,0.349464,53.99109
8108,108.319588,120.188978,1.131887,0.26272,0.038961,0.901244,20000,0.349464,9.296914
8109,74.404276,57.751286,0.301914,0.356697,0.062245,1.288357,20000,0.349464,18.155838
8110,221.409662,195.738447,1.186001,0.388966,0.004339,1.131151,20000,0.349464,49.533395
8111,210.651271,170.684122,1.673769,0.272495,0.022864,1.234159,20000,0.349464,55.781922
8112,88.808856,71.706914,1.962029,0.317036,0.020047,1.238498,20000,0.349464,26.109216
8113,130.446634,176.617073,0.800863,0.583366,0.057259,0.738585,20000,0.349464,14.568154
8114,91.498478,103.353444,0.906093,0.226717,0.073504,0.885297,20000,0.349464,5.770635
8115,78.402875,85.667742,1.38436,0.529464,0.031903,0.915197,20000,0.349464,17.645806
8116,78.826976,78.201338,0.541659,0.27487,0.056166,1.008,20000,0.349464,7.817654
8117,96.675104,99.21288,1.989514,0.25624,0.046847,0.974421,20000,0.349464,16.681371
8118,122.265234,118.022394,1.949852,0.419288,0.071645,1.035949,20000,0.349464,36.23225
8119,85.228939,108.640958,0.801337,0.428752,0.017253,0.784501,20000,0.349464,6.006393
8120,164.984429,169.07787,1.10387,0.221881,0.00641,0.97579,20000,0.349464,14.045483
8121,152.330435,143.203977,1.101348,0.591552,0.027184,1.06373,20000,0.349464,42.355655
8122,150.247951,135.119042,0.223476,0.228162,0.003621,1.111967,20000,0.349464,16.282113
8123,110.221835,125.847046,1.998366,0.119902,0.05795,0.87584,20000,0.349464,6.589251
8124,100.373505,87.648439,1.190708,0.399691,0.050969,1.145183,20000,0.349464,26.523234
8125,75.737441,60.695458,1.432284,0.402643,0.041122,1.247827,20000,0.349464,23.762721
8126,71.437888,58.066456,1.971075,0.39487,0.024015,1.230278,20000,0.349464,22.915639
8127,85.261341,86.72412,0.852386,0.233051,0.049589,0.983133,20000,0.349464,8.185267
8128,193.216295,151.083764,0.141705,0.132876,0.019379,1.278869,20000,0.349464,42.521661
8129,76.000228,74.670032,0.081509,0.20379,0.019869,1.017814,20000,0.349464,2.560957
8130,79.362692,63.929053,0.076199,0.162711,0.007418,1.241418,20000,0.349464,15.479244
8131,176.315637,140.061551,0.115136,0.484456,0.015789,1.258844,20000,0.349464,37.862953
8132,138.368926,168.9701,1.093182,0.288361,0.053988,0.818896,20000,0.349464,9.013675
8133,70.401808,84.793177,1.563074,0.532556,0.003736,0.830277,20000,0.349464,14.241439
8134,94.972337,89.741669,0.409759,0.351976,0.058492,1.058286,20000,0.349464,12.476622
8135,76.592004,94.537322,1.307838,0.344047,0.003895,0.810177,20000,0.349464,6.487524
8136,78.687878,102.47761,1.255027,0.101787,0.037813,0.767854,20000,0.349464,0.117427
8137,49.653858,50.302677,0.835561,0.179353,0.009615,0.987102,20000,0.349464,3.074974
8138,193.404526,192.767813,1.323788,0.552998,0.015585,1.003303,20000,0.349464,50.64777
8139,166.158415,163.604389,0.503532,0.101569,0.061306,1.015611,20000,0.349464,9.373595
8140,118.988303,144.917142,1.269669,0.395433,0.00255,0.821078,20000,0.349464,12.812455
8141,179.110819,185.715312,1.60218,0.225744,0.007035,0.964438,20000,0.349464,18.274343
8142,94.322773,110.562329,1.96292,0.310632,0.023107,0.853119,20000,0.349464,12.006095
8143,204.144417,164.988586,1.371885,0.470312,0.060623,1.237324,20000,0.349464,69.185763
8144,69.168292,90.92249,1.049948,0.590055,0.054262,0.760739,20000,0.349464,11.079335
8145,108.681459,148.574082,0.321156,0.410583,0.078915,0.731497,20000,0.349464,1.544614
8146,139.918748,126.720865,0.782858,0.186963,0.004636,1.104149,20000,0.349464,17.194068
8147,129.9473,121.830236,0.45455,0.353638,0.061332,1.066626,20000,0.349464,18.294853
8148,184.314814,178.882691,0.545661,0.439834,0.036409,1.030367,20000,0.349464,27.944433
8149,111.762613,110.496318,0.890688,0.36055,0.063521,1.01146,20000,0.349464,18.635214
8150,114.998964,157.318816,1.607395,0.277753,0.06321,0.730993,20000,0.349464,7.285426
8151,70.108134,98.254093,1.534699,0.45545,0.002466,0.713539,20000,0.349464,8.018074
8152,63.409047,86.072767,0.661186,0.412176,0.028524,0.736691,20000,0.349464,2.659741
8153,165.59817,130.684872,1.059664,0.561388,0.073515,1.267156,20000,0.349464,59.562329
8154,210.565322,165.561779,0.998723,0.113264,0.049054,1.271823,20000,0.349464,52.619535
8155,70.979307,60.156793,0.0563,0.524677,0.035971,1.179905,20000,0.349464,11.30282
8156,118.930504,111.743804,0.572876,0.163305,0.069136,1.064314,20000,0.349464,13.13949
8157,60.404408,65.586395,1.695699,0.502459,0.058295,0.92099,20000,0.349464,15.649643
8158,148.270066,137.249071,0.622037,0.449754,0.07172,1.080299,20000,0.349464,29.103126
8159,79.615945,109.727685,0.997906,0.131145,0.025413,0.725578,20000,0.349464,0.042073
8160,55.028423,54.042947,0.772786,0.35446,0.077912,1.018235,20000,0.349464,8.770467
8161,97.096591,134.530239,1.590671,0.518193,0.054592,0.721745,20000,0.349464,17.144367
8162,229.085892,192.261935,0.646125,0.554429,0.001788,1.19153,20000,0.349464,58.196034
8163,146.263773,123.820898,1.271686,0.581664,0.054391,1.181253,20000,0.349464,51.88805
8164,181.224491,166.409373,1.92737,0.533972,0.044027,1.089028,20000,0.349464,63.00148
8165,221.833926,192.350571,0.178464,0.339492,0.006791,1.153279,20000,0.349464,32.425351
8166,198.74039,189.872758,0.824872,0.202729,0.020439,1.046703,20000,0.349464,20.978184
8167,143.448116,187.280446,0.895899,0.308357,0.045295,0.765954,20000,0.349464,5.796188
8168,163.949849,165.173275,0.395741,0.497004,0.010281,0.992593,20000,0.349464,20.143453
8169,86.316592,79.306238,0.60737,0.463661,0.059911,1.088396,20000,0.349464,17.352589
8170,175.122911,153.375038,0.601982,0.330351,0.043018,1.141795,20000,0.349464,32.588591
8171,191.72847,166.236815,0.334137,0.34991,0.01032,1.153345,20000,0.349464,30.701147
8172,93.502848,124.964498,0.594031,0.12793,0.048752,0.748235,20000,0.349464,0.011305
8173,103.620233,138.87848,1.223022,0.315374,0.01088,0.746122,20000,0.349464,4.843548
8174,64.46674,74.419224,0.424907,0.326402,0.069338,0.866265,20000,0.349464,2.642505
8175,107.72867,150.701852,1.063981,0.337384,0.056668,0.714846,20000,0.349464,5.318121
8176,97.018139,88.240452,0.373027,0.250684,0.010763,1.099475,20000,0.349464,11.501399
8177,146.753063,164.415867,1.454242,0.164718,0.03132,0.892572,20000,0.349464,7.643863
8178,118.144159,122.675123,1.968484,0.236909,0.076817,0.963065,20000,0.349464,21.969832
8179,184.524389,182.021633,0.556542,0.340226,0.03852,1.01375,20000,0.349464,21.432224
8180,69.788804,76.314919,0.949494,0.547627,0.020575,0.914484,20000,0.349464,13.170456
8181,154.064814,124.554953,0.185257,0.105593,0.006149,1.236922,20000,0.349464,29.691848
8182,193.207108,163.675472,0.819905,0.424653,0.004174,1.180428,20000,0.349464,44.785397
8183,148.691283,132.528798,0.547038,0.570848,0.078012,1.121955,20000,0.349464,34.782678
8184,157.03977,151.066994,0.995864,0.424098,0.079412,1.039537,20000,0.349464,34.807145
8185,180.963227,196.492398,0.872457,0.199525,0.066191,0.920968,20000,0.349464,11.518441
8186,106.915461,119.597949,1.727923,0.152394,0.076876,0.893957,20000,0.349464,9.601344
8187,158.935684,188.713602,0.937157,0.555964,0.062859,0.842206,20000,0.349464,27.366537
8188,74.112402,80.657138,0.325039,0.369846,0.071172,0.918857,20000,0.349464,4.343779
8189,38.797345,50.961748,1.35247,0.211882,0.032494,0.761303,20000,0.349464,0.99425
8190,175.869129,156.661158,1.080373,0.34335,0.026121,1.122608,20000,0.349464,36.961635
8191,120.459238,112.691622,0.684269,0.156996,0.053564,1.068928,20000,0.349464,13.524635
8192,105.564801,106.836975,1.784673,0.358407,0.031344,0.988092,20000,0.349464,21.836415
8193,70.513643,58.88479,0.100104,0.139253,0.021323,1.197485,20000,0.349464,11.769537
8194,146.108539,147.152671,1.058223,0.487652,0.000106,0.992904,20000,0.349464,27.956796
8195,66.643184,81.957063,0.722354,0.275018,0.052763,0.813148,20000,0.349464,2.368266
8196,172.16276,179.108197,1.029062,0.3521,0.05127,0.961222,20000,0.349464,25.443268
8197,66.827071,62.398128,0.823241,0.212046,0.044205,1.070979,20000,0.349464,9.010602
8198,147.162518,132.099271,0.278418,0.483053,0.059867,1.11403,20000,0.349464,24.371677
8199,214.277559,186.206295,1.322243,0.42747,0.078535,1.150754,20000,0.349464,65.430899
8200,90.063343,112.85306,1.090576,0.268029,0.07095,0.798058,20000,0.349464,5.020515
8201,99.48463,78.604267,1.834958,0.290983,0.046192,1.265639,20000,0.316434,31.232577
8202,130.963638,132.162452,0.555982,0.251142,0.07053,0.990929,20000,0.316434,11.636572
8203,106.247208,95.533791,1.893245,0.576949,0.010147,1.112143,20000,0.316434,38.307573
8204,218.649944,178.730967,0.367699,0.421391,0.01276,1.223347,20000,0.316434,47.152912
8205,39.766137,53.22685,1.480831,0.159742,0.02891,0.747107,20000,0.316434,0.427417
8206,107.588671,91.833618,1.070212,0.586103,0.073145,1.171561,20000,0.316434,35.834414
8207,74.052424,97.810007,0.840039,0.134527,0.069019,0.757105,20000,0.316434,0.164495
8208,168.592912,195.969373,1.660439,0.417582,0.03447,0.860302,20000,0.316434,30.402152
8209,66.98824,54.5498,0.206395,0.185393,0.037159,1.22802,20000,0.316434,12.883794
8210,142.906534,153.670708,1.68924,0.499499,0.039683,0.929953,20000,0.316434,35.732729
8211,196.416217,158.254622,0.624131,0.230591,0.016157,1.24114,20000,0.316434,41.420153
8212,128.441769,167.536357,1.879761,0.42846,0.035935,0.76665,20000,0.316434,20.312101
8213,51.182811,68.476553,1.63345,0.430583,0.067331,0.74745,20000,0.316434,7.708286
8214,144.233327,154.517121,0.402728,0.543812,0.017613,0.933446,20000,0.316434,16.016681
8215,220.499928,184.189695,0.715315,0.411305,0.044987,1.197135,20000,0.316434,54.005811
8216,118.521486,111.036128,0.55498,0.259227,0.035263,1.067414,20000,0.316434,14.177738
8217,154.422202,144.729356,1.199459,0.269198,0.055907,1.066972,20000,0.316434,28.319714
8218,240.332397,193.336729,0.639092,0.315777,0.037428,1.243077,20000,0.316434,56.220332
8219,129.370832,112.811072,1.965898,0.445242,0.010267,1.146792,20000,0.316434,40.128049
8220,150.28535,167.657572,1.833917,0.253989,0.003754,0.896383,20000,0.316434,14.278983
8221,214.555661,198.528165,1.539958,0.201316,0.000169,1.080732,20000,0.316434,30.26153
8222,131.726014,183.288214,0.395566,0.539125,0.057043,0.718682,20000,0.316434,5.114282
8223,194.527292,161.648979,1.121205,0.449879,0.032194,1.203393,20000,0.316434,55.816213
8224,199.3263,194.963793,0.375592,0.566849,0.043271,1.022376,20000,0.316434,31.327735
8225,68.374316,77.581368,1.265615,0.179049,0.073724,0.881324,20000,0.316434,4.498552
8226,56.197407,57.299366,0.603252,0.353095,0.028618,0.980768,20000,0.316434,6.023746
8227,176.109269,154.147784,0.55556,0.147013,0.027414,1.14247,20000,0.316434,25.150561
8228,122.550823,111.946683,1.789128,0.150879,0.034514,1.094725,20000,0.316434,20.209186
8229,84.263327,116.902629,1.428534,0.379216,0.026558,0.720799,20000,0.316434,6.808668
8230,119.098142,97.237045,1.559724,0.116047,0.059971,1.224823,20000,0.316434,30.753093
8231,61.52041,60.751453,0.625715,0.383551,0.007722,1.012657,20000,0.316434,7.739342
8232,210.424495,183.686513,1.21042,0.424361,0.053006,1.145563,20000,0.316434,57.515159
8233,171.612073,173.576458,0.957226,0.414917,0.033345,0.988683,20000,0.316434,29.014096
8234,151.385547,144.190809,0.817217,0.435732,0.070238,1.049897,20000,0.316434,30.990548
8235,186.77575,185.869504,1.323002,0.404572,0.071968,1.004876,20000,0.316434,42.77379
8236,71.220822,73.644155,0.745425,0.346485,0.011713,0.967094,20000,0.316434,7.726218
8237,150.625008,139.294538,0.341065,0.178505,0.010187,1.081342,20000,0.316434,13.835001
8238,159.384575,128.35962,1.977947,0.349854,0.008953,1.241703,20000,0.316434,47.798348
8239,62.106971,52.595425,0.193561,0.513662,0.011127,1.180844,20000,0.316434,11.405725
8240,193.892415,175.893049,0.999519,0.315705,0.048261,1.102331,20000,0.316434,37.711596
8241,83.951534,107.278401,1.883351,0.360323,0.055271,0.782558,20000,0.316434,11.656445
8242,114.408951,89.851575,0.666048,0.140569,0.020827,1.27331,20000,0.316434,25.690421
8243,133.148714,172.369088,1.149516,0.500169,0.028849,0.772463,20000,0.316434,17.7631
8244,187.470713,167.811525,0.454267,0.473592,0.069938,1.11715,20000,0.316434,36.622148
8245,187.014331,188.401793,1.595076,0.499333,0.000233,0.992636,20000,0.316434,46.575782
8246,146.650381,189.755913,0.289883,0.578789,0.037741,0.772837,20000,0.316434,6.243419
8247,76.721557,67.657085,1.22489,0.55684,0.004911,1.133977,20000,0.316434,22.482338
8248,130.887931,149.615396,1.649632,0.229893,0.062849,0.874829,20000,0.316434,13.764162
8249,49.460985,50.512686,1.862116,0.523717,0.07642,0.979179,20000,0.316434,16.319677
8250,186.014701,154.333431,0.425776,0.371872,0.008097,1.205278,20000,0.316434,37.281588
8251,74.006259,101.118376,1.740704,0.48514,0.076066,0.731877,20000,0.316434,13.728419
8252,149.441856,197.838165,1.623915,0.180107,0.049296,0.755374,20000,0.316434,3.90119
8253,187.034902,183.423603,1.048731,0.257564,0.030169,1.019688,20000,0.316434,24.337274
8254,203.344594,158.620704,1.504555,0.479379,0.05919,1.281955,20000,0.316434,74.458568
8255,138.831393,181.09228,0.949721,0.202702,0.074996,0.766633,20000,0.316434,2.510102
8256,215.250951,190.042344,0.763228,0.212046,0.064531,1.132647,20000,0.316434,37.607093
8257,111.716769,131.79864,1.938607,0.262416,0.026674,0.847632,20000,0.316434,11.39562
8258,82.902533,65.825732,1.461055,0.235893,0.022814,1.259424,20000,0.316434,21.189853
8259,41.608463,56.902073,1.164277,0.511925,0.057108,0.731229,20000,0.316434,5.5557
8260,140.901892,165.560668,1.238487,0.462115,0.006313,0.851059,20000,0.316434,20.678473
8261,150.871203,189.286287,1.465462,0.307805,0.041364,0.797053,20000,0.316434,12.902606
8262,159.092866,129.453971,0.984519,0.554931,0.075971,1.228953,20000,0.316434,51.543132
8263,113.124981,87.210773,1.841351,0.579291,0.060649,1.297145,20000,0.316434,49.916736
8264,100.676999,100.983705,0.106076,0.351258,0.026314,0.996963,20000,0.316434,4.62075
8265,191.524911,170.625388,1.21563,0.543776,0.022576,1.122488,20000,0.316434,56.112244
8266,159.8575,179.53097,1.447446,0.568163,0.02666,0.890417,20000,0.316434,39.140598
8267,63.083493,50.028815,0.850358,0.10919,0.058165,1.260943,20000,0.316434,15.459246
8268,119.627581,130.798021,0.581628,0.303793,0.043639,0.914598,20000,0.316434,7.90864
8269,73.741086,77.379862,1.580687,0.575307,0.007204,0.952975,20000,0.316434,19.479635
8270,70.360554,54.482467,1.769394,0.279439,0.053982,1.291435,20000,0.316434,22.837327
8271,165.078729,177.077254,1.633565,0.184718,0.067208,0.932241,20000,0.316434,18.327992
8272,56.070068,53.122516,0.404009,0.419301,0.001464,1.055486,20000,0.316434,7.311718
8273,92.33248,92.048963,1.234566,0.113516,0.059115,1.00308,20000,0.316434,8.758752
8274,162.929203,187.296657,0.352139,0.108008,0.002008,0.869899,20000,0.316434,0.050203
8275,167.414597,141.776078,0.844351,0.494983,0.059286,1.180838,20000,0.316434,46.899198
8276,179.996649,139.750595,1.56539,0.227019,0.000408,1.287985,20000,0.316434,44.510181
8277,109.786402,97.147161,0.466272,0.114064,0.032753,1.130104,20000,0.316434,14.189477
8278,161.784064,125.078012,0.951033,0.235153,0.005716,1.293465,20000,0.316434,39.162697
8279,149.9071,133.382441,1.299192,0.237446,0.003783,1.123889,20000,0.316434,25.473958
8280,60.379455,83.562604,0.933082,0.484921,0.044623,0.722566,20000,0.316434,5.654945
8281,190.199627,179.127691,1.586505,0.305233,0.079538,1.06181,20000,0.316434,46.392043
8282,45.91564,50.760232,0.561382,0.340291,0.031721,0.904559,20000,0.316434,3.123324
8283,51.724568,61.838555,0.893445,0.357714,0.070428,0.836445,20000,0.316434,4.613862
8284,113.328315,95.461504,0.96403,0.240536,0.064063,1.187162,20000,0.316434,25.726786
8285,125.412378,156.748677,0.427634,0.513483,0.021675,0.800086,20000,0.316434,7.489081
8286,185.937045,164.532476,0.216162,0.261605,0.023454,1.130093,20000,0.316434,24.038819
8287,148.4434,147.430847,0.565022,0.18425,0.021414,1.006868,20000,0.316434,9.54689
8288,100.953744,133.14733,1.718412,0.309084,0.059497,0.758211,20000,0.316434,9.86818
8289,61.858336,57.227773,0.176366,0.26822,0.067059,1.080915,20000,0.316434,6.104403
8290,62.006846,77.80685,0.668998,0.521275,0.02672,0.796933,20000,0.316434,5.997218
8291,177.006186,172.477183,1.965182,0.413374,0.025112,1.026259,20000,0.316434,46.338359
8292,64.236121,60.067699,1.484747,0.170843,0.013672,1.069395,20000,0.316434,8.176877
8293,125.662489,154.802359,1.913217,0.369797,0.036502,0.811761,20000,0.316434,18.844554
8294,82.427981,65.400043,1.309321,0.345815,0.055213,1.260366,20000,0.316434,24.714711
8295,50.829593,51.435884,1.29508,0.321227,0.065714,0.988213,20000,0.316434,8.883702
8296,129.611476,183.402152,1.230146,0.323023,0.068717,0.706706,20000,0.316434,7.129186
8297,71.210616,80.991712,0.593699,0.393398,0.021123,0.879233,20000,0.316434,5.303348
8298,41.187551,51.092068,1.995751,0.281334,0.059809,0.806144,20000,0.316434,5.01278
8299,84.580622,69.909075,0.880412,0.37768,0.039186,1.209866,20000,0.316434,21.222433
8300,84.521133,95.917573,0.842962,0.360636,0.042082,0.881185,20000,0.316434,8.241736
8301,64.076362,59.932737,1.01506,0.589416,0.019798,1.069138,20000,0.326623,16.954162
8302,162.583859,127.350107,0.242644,0.517904,0.040402,1.276668,20000,0.326623,39.645617
8303,77.840823,85.844549,0.554217,0.552814,0.002424,0.906765,20000,0.326623,9.601774
8304,152.776481,136.648617,0.076762,0.354921,0.078862,1.118024,20000,0.326623,17.704917
8305,222.973572,173.404375,1.1693,0.19463,0.002375,1.285859,20000,0.326623,51.665801
8306,106.775545,106.078768,1.379092,0.403729,0.015073,1.006568,20000,0.326623,21.11342
8307,104.692877,111.344875,1.479873,0.342084,0.07517,0.940258,20000,0.326623,18.790643
8308,120.009591,101.124583,1.710121,0.316002,0.003082,1.18675,20000,0.326623,29.571875
8309,115.885514,95.958842,1.847095,0.520546,0.040199,1.207659,20000,0.326623,43.81279
8310,100.817573,97.16228,1.29269,0.382835,0.067987,1.03762,20000,0.326623,23.095337
8311,61.924448,75.597254,0.494177,0.589989,0.008289,0.819136,20000,0.326623,5.667478
8312,111.755193,86.863966,0.069082,0.539209,0.037383,1.286554,20000,0.326623,25.400488
8313,76.042535,101.505631,0.284338,0.143563,0.07111,0.749146,20000,0.326623,6.6e-05
8314,222.425998,198.151367,0.259643,0.162923,0.060397,1.122505,20000,0.326623,27.687018
8315,151.598752,156.75473,0.214313,0.117997,0.005033,0.967108,20000,0.326623,1.421599
8316,184.549779,184.507804,0.949569,0.509224,0.034238,1.000227,20000,0.326623,38.596954
8317,193.602302,183.405864,0.90845,0.22796,0.06003,1.055595,20000,0.326623,27.88178
8318,134.790122,125.693198,1.472012,0.571653,0.01973,1.072374,20000,0.326623,41.269632
8319,129.98307,139.655691,1.103391,0.339484,0.04035,0.93074,20000,0.326623,16.487658
8320,102.143927,124.211337,1.73338,0.176136,0.074974,0.82234,20000,0.326623,6.860138
8321,223.667375,194.277902,1.44538,0.39107,0.065302,1.151275,20000,0.326623,65.103552
8322,165.400414,198.013575,0.965377,0.240386,0.069403,0.835298,20000,0.326623,8.531118
8323,97.046575,130.092319,0.299991,0.10248,0.009928,0.745982,20000,0.326623,0.0
8324,161.22254,187.354013,1.814045,0.234656,0.077038,0.860524,20000,0.326623,19.381196
8325,167.892259,188.104994,0.858555,0.441769,0.067842,0.892545,20000,0.326623,23.737326
8326,59.517339,60.680632,0.883694,0.518726,0.069281,0.980829,20000,0.326623,12.603486
8327,76.035377,91.398541,0.589114,0.115149,0.027571,0.83191,20000,0.326623,0.082769
8328,177.551353,139.394798,0.487349,0.507528,0.045606,1.27373,20000,0.326623,48.595569
8329,129.798745,121.092503,1.687149,0.253923,0.001527,1.071897,20000,0.326623,21.114381
8330,160.746017,143.353052,1.592832,0.283528,0.058562,1.12133,20000,0.326623,38.686981
8331,126.060909,99.629076,1.575264,0.143241,0.050431,1.265302,20000,0.326623,34.24348
8332,71.127045,62.061397,1.404118,0.291044,0.016632,1.146075,20000,0.326623,15.261063
8333,204.969578,174.656787,0.619289,0.184538,0.007309,1.173556,20000,0.326623,32.954342
8334,145.003112,197.694363,1.19689,0.542783,0.005459,0.733471,20000,0.326623,19.034228
8335,56.809746,79.035385,0.238901,0.234608,0.025668,0.718789,20000,0.326623,0.007276
8336,130.583615,109.562991,1.333068,0.376338,0.075646,1.191859,20000,0.326623,39.403105
8337,139.511864,151.712038,1.549586,0.370115,0.04051,0.919583,20000,0.326623,24.101104
8338,152.158259,143.394042,1.567041,0.299131,0.037835,1.06112,20000,0.326623,30.735881
8339,88.215844,92.1775,1.899798,0.262607,0.043908,0.957021,20000,0.326623,14.374036
8340,134.384511,157.761271,1.500994,0.277214,0.012983,0.851822,20000,0.326623,11.292025
8341,154.673329,129.079111,1.025372,0.510431,0.037083,1.198283,20000,0.326623,45.943598
8342,128.908536,125.288484,0.054202,0.202378,0.03519,1.028894,20000,0.326623,4.752889
8343,209.449109,181.280228,0.621394,0.480317,0.029224,1.155389,20000,0.326623,47.721385
8344,85.562648,74.212105,0.329855,0.468311,0.045594,1.152947,20000,0.326623,16.019063
8345,147.622316,147.065648,1.956048,0.504494,0.005001,1.003785,20000,0.326623,41.864851
8346,47.957605,65.625287,1.102275,0.238865,0.063287,0.730779,20000,0.326623,1.209893
8347,71.426927,61.43672,1.066224,0.440433,0.019561,1.16261,20000,0.326623,18.181083
8348,86.90041,70.47118,1.522497,0.468736,0.067825,1.233134,20000,0.326623,31.265265
8349,70.4271,99.554041,0.749703,0.410492,0.049656,0.707426,20000,0.326623,3.011884
8350,100.055834,134.787613,1.486184,0.440018,0.060492,0.742322,20000,0.326623,14.197439
8351,60.007278,58.282969,1.142256,0.513423,0.043077,1.029585,20000,0.326623,15.060445
8352,202.064859,157.257929,1.565205,0.113791,0.026725,1.284926,20000,0.326623,51.356141
8353,129.153277,156.428278,1.267332,0.142883,0.003359,0.825639,20000,0.326623,1.388694
8354,132.468252,181.198323,0.451128,0.210644,0.041943,0.731068,20000,0.326623,0.162228
8355,120.747294,134.3871,0.302489,0.413244,0.010569,0.898504,20000,0.326623,6.141038
8356,87.981981,94.717007,0.337024,0.206862,0.053467,0.928893,20000,0.326623,2.279163
8357,149.649065,178.446384,0.160313,0.149578,0.041377,0.838622,20000,0.326623,0.007994
8358,58.584892,52.463098,0.272799,0.413484,0.053535,1.116688,20000,0.326623,9.053709
8359,216.544931,177.57946,1.240337,0.248194,0.019958,1.219426,20000,0.326623,49.6636
8360,137.77915,164.337903,0.474367,0.470079,0.060735,0.838389,20000,0.326623,10.217511
8361,146.796531,176.050111,0.468328,0.358694,0.071881,0.833834,20000,0.326623,6.734745
8362,87.68279,72.928097,1.863591,0.477187,0.014163,1.202318,20000,0.326623,30.488143
8363,64.268552,55.519191,0.69288,0.270947,0.066996,1.157592,20000,0.326623,12.712585
8364,158.975683,189.714421,1.140107,0.479452,0.053327,0.837974,20000,0.326623,25.173581
8365,196.07035,169.769816,1.550688,0.542421,0.019209,1.154919,20000,0.326623,65.218159
8366,115.442591,130.409345,1.355994,0.52719,0.015745,0.885233,20000,0.326623,23.397947
8367,112.786322,103.488846,1.083435,0.112327,0.078426,1.08984,20000,0.326623,18.109863
8368,140.692829,167.903867,0.133118,0.592874,0.00199,0.837937,20000,0.326623,3.826299
8369,123.264851,169.486109,1.534552,0.483528,0.043432,0.727286,20000,0.326623,18.161681
8370,176.226726,191.102641,1.551796,0.462025,0.013484,0.922157,20000,0.326623,36.199323
8371,154.844847,167.991714,1.162872,0.271637,0.064487,0.921741,20000,0.326623,18.104024
8372,70.340631,68.628969,1.180562,0.479262,0.070592,1.024941,20000,0.326623,17.166698
8373,115.510356,88.94835,1.793156,0.526113,0.019297,1.298623,20000,0.326623,44.193071
8374,120.667487,170.908725,1.315286,0.438438,0.061348,0.706035,20000,0.326623,12.967612
8375,237.121049,198.611022,1.801723,0.231188,0.074354,1.193897,20000,0.326623,68.68909
8376,80.980465,64.766219,1.913093,0.426625,0.04118,1.25035,20000,0.326623,28.497771
8377,134.430471,121.192518,0.222236,0.113169,0.026112,1.109231,20000,0.326623,14.031873
8378,224.015266,186.305464,1.245947,0.189588,0.055131,1.202408,20000,0.326623,52.230883
8379,143.511247,195.073053,0.530961,0.531788,0.006723,0.73568,20000,0.326623,7.603415
8380,67.747808,62.90226,0.09736,0.135412,0.001471,1.077033,20000,0.326623,4.912634
8381,54.338729,70.600891,0.932474,0.402682,0.047837,0.769661,20000,0.326623,4.305903
8382,133.721392,111.702759,0.479432,0.131903,0.069645,1.197118,20000,0.326623,25.875509
8383,222.785981,192.454252,1.029859,0.176182,0.044829,1.157605,20000,0.326623,41.843734
8384,115.655925,110.079912,1.676773,0.345966,0.029765,1.050654,20000,0.326623,25.167511
8385,107.186142,147.028477,0.422329,0.337123,0.043327,0.729016,20000,0.326623,1.099859
8386,140.56737,189.01293,1.815439,0.367429,0.018451,0.743692,20000,0.326623,14.579148
8387,81.107079,82.300785,0.188121,0.320669,0.030505,0.985496,20000,0.326623,4.168393
8388,66.506101,83.313057,0.735483,0.382524,0.019036,0.798267,20000,0.326623,3.690149
8389,176.571271,165.008172,0.988108,0.565345,0.01172,1.070076,20000,0.326623,45.024281
8390,117.79017,123.783674,1.005875,0.203116,0.07605,0.951581,20000,0.326623,11.021027
8391,148.054685,161.431075,1.988621,0.2676,0.04797,0.917139,20000,0.326623,22.731582
8392,153.814147,185.812301,0.162114,0.498732,0.054734,0.827793,20000,0.326623,3.259416
8393,58.526384,61.167415,0.462376,0.144143,0.038309,0.956823,20000,0.326623,1.611307
8394,143.340459,136.336199,1.041782,0.519955,0.051301,1.051375,20000,0.326623,35.782529
8395,95.708396,77.140548,0.863813,0.360295,0.023798,1.240702,20000,0.326623,24.051884
8396,192.927415,162.091826,0.626525,0.198636,0.026585,1.190235,20000,0.326623,35.279399
8397,83.956505,86.446065,0.468413,0.354802,0.011669,0.971201,20000,0.326623,7.190161
8398,59.345955,75.549226,1.570692,0.476195,0.042642,0.785527,20000,0.326623,10.092253
8399,116.298177,111.488061,1.474278,0.329779,0.062155,1.043145,20000,0.326623,25.103734
8400,181.923188,198.295878,1.114707,0.279476,0.06359,0.917433,20000,0.326623,20.078388
8401,158.051251,180.151752,1.278752,0.473442,0.023405,0.877323,20000,0.330801,27.23122
8402,114.254903,135.497967,0.173702,0.351078,0.008542,0.843222,20000,0.330801,1.197648
8403,227.061965,180.320444,1.461716,0.213125,0.065042,1.259214,20000,0.330801,66.011558
8404,74.041719,63.263074,1.260002,0.393262,0.072138,1.170378,20000,0.330801,21.276348
8405,145.187732,199.540403,0.93699,0.241317,0.042679,0.727611,20000,0.330801,2.090358
8406,70.077903,72.380268,0.166837,0.132175,0.066256,0.968191,20000,0.330801,0.884098
8407,109.157611,123.225687,0.365308,0.136866,0.037461,0.885835,20000,0.330801,0.425377
8408,129.192553,150.516284,0.061608,0.438931,0.069707,0.858329,20000,0.330801,0.599047
8409,130.62546,136.670108,0.131183,0.388039,0.024981,0.955772,20000,0.330801,4.975323
8410,120.294856,156.692326,1.212153,0.586731,0.035682,0.767714,20000,0.330801,21.906692
8411,61.309558,60.275392,0.399087,0.467279,0.00124,1.017157,20000,0.330801,7.611337
8412,144.238256,137.000138,0.135866,0.274087,0.073716,1.052833,20000,0.330801,11.090009
8413,155.103373,195.662392,1.468668,0.582166,0.078492,0.792709,20000,0.330801,35.148289
8414,62.376319,55.148176,0.503061,0.204049,0.016751,1.131068,20000,0.330801,8.577656
8415,155.367568,187.361551,1.352637,0.126421,0.002477,0.829239,20000,0.330801,1.223118
8416,97.472919,80.599831,1.58551,0.212364,0.046306,1.209344,20000,0.330801,24.671888
8417,82.780333,68.972657,0.373666,0.350047,0.019926,1.200191,20000,0.330801,15.915058
8418,44.886887,59.700776,0.282398,0.542652,0.054048,0.751864,20000,0.330801,1.370677
8419,144.352724,111.757858,1.596189,0.13524,0.059419,1.291656,20000,0.330801,43.162862
8420,91.692852,72.076347,0.351847,0.394452,0.038351,1.272163,20000,0.330801,21.994988
8421,138.659415,108.494224,1.296867,0.526078,0.057832,1.278035,20000,0.330801,50.386252
8422,103.681832,120.139722,0.062549,0.337375,0.056573,0.86301,20000,0.330801,0.177103
8423,118.327939,113.879426,0.793843,0.200619,0.065956,1.039063,20000,0.330801,14.146871
8424,110.144346,138.927197,1.563888,0.124409,0.029608,0.792821,20000,0.330801,1.078581
8425,113.088237,103.997547,0.973982,0.519975,0.073487,1.087413,20000,0.330801,30.612437
8426,71.517395,100.116969,1.719149,0.441029,0.065361,0.714338,20000,0.330801,10.880677
8427,118.520762,112.04102,0.60272,0.327078,0.079054,1.057834,20000,0.330801,18.18322
8428,93.005899,131.480512,0.194786,0.119878,0.05087,0.707374,20000,0.330801,0.0
8429,131.722732,122.412043,1.243247,0.554725,0.075954,1.07606,20000,0.330801,40.7362
8430,71.932576,63.03809,0.739764,0.419543,0.053812,1.141097,20000,0.330801,16.19391
8431,165.719745,167.407186,1.493546,0.214331,0.025154,0.98992,20000,0.330801,19.751959
8432,58.357292,68.190672,0.539489,0.20891,0.018973,0.855796,20000,0.330801,0.884382
8433,74.590097,104.733065,1.440044,0.535971,0.01596,0.712192,20000,0.330801,11.276394
8434,128.260897,151.64674,1.545977,0.232226,0.036097,0.845787,20000,0.330801,9.165898
8435,196.53481,195.036754,0.720196,0.137734,0.070035,1.007681,20000,0.330801,15.287712
8436,103.650901,86.144794,1.428851,0.493417,0.006436,1.203217,20000,0.330801,32.389874
8437,66.190161,52.878117,1.956478,0.180592,0.003651,1.25175,20000,0.330801,15.209969
8438,147.395514,148.59481,1.177879,0.442015,0.078522,0.991929,20000,0.330801,33.197413
8439,129.705532,167.446046,0.164564,0.36299,0.006989,0.774611,20000,0.330801,0.371243
8440,98.533823,137.522196,1.767499,0.442228,0.037416,0.716494,20000,0.330801,13.531167
8441,185.839382,168.595968,0.869835,0.47574,0.041937,1.102277,20000,0.330801,43.532206
8442,223.961308,182.400494,0.797206,0.1005,0.02379,1.227855,20000,0.330801,44.99657
8443,135.653747,142.375808,0.682361,0.139222,0.078199,0.952786,20000,0.330801,6.510652
8444,133.703748,171.166919,0.613086,0.150423,0.04482,0.781131,20000,0.330801,0.22345
8445,82.450287,88.587693,1.925487,0.171955,0.028036,0.930719,20000,0.330801,7.274902
8446,233.573442,198.630788,1.020032,0.389678,0.06997,1.175918,20000,0.330801,63.388038
8447,62.509361,62.721416,1.003652,0.584838,0.056498,0.996619,20000,0.330801,15.935685
8448,76.705005,106.544516,1.291551,0.33029,0.070138,0.719934,20000,0.330801,5.182143
8449,48.410065,59.1216,1.715306,0.241352,0.074064,0.818822,20000,0.330801,4.642971
8450,114.404519,147.608911,1.122848,0.181175,0.063694,0.775052,20000,0.330801,2.167327
8451,125.078531,119.726487,0.648039,0.580259,0.03778,1.044702,20000,0.330801,26.046415
8452,64.531342,63.425123,1.270983,0.371222,0.045868,1.017441,20000,0.330801,13.04617
8453,177.915235,179.040236,0.558165,0.188303,0.06509,0.993716,20000,0.330801,12.840417
8454,94.000256,109.409435,0.845649,0.219566,0.073307,0.85916,20000,0.330801,4.288506
8455,111.597461,95.786885,0.806479,0.424994,0.025962,1.16506,20000,0.330801,25.696497
8456,65.651439,83.722544,1.228135,0.357203,0.04407,0.784155,20000,0.330801,5.654886
8457,53.493172,71.826092,0.547736,0.387903,0.035633,0.74476,20000,0.330801,1.618791
8458,46.336847,65.379669,1.369228,0.308343,0.025319,0.708735,20000,0.330801,2.180423
8459,161.672904,168.327755,0.1067,0.154239,0.063906,0.960465,20000,0.330801,1.184722
8460,124.18742,121.872278,0.604244,0.572931,0.000131,1.018996,20000,0.330801,22.653389
8461,244.815586,193.66547,0.373625,0.512599,0.049401,1.264116,20000,0.330801,62.256839
8462,53.068509,70.675458,1.393253,0.436153,0.028607,0.750876,20000,0.330801,6.207799
8463,142.126975,156.044319,0.631974,0.561309,0.063299,0.910812,20000,0.330801,22.047801
8464,169.358179,177.89254,1.865429,0.363132,0.04314,0.952025,20000,0.330801,35.008666
8465,191.427157,148.776355,0.598155,0.298469,0.026758,1.286677,20000,0.330801,47.00215
8466,75.657104,99.55748,0.708029,0.329477,0.0674,0.759934,20000,0.330801,2.658674
8467,138.945939,145.224693,0.282931,0.107659,0.073687,0.956765,20000,0.330801,1.798195
8468,59.025392,61.001039,0.959217,0.129208,0.058285,0.967613,20000,0.330801,3.659233
8469,162.182405,132.627169,1.562277,0.311037,0.057804,1.222845,20000,0.330801,47.883946
8470,72.33968,58.260332,0.629149,0.412204,0.07997,1.241663,20000,0.330801,19.501584
8471,241.293756,189.271791,1.769091,0.123953,0.028789,1.274853,20000,0.330801,62.01104
8472,122.594024,134.710428,1.165848,0.310143,0.061536,0.910056,20000,0.330801,15.23409
8473,138.394146,125.595977,1.094063,0.495071,0.023614,1.1019,20000,0.330801,35.372588
8474,107.114573,127.553678,0.77251,0.199377,0.035123,0.839761,20000,0.330801,2.255826
8475,45.044996,52.313401,0.118833,0.160602,0.075215,0.86106,20000,0.330801,0.005162
8476,134.359815,153.391978,1.878068,0.477485,0.001699,0.875925,20000,0.330801,28.54951
8477,107.660693,110.082127,1.106673,0.578287,0.051317,0.978003,20000,0.330801,27.733979
8478,183.590519,158.641608,1.333587,0.241609,0.04984,1.157266,20000,0.330801,40.940239
8479,156.583878,167.690384,1.127299,0.348213,0.031025,0.933768,20000,0.330801,21.173531
8480,147.946011,123.448764,0.581751,0.160759,0.000793,1.198441,20000,0.330801,24.93795
8481,181.351737,186.96812,0.821476,0.521382,0.000647,0.969961,20000,0.330801,31.946413
8482,93.414041,76.337296,0.437572,0.436574,0.06135,1.223701,20000,0.330801,21.918119
8483,207.183369,184.278604,0.47412,0.162529,0.061204,1.124294,20000,0.330801,29.18727
8484,212.629619,191.430484,0.351139,0.155344,0.058264,1.110741,20000,0.330801,25.744162
8485,166.42686,160.944401,1.990362,0.40093,0.071539,1.034064,20000,0.330801,48.917894
8486,133.119553,165.07659,1.457503,0.591363,0.01121,0.806411,20000,0.330801,28.132702
8487,144.116393,134.328041,0.781307,0.546595,0.006175,1.072869,20000,0.330801,32.381564
8488,56.167805,76.887618,1.691066,0.36063,0.077988,0.730518,20000,0.330801,6.643087
8489,171.428754,136.7553,0.65556,0.194181,0.028967,1.253544,20000,0.330801,37.8156
8490,100.543107,140.008157,1.14237,0.490032,0.032062,0.718123,20000,0.330801,10.598348
8491,112.876089,103.397453,1.490817,0.44993,0.06065,1.091672,20000,0.330801,32.354334
8492,171.013015,148.267928,0.696314,0.140946,0.008937,1.153405,20000,0.330801,24.446232
8493,128.056026,155.192374,0.156104,0.503816,0.060397,0.825144,20000,0.330801,2.723606
8494,83.424237,73.979394,1.604245,0.206555,0.038263,1.127669,20000,0.330801,16.830693
8495,172.273533,146.404073,1.922842,0.260438,0.013274,1.176699,20000,0.330801,40.18459
8496,208.238761,168.740224,0.197434,0.325312,0.045544,1.234079,20000,0.330801,41.819647
8497,114.53972,94.375391,1.603736,0.18841,0.007595,1.213661,20000,0.330801,23.858978
8498,70.136135,71.194372,1.694208,0.548926,0.013218,0.985136,20000,0.330801,19.408795
8499,73.8436,101.662569,1.963955,0.576647,0.015106,0.72636,20000,0.330801,16.224148
8500,93.200377,125.454992,0.796399,0.325007,0.00171,0.742899,20000,0.330801,2.628246
8501,171.590246,133.296945,0.584222,0.473204,0.025646,1.287278,20000,0.344835,47.300273
8502,137.534033,118.395792,0.685567,0.114428,0.025803,1.161646,20000,0.344835,21.41497
8503,202.036873,166.880606,1.669127,0.336103,0.020718,1.210667,20000,0.344835,55.532965
8504,134.586577,140.072878,1.239159,0.338153,0.022294,0.960833,20000,0.344835,19.539739
8505,150.971688,135.136872,0.063154,0.405381,0.074985,1.117176,20000,0.344835,17.269904
8506,66.139228,53.821813,0.414951,0.41307,0.063478,1.228855,20000,0.344835,15.329899
8507,119.679818,122.408804,0.294161,0.464988,0.02163,0.977706,20000,0.344835,11.30243
8508,44.895218,57.907674,1.942361,0.323419,0.067466,0.77529,20000,0.344835,6.108907
8509,49.373107,61.754362,1.506343,0.143878,0.050243,0.799508,20000,0.344835,1.065782
8510,121.176689,161.243842,0.776509,0.276123,0.046704,0.751512,20000,0.344835,2.777786
8511,191.012176,158.955008,0.615753,0.465403,0.020193,1.201674,20000,0.344835,46.491461
8512,116.784767,102.629771,0.612502,0.154344,0.011823,1.137923,20000,0.344835,15.781316
8513,188.035645,198.07568,1.611337,0.494442,0.025119,0.949312,20000,0.344835,46.697329
8514,121.830301,122.133979,0.077972,0.457841,0.019361,0.997514,20000,0.344835,6.157838
8515,160.678995,137.686298,0.99532,0.570775,0.068586,1.166993,20000,0.344835,51.368958
8516,187.669959,196.436884,1.075394,0.247162,0.029111,0.95537,20000,0.344835,17.983987
8517,135.223415,167.65914,0.747183,0.319328,0.069606,0.806538,20000,0.344835,6.944182
8518,121.267177,124.319794,1.607136,0.573988,0.07811,0.975445,20000,0.344835,39.649897
8519,65.585191,51.640741,1.493893,0.500584,0.029778,1.270028,20000,0.344835,22.666382
8520,138.861891,134.434385,1.131791,0.238386,0.001024,1.032934,20000,0.344835,16.172134
8521,132.775013,105.63215,1.406157,0.103688,0.039998,1.256956,20000,0.344835,33.02886
8522,124.362141,140.13945,1.371566,0.296193,0.060565,0.887417,20000,0.344835,15.418872
8523,140.604955,199.236359,0.391784,0.110384,0.053128,0.705719,20000,0.344835,0.0
8524,216.102628,184.103262,0.732308,0.518668,0.042325,1.173812,20000,0.344835,56.079069
8525,158.858676,182.161702,1.759977,0.390114,0.021089,0.872075,20000,0.344835,27.650839
8526,138.686546,171.287113,0.334639,0.524216,0.060542,0.809673,20000,0.344835,7.226388
8527,220.12914,193.225253,0.632222,0.493789,0.076264,1.139236,20000,0.344835,52.096077
8528,62.661636,51.535933,0.691603,0.408198,0.070368,1.215882,20000,0.344835,16.083622
8529,172.394205,146.779668,1.588486,0.339988,0.019366,1.17451,20000,0.344835,44.431313
8530,73.507057,92.797374,0.539027,0.350541,0.06525,0.792124,20000,0.344835,2.538912
8531,48.118699,54.126334,1.646898,0.330721,0.008101,0.889007,20000,0.344835,5.960489
8532,191.304052,155.861881,0.630898,0.373802,0.059012,1.227395,20000,0.344835,47.096117
8533,225.134773,196.437956,0.151379,0.157781,0.027169,1.146086,20000,0.344835,29.572853
8534,221.01502,196.103571,1.20566,0.220243,0.06044,1.127032,20000,0.344835,44.177246
8535,74.436301,65.360694,1.806226,0.471025,0.004345,1.138854,20000,0.344835,23.139941
8536,210.370986,172.922277,0.591479,0.388445,0.005169,1.216564,20000,0.344835,46.511946
8537,183.681417,142.352083,1.686277,0.405923,0.061696,1.290332,20000,0.344835,67.031609
8538,136.746735,145.531843,0.245364,0.447363,0.054421,0.939634,20000,0.344835,9.47098
8539,107.941512,102.701861,0.80983,0.56971,0.01701,1.051018,20000,0.344835,24.202641
8540,159.9224,134.370019,0.241472,0.499818,0.034056,1.190164,20000,0.344835,31.440446
8541,90.686318,85.546981,1.758125,0.263684,0.008466,1.060076,20000,0.344835,15.513473
8542,101.376065,93.315449,1.548807,0.186475,0.009658,1.08638,20000,0.344835,14.515335
8543,102.565385,89.064678,1.917469,0.170103,0.053638,1.151583,20000,0.344835,23.844024
8544,126.969851,151.225994,1.96784,0.259242,0.022307,0.839603,20000,0.344835,12.027645
8545,132.156597,148.657002,1.304208,0.368722,0.037046,0.889004,20000,0.344835,18.172205
8546,52.872202,56.882164,1.237681,0.496066,0.029125,0.929504,20000,0.344835,11.355204
8547,161.961657,170.400842,0.404056,0.466779,0.06226,0.950475,20000,0.344835,17.053193
8548,81.640668,102.582013,0.345022,0.367386,0.066177,0.795858,20000,0.344835,1.91827
8549,70.979289,55.170516,0.453832,0.417949,0.045707,1.286544,20000,0.344835,18.665047
8550,88.385534,94.070369,0.366605,0.577983,0.05545,0.939568,20000,0.344835,10.591908
8551,152.150092,119.248574,1.246574,0.264175,0.003283,1.275907,20000,0.344835,37.63141
8552,103.025716,138.442829,0.407664,0.116395,0.046332,0.744175,20000,0.344835,0.001176
8553,109.601732,139.507795,1.418196,0.56261,0.066851,0.785632,20000,0.344835,23.37513
8554,173.327284,161.748681,1.763209,0.175819,0.024107,1.071584,20000,0.344835,26.288875
8555,56.474975,80.552191,0.815784,0.304901,0.018517,0.701098,20000,0.344835,0.968518
8556,122.55273,135.622393,0.707521,0.261281,0.041282,0.903632,20000,0.344835,7.094965
8557,55.017386,62.956482,1.138828,0.156184,0.076028,0.873895,20000,0.344835,2.53927
8558,112.935473,138.334408,0.357185,0.359166,0.067132,0.816395,20000,0.344835,2.942701
8559,158.058829,161.01469,1.111955,0.584641,0.017306,0.981642,20000,0.344835,38.31189
8560,60.003904,84.66176,1.884886,0.363299,0.067917,0.708749,20000,0.344835,7.409936
8561,116.597871,156.344136,0.863731,0.504841,0.027626,0.745777,20000,0.344835,11.045405
8562,131.937666,130.00117,0.357597,0.53799,0.073161,1.014896,20000,0.344835,19.497541
8563,152.232021,181.092444,1.618955,0.158138,0.042753,0.840632,20000,0.344835,6.140633
8564,110.493263,92.138499,0.104343,0.188964,0.041586,1.199208,20000,0.344835,18.750867
8565,187.885816,146.972347,0.571872,0.335935,0.014166,1.278375,20000,0.344835,46.043649
8566,175.516348,139.772455,1.703095,0.35928,0.060295,1.255729,20000,0.344835,59.497725
8567,194.715704,171.734143,1.015868,0.231038,0.067113,1.133821,20000,0.344835,39.039878
8568,152.971416,126.357341,0.13301,0.315369,0.059516,1.210625,20000,0.344835,27.772716
8569,87.33298,121.06552,0.126529,0.126952,0.047215,0.72137,20000,0.344835,0.0
8570,63.478109,52.70863,0.145013,0.12958,0.073191,1.204321,20000,0.344835,11.32592
8571,196.466421,167.480464,1.426423,0.589031,0.072799,1.173071,20000,0.344835,73.909708
8572,95.406818,112.392448,0.529283,0.543581,0.064329,0.848872,20000,0.344835,10.339668
8573,222.261769,195.409816,1.007456,0.573492,0.017004,1.137414,20000,0.344835,63.118868
8574,47.849102,63.60316,1.335399,0.405571,0.053359,0.752307,20000,0.344835,5.150353
8575,88.869131,101.69471,1.315025,0.346226,0.048274,0.873882,20000,0.344835,11.370346
8576,165.223834,193.183151,0.950998,0.449197,0.044359,0.85527,20000,0.344835,21.058007
8577,70.966093,86.876784,0.278975,0.258925,0.047407,0.816859,20000,0.344835,0.405329
8578,61.553818,64.74789,1.387396,0.338259,0.031865,0.950669,20000,0.344835,9.351876
8579,122.910841,119.981962,0.947837,0.341657,0.016931,1.024411,20000,0.344835,18.625966
8580,99.740123,98.033827,0.318178,0.332716,0.023281,1.017405,20000,0.344835,8.669268
8581,208.168646,198.510009,1.220248,0.527244,0.028099,1.048656,20000,0.344835,55.391607
8582,168.953673,143.313283,0.770995,0.272999,0.003159,1.178911,20000,0.344835,31.118597
8583,129.578005,158.894396,0.395331,0.488411,0.000695,0.815498,20000,0.344835,6.697967
8584,102.572778,141.997647,0.316933,0.442849,0.016103,0.722355,20000,0.344835,1.410043
8585,58.108447,70.729227,1.53614,0.414965,0.0038,0.821562,20000,0.344835,7.770422
8586,97.30377,126.426236,1.012924,0.550906,0.076539,0.769649,20000,0.344835,14.789089
8587,151.640774,160.94959,0.05792,0.206462,0.009285,0.942163,20000,0.344835,0.450776
8588,98.400802,81.024115,1.806909,0.236017,0.044654,1.214463,20000,0.344835,26.523177
8589,132.032013,161.444682,0.975093,0.320375,0.009733,0.817816,20000,0.344835,7.56743
8590,54.360259,76.814988,1.934177,0.12734,0.045319,0.707678,20000,0.344835,0.338432
8591,123.284412,164.241606,1.46381,0.570784,0.044231,0.750628,20000,0.344835,24.866968
8592,124.806648,115.239907,0.831327,0.354906,0.014785,1.083016,20000,0.344835,21.114773
8593,146.731866,133.568941,1.841861,0.146157,0.003703,1.098548,20000,0.344835,19.170084
8594,116.977638,118.593832,1.566525,0.461096,0.024642,0.986372,20000,0.344835,27.64523
8595,128.103595,178.295995,1.507875,0.544747,0.034656,0.718488,20000,0.344835,20.885895
8596,153.175532,134.373762,1.155309,0.324512,0.011871,1.139921,20000,0.344835,31.679444
8597,88.564437,92.260395,0.268591,0.114057,0.039801,0.95994,20000,0.344835,1.059318
8598,162.66928,195.099995,1.799108,0.113149,0.013942,0.833774,20000,0.344835,2.052034
8599,121.574229,128.47713,1.259885,0.52643,0.000142,0.946271,20000,0.344835,25.081526
8600,234.510518,189.429053,0.684419,0.13836,0.014495,1.237986,20000,0.344835,47.183025
8601,88.507046,81.542683,0.466557,0.55655,0.037555,1.085408,20000,0.318137,17.06103
8602,122.931187,112.762016,1.66028,0.346361,0.030778,1.090183,20000,0.318137,29.384631
8603,53.814166,59.910715,1.456274,0.545953,0.011051,0.898239,20000,0.318137,12.107987
8604,169.35127,193.887334,1.543083,0.578665,0.072673,0.873452,20000,0.318137,46.75727
8605,103.06374,124.847616,0.47782,0.257447,0.043312,0.825516,20000,0.318137,1.818881
8606,148.754218,123.899686,1.906839,0.390154,0.022092,1.200602,20000,0.318137,46.79653
8607,168.128797,154.24395,0.251693,0.515026,0.046028,1.090019,20000,0.318137,25.512784
8608,45.900724,50.553749,0.197398,0.152124,0.045664,0.907959,20000,0.318137,0.147175
8609,150.549785,117.651191,1.907676,0.497079,0.071751,1.279628,20000,0.318137,61.842965
8610,148.005966,161.046524,1.076757,0.210332,0.059414,0.919026,20000,0.318137,11.47255
8611,151.49613,199.636349,1.61174,0.377776,0.021432,0.75886,20000,0.318137,15.846611
8612,41.340343,52.264247,0.493431,0.21795,0.002364,0.790987,20000,0.318137,0.221941
8613,117.922205,112.804447,1.697882,0.500544,0.025226,1.045368,20000,0.318137,34.360144
8614,175.796672,144.965235,1.133303,0.541021,0.020226,1.212682,20000,0.318137,54.851945
8615,43.009678,51.887121,1.581764,0.184406,0.005434,0.828909,20000,0.318137,1.353719
8616,82.612839,68.145992,0.77741,0.462846,0.044735,1.212292,20000,0.318137,21.960279
8617,205.600558,173.144289,1.464528,0.462219,0.000392,1.187452,20000,0.318137,59.125714
8618,92.765402,92.967824,0.16945,0.249699,0.024059,0.997823,20000,0.318137,3.850099
8619,157.948671,177.757733,0.798792,0.309276,0.077559,0.888561,20000,0.318137,13.876508
8620,124.243761,105.625165,0.279273,0.419969,0.028442,1.17627,20000,0.318137,22.552047
8621,100.02071,120.142104,1.463173,0.123173,0.001105,0.83252,20000,0.318137,0.894314
8622,210.166843,189.654528,0.938794,0.262267,0.049856,1.108156,20000,0.318137,37.215393
8623,187.46156,149.584872,0.649393,0.573837,0.047929,1.253212,20000,0.318137,56.550976
8624,149.222158,131.182007,1.756522,0.571535,0.063738,1.13752,20000,0.318137,59.298773
8625,183.449263,143.298936,1.403269,0.287748,0.021271,1.280186,20000,0.318137,50.627398
8626,112.037324,159.85537,1.339924,0.528618,0.01849,0.700867,20000,0.318137,14.510022
8627,117.115934,162.837511,1.078443,0.242163,0.066974,0.71922,20000,0.318137,2.502199
8628,62.193871,67.620905,0.908608,0.20331,0.01025,0.919743,20000,0.318137,2.96029
8629,104.431419,110.253049,1.538325,0.127438,0.043927,0.947198,20000,0.318137,7.29006
8630,156.632273,134.858887,1.733208,0.115057,0.052258,1.161453,20000,0.318137,33.719536
8631,166.364105,184.814249,0.616812,0.353288,0.004379,0.900169,20000,0.318137,11.764747
8632,121.780473,161.222846,0.430793,0.150107,0.017463,0.755355,20000,0.318137,0.011283
8633,154.806641,147.370295,1.334484,0.412418,0.042151,1.05046,20000,0.318137,35.401219
8634,117.371091,97.3936,0.124611,0.542601,0.072923,1.205121,20000,0.318137,22.412425
8635,108.667709,116.425579,1.651502,0.534692,0.05512,0.933366,20000,0.318137,30.021461
8636,95.697244,112.027542,0.664077,0.269972,0.058216,0.85423,20000,0.318137,4.056097
8637,98.284173,91.166681,0.137774,0.289067,0.042465,1.078071,20000,0.318137,8.939683
8638,188.892988,149.552885,1.981661,0.546828,0.044672,1.263051,20000,0.318137,79.711689
8639,197.405611,163.992661,1.000386,0.281533,0.025302,1.203747,20000,0.318137,44.80689
8640,60.739913,63.673774,0.845826,0.437964,0.039352,0.953924,20000,0.318137,9.354742
8641,110.776596,90.130657,0.994442,0.123803,0.010707,1.229067,20000,0.318137,21.716754
8642,81.092894,77.814927,1.15733,0.140985,0.010112,1.042125,20000,0.318137,7.121789
8643,80.340486,66.565919,0.122368,0.172867,0.037468,1.206931,20000,0.318137,14.06018
8644,148.400115,123.882042,1.717923,0.247,0.007437,1.197915,20000,0.318137,33.620312
8645,134.542712,177.416557,1.525909,0.221507,0.03847,0.758344,20000,0.318137,4.967047
8646,90.444556,94.774738,1.140917,0.294787,0.034835,0.954311,20000,0.318137,11.109225
8647,77.793625,76.711124,0.091609,0.28655,0.026015,1.014111,20000,0.318137,3.276178
8648,172.378202,185.561839,0.604508,0.281177,0.06633,0.928953,20000,0.318137,12.346237
8649,92.188908,73.729119,1.999442,0.520246,0.031016,1.250373,20000,0.318137,36.748336
8650,50.324044,50.413371,0.725369,0.524946,0.064165,0.998228,20000,0.318137,10.024704
8651,83.514767,95.574717,1.560253,0.457777,0.0379,0.873817,20000,0.318137,16.616577
8652,138.516455,190.733065,1.726111,0.432026,0.002954,0.726232,20000,0.318137,15.945002
8653,237.201227,199.516364,0.627815,0.521641,0.008694,1.188881,20000,0.318137,58.787913
8654,99.939173,78.112649,0.518178,0.338461,0.016237,1.279424,20000,0.318137,24.076727
8655,175.672967,137.867356,0.653066,0.589351,0.066809,1.274217,20000,0.318137,55.837575
8656,74.184557,83.954735,1.984007,0.190377,0.061856,0.883626,20000,0.318137,7.716854
8657,60.613166,59.314407,1.828702,0.249374,0.04813,1.021896,20000,0.318137,11.26117
8658,162.356402,168.359201,0.550621,0.182418,0.022734,0.964345,20000,0.318137,7.082123
8659,91.747931,101.071862,1.965088,0.116582,0.069384,0.907749,20000,0.318137,7.80612
8660,127.669291,136.967459,1.608221,0.360087,0.036247,0.932114,20000,0.318137,21.919041
8661,124.216479,95.661625,1.512326,0.574729,0.061264,1.298499,20000,0.318137,50.14506
8662,97.689229,95.886456,1.748084,0.228121,0.040119,1.018801,20000,0.318137,15.706493
8663,203.132263,160.24866,0.892197,0.578411,0.057225,1.267607,20000,0.318137,68.873861
8664,113.468583,132.245248,1.429428,0.439387,0.051832,0.858016,20000,0.318137,19.823305
8665,184.8468,163.9576,1.693307,0.319454,0.063488,1.127406,20000,0.318137,49.303648
8666,119.013341,140.585578,1.1962,0.415786,0.075705,0.846554,20000,0.318137,18.083458
8667,67.074042,84.661874,1.39143,0.158132,0.056877,0.792258,20000,0.318137,1.499558
8668,182.321745,177.351592,1.797127,0.382935,0.003971,1.028024,20000,0.318137,38.22787
8669,145.669301,161.170812,0.339238,0.315867,0.042969,0.903819,20000,0.318137,5.718525
8670,54.522659,54.527344,1.304545,0.355214,0.03272,0.999914,20000,0.318137,9.806863
8671,207.079067,194.071253,1.569401,0.254042,0.078174,1.067026,20000,0.318137,45.970622
8672,152.708556,157.622383,1.400293,0.199688,0.020583,0.968825,20000,0.318137,13.985277
8673,62.453053,74.532587,1.69004,0.53747,0.036277,0.83793,20000,0.318137,14.650162
8674,232.305905,185.396017,0.551837,0.3715,0.023344,1.253025,20000,0.318137,55.921934
8675,109.89531,143.389851,1.956111,0.372954,0.05899,0.766409,20000,0.318137,16.533644
8676,174.187474,192.330774,0.68434,0.158297,0.052079,0.905666,20000,0.318137,4.859487
8677,83.646008,105.746549,0.567468,0.182316,0.069338,0.791005,20000,0.318137,0.442733
8678,211.999141,184.66573,0.221705,0.514923,0.001935,1.148016,20000,0.318137,35.823452
8679,77.061025,68.076629,0.799836,0.592875,0.002956,1.131975,20000,0.318137,19.907134
8680,87.478037,68.954435,1.974518,0.568201,0.004075,1.268635,20000,0.318137,34.990732
8681,190.367772,177.314009,1.849242,0.277768,0.056141,1.073619,20000,0.318137,44.580389
8682,133.552285,133.153019,1.665942,0.256518,0.04611,1.002999,20000,0.318137,22.517297
8683,59.501351,71.132387,0.683474,0.201121,0.002199,0.836487,20000,0.318137,0.816784
8684,159.596907,186.834483,0.277733,0.284042,0.021626,0.854215,20000,0.318137,2.054638
8685,170.712063,197.400525,0.282367,0.202667,0.020508,0.8648,20000,0.318137,0.885995
8686,224.935846,177.899034,1.16102,0.576166,0.006715,1.264402,20000,0.318137,74.675484
8687,130.000808,136.342139,0.81369,0.48637,0.072541,0.95349,20000,0.318137,23.379795
8688,138.156992,130.272764,0.478193,0.521864,0.001723,1.060521,20000,0.318137,23.517532
8689,160.034953,162.805357,0.802947,0.361633,0.055268,0.982983,20000,0.318137,22.432535
8690,54.735158,55.417017,0.57261,0.11529,0.049191,0.987696,20000,0.318137,2.377582
8691,124.979773,111.001108,0.531651,0.334477,0.0241,1.125933,20000,0.318137,20.373732
8692,106.665872,151.260118,0.662667,0.411418,0.062122,0.705182,20000,0.318137,3.98772
8693,251.115587,196.941474,0.192662,0.274084,0.03562,1.275077,20000,0.318137,55.563154
8694,131.90063,111.182939,0.901789,0.296049,0.025096,1.186339,20000,0.318137,28.105465
8695,80.880744,62.38134,1.986827,0.125089,0.006881,1.296553,20000,0.318137,19.630625
8696,105.917975,123.366935,1.847326,0.383524,0.055933,0.85856,20000,0.318137,19.361138
8697,176.455305,149.201271,1.004765,0.136603,0.078242,1.182666,20000,0.318137,39.074246
8698,102.812168,100.535892,1.952616,0.414514,0.04843,1.022641,20000,0.318137,28.712836
8699,84.888017,93.252338,0.541979,0.554143,0.07364,0.910304,20000,0.318137,11.833948
8700,82.848869,65.153101,0.27467,0.26762,0.01182,1.271603,20000,0.318137,18.013431
8701,82.899371,104.420442,1.545806,0.354799,0.041508,0.7939,20000,0.35358,9.20425
8702,183.260926,171.773488,1.121004,0.381209,0.015838,1.066875,20000,0.35358,36.498359
8703,128.289219,102.752462,0.22903,0.507237,0.025252,1.248527,20000,0.35358,28.736047
8704,107.752305,134.302421,0.908481,0.347013,0.006714,0.802311,20000,0.35358,6.036027
8705,148.214882,152.707265,0.368843,0.145724,0.055234,0.970582,20000,0.35358,4.550026
8706,141.886917,174.604654,1.281007,0.307717,0.012122,0.812618,20000,0.35358,9.67904
8707,116.814909,123.851323,0.473033,0.231991,0.043743,0.943187,20000,0.35358,5.360982
8708,137.615361,128.493708,1.206857,0.496774,0.066228,1.070989,20000,0.35358,38.232329
8709,100.751729,113.805751,0.899277,0.349919,0.072071,0.885296,20000,0.35358,10.763969
8710,193.307508,162.798886,1.825974,0.172902,0.069655,1.187401,20000,0.35358,51.468714
8711,178.572191,182.190836,1.047445,0.425371,0.064952,0.980138,20000,0.35358,33.95146
8712,77.364612,93.121304,1.492757,0.498773,0.069274,0.830794,20000,0.35358,16.381947
8713,198.766383,178.430226,0.63402,0.541482,0.049331,1.113973,20000,0.35358,45.667185
8714,164.960254,161.947794,0.943607,0.342537,0.066627,1.018601,20000,0.35358,27.502934
8715,194.732261,164.076938,1.51027,0.501931,0.006455,1.186835,20000,0.35358,60.915803
8716,157.909767,166.636184,1.733614,0.504315,0.07254,0.947632,20000,0.35358,44.901106
8717,76.275634,67.564535,1.203119,0.203961,0.076453,1.12893,20000,0.35358,15.680977
8718,196.900179,187.077216,0.868186,0.283532,0.013389,1.052508,20000,0.35358,26.521989
8719,74.347486,60.067508,0.778059,0.512326,0.030561,1.237732,20000,0.35358,21.014979
8720,152.347267,178.518742,0.956795,0.520678,0.026055,0.853396,20000,0.35358,22.854846
8721,190.570807,177.538101,0.400574,0.222081,0.064216,1.073408,20000,0.35358,21.123907
8722,70.828982,89.277308,1.402395,0.204014,0.068622,0.793359,20000,0.35358,3.293643
8723,143.408855,148.244915,0.668938,0.330496,0.0149,0.967378,20000,0.35358,13.781877
8724,48.546823,54.324273,1.078471,0.221177,0.038363,0.893649,20000,0.35358,3.047449
8725,72.257576,86.399244,1.86498,0.120115,0.05007,0.836322,20000,0.35358,2.297627
8726,130.530436,144.173322,1.277705,0.283767,0.059973,0.905372,20000,0.35358,15.405123
8727,65.578424,73.573198,0.147741,0.126691,0.014476,0.891336,20000,0.35358,0.013228
8728,131.397952,150.599824,0.29177,0.265724,0.068542,0.872497,20000,0.35358,2.30568
8729,86.441064,93.312028,0.891826,0.516287,0.073219,0.926366,20000,0.35358,16.346578
8730,141.201457,109.702491,1.797832,0.591662,0.026758,1.287131,20000,0.35358,59.297812
8731,180.770233,182.167373,1.089908,0.364244,0.042384,0.99233,20000,0.35358,30.286762
8732,127.886991,151.38639,1.828797,0.192466,0.075557,0.844772,20000,0.35358,11.422111
8733,62.503338,84.60323,1.811523,0.11852,0.072333,0.738782,20000,0.35358,0.838252
8734,108.712474,154.212524,1.807939,0.531478,0.060289,0.704952,20000,0.35358,21.530721
8735,67.103338,78.809319,0.880783,0.154258,0.037508,0.851465,20000,0.35358,1.049638
8736,110.397414,86.64416,1.000035,0.232115,0.053988,1.274147,20000,0.35358,29.349479
8737,151.046242,192.591171,0.571401,0.315944,0.055393,0.784284,20000,0.35358,4.125926
8738,181.725512,176.652582,1.704994,0.575043,0.015746,1.028717,20000,0.35358,56.256745
8739,66.299573,83.234109,0.714996,0.306833,0.005391,0.796543,20000,0.35358,1.967007
8740,164.257735,176.483326,1.946289,0.454868,0.012239,0.930727,20000,0.35358,38.097174
8741,191.615241,173.979902,0.747927,0.237851,0.008602,1.101364,20000,0.35358,26.081751
8742,67.171005,55.73535,0.493005,0.401493,0.015665,1.205178,20000,0.35358,14.424706
8743,170.972474,160.574961,1.696046,0.560289,0.075205,1.064752,20000,0.35358,60.59537
8744,101.553161,81.715767,0.671074,0.423279,0.067237,1.242761,20000,0.35358,27.144989
8745,99.753081,104.206231,0.217331,0.586899,0.064668,0.957266,20000,0.35358,9.432939
8746,87.618973,112.605854,0.835579,0.442032,0.045574,0.778103,20000,0.35358,7.285117
8747,52.385971,64.015065,1.828102,0.459887,0.029721,0.818338,20000,0.35358,10.08777
8748,142.159333,116.424404,0.667249,0.113147,0.015796,1.221044,20000,0.35358,26.925288
8749,166.600051,158.743898,1.896153,0.568836,0.017591,1.049489,20000,0.35358,55.834383
8750,154.963468,188.545561,1.275301,0.328983,0.044952,0.821889,20000,0.35358,14.742777
8751,85.043122,78.0856,1.383759,0.162113,0.010697,1.089101,20000,0.35358,11.163744
8752,151.58523,144.820778,1.574493,0.309883,0.077177,1.046709,20000,0.35358,35.417066
8753,115.485946,108.896859,0.509005,0.287413,0.023734,1.060508,20000,0.35358,13.717121
8754,146.081693,144.452761,0.281613,0.374252,0.013894,1.011277,20000,0.35358,12.530575
8755,105.728207,115.985308,1.210314,0.181516,0.026644,0.911566,20000,0.35358,5.725597
8756,66.8213,55.967964,1.889125,0.105617,0.028893,1.193921,20000,0.35358,14.055504
8757,172.220754,174.862926,0.635952,0.534944,0.076294,0.98489,20000,0.35358,30.965283
8758,54.708816,73.463348,1.141828,0.248433,0.049369,0.744709,20000,0.35358,1.563336
8759,77.931332,65.403393,1.32982,0.593685,0.054036,1.191549,20000,0.35358,27.792912
8760,199.592273,170.846048,1.978944,0.23874,0.049293,1.168258,20000,0.35358,53.078037
8761,82.696182,71.57615,1.5787,0.123472,0.059487,1.155359,20000,0.35358,17.76396
8762,122.205286,141.678396,1.239999,0.352009,0.033507,0.862554,20000,0.35358,13.952533
8763,109.952272,147.447611,1.903714,0.378659,0.066349,0.745704,20000,0.35358,15.581321
8764,104.870846,101.869981,0.405728,0.416872,0.017753,1.029458,20000,0.35358,13.071975
8765,124.428499,106.68908,1.378953,0.57114,0.026295,1.166272,20000,0.35358,41.397931
8766,188.687131,149.889634,0.186034,0.281043,0.017817,1.25884,20000,0.35358,39.548816
8767,104.140138,131.84119,1.44309,0.282452,0.044003,0.789891,20000,0.35358,7.417156
8768,71.299538,60.457311,0.273776,0.313083,0.055328,1.179337,20000,0.35358,12.385948
8769,179.590168,193.070081,1.906426,0.119776,0.048729,0.930181,20000,0.35358,13.575237
8770,115.729998,124.942743,1.106428,0.52496,0.065869,0.926264,20000,0.35358,24.416756
8771,105.502885,112.950307,1.789368,0.204018,0.062771,0.934065,20000,0.35358,13.478353
8772,158.388597,172.581598,0.424846,0.554747,0.038493,0.917761,20000,0.35358,18.277774
8773,87.163878,114.57159,1.306657,0.106573,0.054001,0.760781,20000,0.35358,0.240494
8774,168.534284,131.921573,0.056426,0.137912,0.053236,1.277534,20000,0.35358,37.029589
8775,53.065756,74.371663,1.870582,0.343296,0.078212,0.713521,20000,0.35358,6.245249
8776,147.209202,156.696663,1.342764,0.196073,0.003119,0.939453,20000,0.35358,9.652602
8777,87.033304,98.397712,0.20652,0.126543,0.021634,0.884505,20000,0.35358,0.037492
8778,115.052478,92.351768,0.342086,0.308158,0.011398,1.245807,20000,0.35358,24.267204
8779,89.899657,105.553616,0.308708,0.420749,0.048827,0.851697,20000,0.35358,3.642074
8780,147.658469,117.786919,1.095467,0.358833,0.016549,1.253607,20000,0.35358,40.008841
8781,80.045796,101.888832,0.364588,0.1149,0.012888,0.785619,20000,0.35358,0.000463
8782,140.761198,124.422657,0.16317,0.402476,0.054295,1.131315,20000,0.35358,20.03614
8783,130.537837,127.844018,0.510894,0.353508,0.044413,1.021071,20000,0.35358,15.583739
8784,120.417648,164.307159,1.026139,0.120275,0.057774,0.732881,20000,0.35358,0.117172
8785,92.812235,102.119596,0.657553,0.193622,0.063959,0.908858,20000,0.35358,3.717004
8786,135.502532,121.976595,1.801452,0.25139,0.035317,1.11089,20000,0.35358,29.394212
8787,139.878042,167.52702,0.926507,0.288157,0.029877,0.834958,20000,0.35358,7.838179
8788,78.558152,82.174769,1.109026,0.344796,0.055058,0.955989,20000,0.35358,11.91825
8789,139.539648,159.523786,0.054286,0.369701,0.074811,0.874726,20000,0.35358,0.37485
8790,197.774915,188.430784,1.623587,0.303401,0.006474,1.049589,20000,0.35358,35.351539
8791,222.387171,183.536785,0.076679,0.128488,0.069987,1.211676,20000,0.35358,39.980953
8792,115.138491,143.608743,0.780925,0.308637,0.019913,0.801751,20000,0.35358,4.53409
8793,63.740899,57.531186,0.168979,0.522249,0.031527,1.107936,20000,0.35358,9.010581
8794,147.596869,117.224384,0.091669,0.299076,0.055755,1.259097,20000,0.35358,30.920138
8795,174.891495,181.771514,1.553739,0.101831,0.031051,0.96215,20000,0.35358,9.504764
8796,75.315053,84.850523,0.575348,0.559883,0.078997,0.88762,20000,0.35358,10.516336
8797,135.037175,136.450858,0.426958,0.295344,0.0218,0.98964,20000,0.35358,10.389662
8798,95.39299,91.33851,1.076076,0.238492,0.024483,1.04439,20000,0.35358,12.651861
8799,243.73949,199.222359,0.734633,0.458591,0.039826,1.223454,20000,0.35358,64.864745
8800,129.516542,110.185907,1.533917,0.140717,0.002005,1.175437,20000,0.35358,21.471525
8801,90.428339,106.454204,1.756823,0.322743,0.066862,0.849458,20000,0.331592,13.58447
8802,153.711803,127.023861,0.844662,0.227102,0.02218,1.210102,20000,0.331592,31.624755
8803,124.097564,124.715643,0.808578,0.14807,0.077633,0.995044,20000,0.331592,10.47964
8804,90.077973,107.715213,1.599204,0.453963,0.002731,0.83626,20000,0.331592,14.463234
8805,117.113299,137.394877,0.283992,0.201715,0.055868,0.852385,20000,0.331592,0.55242
8806,146.344757,176.271804,0.794843,0.360414,0.036692,0.830222,20000,0.331592,10.180188
8807,204.006324,170.355593,1.976353,0.350036,0.031835,1.197532,20000,0.331592,61.061708
8808,65.170849,74.436189,1.127707,0.232517,0.07907,0.875526,20000,0.331592,5.204145
8809,171.566398,194.867455,1.571144,0.430763,0.010942,0.880426,20000,0.331592,29.357189
8810,61.103494,54.358342,0.701635,0.520173,0.018396,1.124087,20000,0.331592,14.225165
8811,90.230476,75.12003,0.162791,0.209622,0.06637,1.201151,20000,0.331592,15.918724
8812,196.291185,171.31367,0.079658,0.214236,0.026055,1.1458,20000,0.331592,25.372149
8813,105.182036,115.695496,0.151841,0.178723,0.071533,0.909128,20000,0.331592,0.407358
8814,137.668986,191.911489,0.687961,0.277112,0.079697,0.717357,20000,0.331592,1.967606
8815,126.901449,118.226485,0.537936,0.335038,0.055393,1.073376,20000,0.331592,18.898649
8816,90.797725,91.538319,0.54859,0.392909,0.045991,0.991909,20000,0.331592,11.191617
8817,121.465321,149.755217,1.114954,0.343736,0.010031,0.811092,20000,0.331592,8.574821
8818,111.888092,147.377726,1.123673,0.347039,0.027677,0.759193,20000,0.331592,7.044123
8819,192.556798,180.148686,0.319825,0.519509,0.015405,1.068877,20000,0.331592,28.861606
8820,88.248866,74.924045,0.81105,0.387278,0.06228,1.177844,20000,0.331592,21.749278
8821,198.321355,194.873428,0.167932,0.404919,0.014159,1.017693,20000,0.331592,15.176176
8822,196.308444,173.488634,0.898638,0.101894,0.07671,1.131535,20000,0.331592,34.511408
8823,69.412053,84.573324,0.294072,0.114467,0.036177,0.820732,20000,0.331592,0.002176
8824,57.472823,68.346011,0.831466,0.527541,0.043538,0.84091,20000,0.331592,8.147704
8825,164.796427,172.913208,0.595415,0.432642,0.06794,0.953059,20000,0.331592,21.43787
8826,109.42114,143.374375,0.419919,0.411046,0.033155,0.763185,20000,0.331592,2.940574
8827,108.722973,115.92723,1.988465,0.137775,0.003813,0.937855,20000,0.331592,5.794422
8828,167.444763,197.275914,0.286548,0.258011,0.03409,0.848785,20000,0.331592,1.676434
8829,166.29406,158.681339,1.082585,0.171099,0.017683,1.047975,20000,0.331592,17.422102
8830,84.424324,97.86605,1.385871,0.590362,0.05062,0.862652,20000,0.331592,20.680919
8831,194.968634,150.94178,0.181269,0.272576,0.017008,1.291681,20000,0.331592,44.513084
8832,95.230322,123.73915,1.995127,0.340182,0.042222,0.769605,20000,0.331592,11.996557
8833,146.274873,138.784165,1.107355,0.370241,0.001077,1.053974,20000,0.331592,25.449584
8834,221.575912,187.645789,0.731839,0.189516,0.001089,1.18082,20000,0.331592,36.260612
8835,172.990519,160.427159,1.508036,0.554099,0.036463,1.078312,20000,0.331592,54.586054
8836,134.6175,180.846571,0.688178,0.232607,0.07447,0.744374,20000,0.331592,1.470234
8837,110.113066,124.236949,0.656123,0.573281,0.055703,0.886315,20000,0.331592,16.912808
8838,71.446435,67.505011,1.603547,0.284009,0.011341,1.058387,20000,0.331592,12.549001
8839,136.186851,122.211183,1.496655,0.300819,0.058094,1.114357,20000,0.331592,32.253192
8840,89.178607,124.388479,0.783983,0.377608,0.023899,0.716936,20000,0.331592,3.274195
8841,169.890591,172.181213,0.242511,0.405294,0.020638,0.986696,20000,0.331592,12.844785
8842,129.550369,100.96063,1.503176,0.527445,0.064432,1.283177,20000,0.331592,51.199044
8843,138.360108,176.112216,0.499037,0.495628,0.014804,0.785636,20000,0.331592,7.864399
8844,162.20173,181.837073,1.177758,0.401224,0.039349,0.892017,20000,0.331592,23.098652
8845,180.822628,176.871578,0.425485,0.318151,0.069459,1.022339,20000,0.331592,19.525405
8846,101.092507,79.949083,0.135651,0.203786,0.043418,1.264461,20000,0.331592,21.632214
8847,69.674494,56.846882,1.13851,0.281264,0.035543,1.225652,20000,0.331592,17.479843
8848,180.207039,144.17657,1.385191,0.20352,0.062561,1.249905,20000,0.331592,50.219203
8849,141.185197,131.150251,0.569004,0.177082,0.050853,1.076515,20000,0.331592,16.073045
8850,149.650193,116.851192,0.676803,0.548154,0.009304,1.28069,20000,0.331592,43.621399
8851,103.54948,129.870262,0.15378,0.247087,0.073797,0.79733,20000,0.331592,0.048739
8852,177.639979,187.834743,0.54125,0.376044,0.004274,0.945725,20000,0.331592,16.130941
8853,207.848221,188.405898,1.866153,0.539472,0.033402,1.103194,20000,0.331592,71.800763
8854,145.504532,119.120875,0.623792,0.142863,0.059568,1.221486,20000,0.331592,30.748515
8855,174.33511,136.290194,0.819002,0.580049,0.012962,1.279146,20000,0.331592,55.19763
8856,159.066196,131.753943,1.286774,0.330029,0.027232,1.207297,20000,0.331592,40.401412
8857,81.258209,89.839462,1.270057,0.139785,0.039134,0.904482,20000,0.331592,3.341166
8858,202.83599,199.464153,0.812008,0.35165,0.05014,1.016904,20000,0.331592,30.741597
8859,119.712682,159.957809,0.903736,0.554482,0.070522,0.748402,20000,0.331592,14.749314
8860,82.634147,89.763213,1.332517,0.118767,0.037219,0.920579,20000,0.331592,3.304779
8861,158.614326,168.343431,0.341639,0.279413,0.004726,0.942207,20000,0.331592,6.638219
8862,96.44096,103.907323,0.246075,0.300865,0.051062,0.928144,20000,0.331592,3.324984
8863,138.122069,121.324283,0.077397,0.38222,0.007631,1.138454,20000,0.331592,17.581513
8864,109.729208,137.409639,0.431467,0.239624,0.06283,0.798555,20000,0.331592,0.939742
8865,232.536034,182.341489,0.661843,0.301493,0.057494,1.275278,20000,0.331592,59.765073
8866,79.189636,86.442025,0.93736,0.4586,0.029608,0.916101,20000,0.331592,12.269306
8867,198.379881,155.001474,1.650896,0.248745,0.01882,1.279858,20000,0.331592,53.963109
8868,73.735946,101.89945,0.405332,0.188756,0.072668,0.723615,20000,0.331592,0.028477
8869,93.917513,103.007195,1.184706,0.42596,0.059505,0.911757,20000,0.331592,16.782165
8870,86.735704,103.88625,0.643329,0.271334,0.012286,0.83491,20000,0.331592,2.540752
8871,162.106202,125.981036,1.309447,0.253193,0.018375,1.286751,20000,0.331592,43.310353
8872,58.118639,61.925668,1.709592,0.33159,0.020153,0.938523,20000,0.331592,9.367037
8873,89.992791,72.225297,0.831442,0.185738,0.053779,1.246001,20000,0.331592,21.219014
8874,91.093938,77.034423,0.175418,0.175397,0.023862,1.18251,20000,0.331592,14.440356
8875,95.145949,97.42526,1.621983,0.325161,0.011132,0.976605,20000,0.331592,15.112529
8876,224.766492,193.321979,0.287445,0.470847,0.052306,1.162654,20000,0.331592,42.250805
8877,110.191758,130.000384,0.705163,0.436386,0.071125,0.847626,20000,0.331592,10.854092
8878,213.22649,164.767136,0.298172,0.105002,0.0682,1.294108,20000,0.331592,51.912564
8879,60.401233,73.219353,1.824399,0.433858,0.044101,0.824935,20000,0.331592,11.263547
8880,105.141265,128.401697,1.542654,0.429561,0.063569,0.818846,20000,0.331592,18.098958
8881,103.057547,112.033592,1.398547,0.510626,0.060648,0.919881,20000,0.331592,25.087004
8882,208.354623,183.214845,0.947237,0.19479,0.001088,1.137215,20000,0.331592,30.711905
8883,219.580237,176.078353,1.708412,0.334196,0.070207,1.24706,20000,0.331592,73.298772
8884,121.66346,109.993122,1.522143,0.449003,0.029487,1.106101,20000,0.331592,33.205906
8885,87.631152,91.262192,0.721051,0.104393,0.06156,0.960213,20000,0.331592,3.180801
8886,69.953641,80.031552,1.726397,0.477535,0.012613,0.874076,20000,0.331592,14.423884
8887,172.396386,184.240131,0.83167,0.51591,0.014725,0.935716,20000,0.331592,28.651807
8888,206.434491,192.355437,1.961399,0.144598,0.079676,1.073193,20000,0.331592,44.887217
8889,144.476663,138.952506,0.968477,0.560952,0.027813,1.039756,20000,0.331592,34.198241
8890,110.842791,113.749176,1.034178,0.119783,0.004365,0.974449,20000,0.331592,4.278933
8891,90.5045,96.438153,1.4105,0.419148,0.052592,0.938472,20000,0.331592,18.465559
8892,80.57302,102.700436,0.0515,0.420623,0.06694,0.784544,20000,0.331592,0.015231
8893,155.323445,193.261249,0.578829,0.161054,0.06527,0.803697,20000,0.331592,0.638818
8894,104.899062,90.531699,1.245662,0.150722,0.070162,1.1587,20000,0.331592,22.491763
8895,131.744952,128.154153,1.386639,0.569117,0.024532,1.028019,20000,0.331592,37.034515
8896,66.307499,64.166639,1.190621,0.174282,0.008289,1.033364,20000,0.331592,6.392999
8897,103.544362,87.128577,1.837279,0.581262,0.028434,1.188409,20000,0.331592,39.463855
8898,61.457877,58.6531,1.072462,0.450396,0.015537,1.04782,20000,0.331592,12.921488
8899,169.692975,131.150531,1.323313,0.188131,0.042499,1.293879,20000,0.331592,46.724622
8900,74.642105,75.12159,0.435082,0.499247,0.050954,0.993617,20000,0.331592,10.136405
8901,216.191141,175.857169,0.356667,0.40655,0.061569,1.229356,20000,0.334644,48.454778
8902,163.311572,155.510505,0.433204,0.304565,0.027266,1.050164,20000,0.334644,17.979084
8903,98.515485,97.868171,1.636629,0.120577,0.015394,1.006614,20000,0.334644,7.58345
8904,84.587862,102.020237,0.544189,0.252625,0.044923,0.829128,20000,0.334644,1.826543
8905,70.354864,99.141062,0.226216,0.519767,0.068459,0.709644,20000,0.334644,0.844372
8906,54.610398,77.259136,0.994469,0.215647,0.076782,0.706847,20000,0.334644,0.66678
8907,153.201261,149.17783,0.664073,0.483189,0.033918,1.026971,20000,0.334644,27.552354
8908,138.272394,153.180071,1.812592,0.516653,0.023125,0.902679,20000,0.334644,34.019759
8909,48.203085,55.535386,0.094303,0.100643,0.033156,0.867971,20000,0.334644,0.0
8910,111.450117,154.484928,0.917778,0.554617,0.047634,0.72143,20000,0.334644,12.543103
8911,105.074647,125.468254,1.898176,0.266943,0.004915,0.83746,20000,0.334644,8.853099
8912,222.96037,195.173408,0.805336,0.505708,0.051986,1.142371,20000,0.334644,56.744474
8913,173.686386,177.972749,0.26755,0.38655,0.05794,0.975916,20000,0.334644,13.266989
8914,181.196182,181.881003,1.40215,0.558737,0.045122,0.996235,20000,0.334644,49.764084
8915,159.931427,151.522022,0.859611,0.420733,0.010662,1.0555,20000,0.334644,28.831254
8916,69.897742,80.346707,1.058485,0.586262,0.021162,0.869952,20000,0.334644,13.837809
8917,115.627894,127.44653,1.584368,0.350069,0.016346,0.907266,20000,0.334644,16.904385
8918,160.662823,143.423872,0.614494,0.272977,0.044441,1.120196,20000,0.334644,25.758021
8919,166.365252,131.293272,1.805755,0.2502,0.063873,1.267127,20000,0.334644,52.677487
8920,107.91838,129.432739,1.894385,0.483547,0.025685,0.83378,20000,0.334644,23.350823
8921,101.552195,81.006593,1.323387,0.364371,0.005822,1.253629,20000,0.334644,27.809035
8922,86.431079,75.958651,1.912026,0.321353,0.049633,1.13787,20000,0.334644,24.148826
8923,117.38023,97.274384,1.218966,0.179067,0.000195,1.206692,20000,0.334644,21.896358
8924,83.056911,108.457389,0.589181,0.469121,0.0255,0.765802,20000,0.334644,4.939001
8925,52.633192,52.97134,1.045931,0.516992,0.018798,0.993616,20000,0.334644,11.127249
8926,91.548303,96.760987,0.879271,0.318012,0.052883,0.946128,20000,0.334644,10.443812
8927,155.365858,161.166886,0.96,0.240029,0.016547,0.964006,20000,0.334644,12.875096
8928,105.17107,81.669798,0.21668,0.10181,0.064515,1.28776,20000,0.334644,24.636491
8929,139.62961,130.739653,1.190843,0.592283,0.035697,1.067997,20000,0.334644,40.69152
8930,62.282603,56.254004,1.309808,0.486958,0.067465,1.107167,20000,0.334644,18.196649
8931,40.548171,56.348812,0.526999,0.540372,0.025454,0.719592,20000,0.334644,2.174415
8932,47.645726,56.351848,1.795174,0.341323,0.069981,0.845504,20000,0.334644,7.680098
8933,141.560835,145.385745,0.373454,0.113369,0.041148,0.973691,20000,0.334644,3.157073
8934,146.745682,186.945953,1.956031,0.120727,0.019382,0.784963,20000,0.334644,1.5079
8935,144.408022,118.156772,1.567406,0.100087,0.036115,1.222173,20000,0.334644,33.077746
8936,69.435843,78.513881,0.121541,0.492124,0.053556,0.884377,20000,0.334644,1.883817
8937,94.351061,110.027373,1.706226,0.506945,0.027741,0.857524,20000,0.334644,20.560909
8938,217.734399,193.426359,1.106807,0.219019,0.030248,1.125671,20000,0.334644,38.434356
8939,190.995418,170.288913,1.652737,0.564957,0.06016,1.121596,20000,0.334644,69.438547
8940,87.600108,67.505437,0.512271,0.158341,0.022976,1.297675,20000,0.334644,20.855291
8941,50.574373,67.075423,1.450425,0.342284,0.04174,0.753993,20000,0.334644,4.418226
8942,92.819036,118.695026,0.196332,0.379448,0.063585,0.781996,20000,0.334644,0.646035
8943,152.080304,167.588422,1.266568,0.421966,0.041267,0.907463,20000,0.334644,26.14398
8944,91.506534,72.143045,1.575852,0.497444,0.042284,1.268404,20000,0.334644,33.652228
8945,82.957339,74.909819,0.767218,0.198713,0.028997,1.107429,20000,0.334644,11.748809
8946,77.327779,88.886653,1.009191,0.445123,0.069547,0.869959,20000,0.334644,11.701789
8947,86.540829,92.515813,1.412956,0.252339,0.02319,0.935417,20000,0.334644,9.354277
8948,152.011475,171.884786,1.978614,0.149124,0.038882,0.88438,20000,0.334644,9.64663
8949,118.973786,156.993411,0.651308,0.269079,0.018508,0.757827,20000,0.334644,1.527243
8950,60.920779,72.70989,0.051221,0.481412,0.068322,0.837861,20000,0.334644,0.188557
8951,117.693466,134.280751,1.017834,0.315552,0.00321,0.876473,20000,0.334644,9.160416
8952,136.4358,163.598939,1.698947,0.117471,0.027911,0.833965,20000,0.334644,2.252781
8953,56.740218,52.855302,0.48983,0.54826,0.070461,1.073501,20000,0.334644,11.326901
8954,88.732254,98.367905,0.585541,0.195281,0.064241,0.902045,20000,0.334644,2.929645
8955,203.048646,173.806768,1.788748,0.548129,0.026868,1.168244,20000,0.334644,73.024452
8956,130.927279,128.792316,0.696619,0.439416,0.016866,1.016577,20000,0.334644,20.649372
8957,71.954837,87.983584,1.468225,0.373621,0.006967,0.817821,20000,0.334644,7.820023
8958,41.576781,58.756286,0.968382,0.469963,0.028367,0.707614,20000,0.334644,3.315675
8959,94.757498,96.369976,0.37167,0.471842,0.069648,0.983268,20000,0.334644,11.151869
8960,52.38734,59.565156,1.464909,0.261341,0.044817,0.879496,20000,0.334644,5.213482
8961,169.390365,147.586501,1.916132,0.220128,0.018419,1.147736,20000,0.334644,35.414563
8962,129.166568,111.349537,1.166595,0.583148,0.011182,1.16001,20000,0.334644,39.847781
8963,128.923453,165.669574,1.99475,0.556011,0.077254,0.778196,20000,0.334644,35.42593
8964,117.330975,116.018584,1.260773,0.573234,0.050671,1.011312,20000,0.334644,33.37195
8965,137.781471,120.649057,0.314493,0.143337,0.067374,1.142002,20000,0.334644,19.905857
8966,112.161859,96.110224,0.974856,0.263746,0.07704,1.167013,20000,0.334644,25.797704
8967,160.628823,174.227822,0.054194,0.416566,0.078652,0.921947,20000,0.334644,1.945045
8968,143.776946,126.91363,1.301654,0.533726,0.022439,1.132872,20000,0.334644,43.201939
8969,220.624882,176.148055,1.318967,0.264149,0.001472,1.252497,20000,0.334644,51.922202
8970,119.88373,111.083751,0.533394,0.350492,0.035031,1.079219,20000,0.334644,17.655466
8971,79.512848,85.702302,1.580484,0.556099,0.065968,0.92778,20000,0.334644,22.847408
8972,181.926314,186.698506,1.476021,0.217497,0.047657,0.974439,20000,0.334644,22.823456
8973,211.699608,191.524003,1.652516,0.238348,0.063072,1.105342,20000,0.334644,47.758522
8974,146.116923,176.378287,1.929565,0.483899,0.043277,0.828429,20000,0.334644,33.203962
8975,136.570788,182.062337,1.355511,0.166856,0.002668,0.750132,20000,0.334644,1.014364
8976,122.228312,120.272934,0.343418,0.274228,0.018635,1.016258,20000,0.334644,9.166177
8977,172.12544,156.597746,1.40914,0.132968,0.023598,1.099157,20000,0.334644,23.732731
8978,90.885594,100.241089,1.662041,0.236328,0.054064,0.90667,20000,0.334644,10.724943
8979,85.108798,101.332713,1.232961,0.587186,0.065805,0.839895,20000,0.334644,19.544592
8980,66.644371,77.164693,1.958409,0.216634,0.011659,0.863664,20000,0.334644,5.005035
8981,153.147861,140.293331,1.761002,0.411929,0.007779,1.091626,20000,0.334644,39.560582
8982,92.613,110.412643,1.902751,0.305418,0.007981,0.83879,20000,0.334644,9.802425
8983,129.476962,108.521772,0.119233,0.435024,0.04891,1.193097,20000,0.334644,22.570058
8984,149.70237,121.382518,1.88099,0.186314,0.022133,1.233311,20000,0.334644,36.273159
8985,69.291839,63.604808,1.827785,0.328566,0.060069,1.089412,20000,0.334644,18.284287
8986,149.45857,144.504075,1.182478,0.422842,0.055541,1.034286,20000,0.334644,33.69261
8987,53.439055,54.642971,1.50709,0.465201,0.053874,0.977968,20000,0.334644,12.970548
8988,116.893859,136.178599,0.81777,0.423582,0.052787,0.858386,20000,0.334644,12.565027
8989,50.448977,68.189405,1.260523,0.369291,0.006559,0.739836,20000,0.334644,3.395543
8990,81.698026,116.081077,1.496438,0.559174,0.017913,0.703801,20000,0.334644,13.254547
8991,87.409387,94.378114,0.789872,0.11146,0.050485,0.926162,20000,0.334644,2.13268
8992,49.308864,65.805225,1.298708,0.209168,0.064302,0.749315,20000,0.334644,1.42933
8993,57.359706,57.951555,1.565831,0.393999,0.069856,0.989787,20000,0.334644,13.223906
8994,116.520588,160.164046,0.627665,0.115712,0.047836,0.727508,20000,0.334644,0.000828
8995,81.722967,64.126559,1.238895,0.548497,0.073344,1.274401,20000,0.334644,30.683146
8996,144.355553,124.503823,0.622489,0.415761,0.015153,1.159447,20000,0.334644,30.298327
8997,50.209109,52.133884,1.548233,0.241464,0.062629,0.96308,20000,0.334644,7.355696
8998,172.628582,141.128241,1.00805,0.151397,0.079844,1.223204,20000,0.334644,42.696357
8999,82.565867,70.853323,0.309756,0.572524,0.022021,1.165307,20000,0.334644,16.925787
9000,149.101612,133.645443,0.629609,0.582914,0.016927,1.115651,20000,0.334644,34.955552
9001,57.505929,65.040962,0.093579,0.560823,0.003155,0.884149,20000,0.301853,1.41687
9002,112.496207,154.365682,0.476611,0.486058,0.030138,0.728764,20000,0.301853,4.436428
9003,159.246054,165.503478,0.534124,0.512434,0.004413,0.962192,20000,0.301853,21.118348
9004,152.070241,125.541586,0.492422,0.139053,0.034622,1.211314,20000,0.301853,28.891503
9005,205.971099,160.46761,1.950155,0.435714,0.051788,1.283568,20000,0.301853,79.091383
9006,116.489972,122.201291,0.837582,0.297179,0.076203,0.953263,20000,0.301853,13.520765
9007,92.124389,114.499956,0.980605,0.572721,0.027601,0.80458,20000,0.301853,13.987693
9008,218.795977,177.589728,0.85681,0.59322,0.077857,1.232031,20000,0.301853,74.213217
9009,77.434723,62.091714,1.093458,0.264205,0.070359,1.247102,20000,0.301853,21.221247
9010,111.181912,103.522187,1.669882,0.382305,0.021608,1.073991,20000,0.301853,26.51504
9011,60.587928,62.831638,0.383663,0.393129,0.014814,0.96429,20000,0.301853,5.157114
9012,93.349954,115.933593,0.577799,0.55189,0.007923,0.805202,20000,0.301853,8.703101
9013,131.157996,172.03439,0.119584,0.37269,0.065843,0.762394,20000,0.301853,0.149948
9014,56.632921,67.00695,0.955376,0.254054,0.05242,0.84518,20000,0.301853,3.110356
9015,76.475804,60.123669,1.052435,0.176315,0.018398,1.271975,20000,0.301853,17.946047
9016,82.593994,75.920543,0.367767,0.355759,0.028584,1.0879,20000,0.301853,11.145416
9017,115.790906,99.825102,0.855173,0.31024,0.03223,1.159938,20000,0.301853,23.425832
9018,98.573658,119.518118,0.914917,0.266407,0.005416,0.824759,20000,0.301853,3.756065
9019,94.895918,113.568745,1.652789,0.332271,0.026201,0.835581,20000,0.301853,11.131981
9020,159.928796,127.223847,0.050726,0.185336,0.034791,1.257066,20000,0.301853,32.901652
9021,68.899865,70.661369,0.27055,0.161675,0.059573,0.975071,20000,0.301853,2.063524
9022,181.115059,179.356481,1.277296,0.475344,0.024943,1.009805,20000,0.301853,41.640273
9023,167.109029,143.104746,0.519237,0.272535,0.031255,1.167739,20000,0.301853,29.402642
9024,119.894223,115.419266,1.140652,0.58952,0.041175,1.038771,20000,0.301853,33.406908
9025,94.828537,122.088797,1.181019,0.526463,0.071555,0.776718,20000,0.301853,15.825149
9026,172.312614,152.940009,1.511902,0.559436,0.073781,1.126668,20000,0.301853,62.062929
9027,178.212905,153.157146,0.363576,0.278987,0.02393,1.163595,20000,0.301853,28.8442
9028,113.922069,112.171027,1.054622,0.116732,0.006317,1.01561,20000,0.301853,6.56912
9029,230.670369,198.946736,0.374511,0.21008,0.066241,1.159458,20000,0.301853,37.488361
9030,117.304059,112.932631,0.984652,0.385079,0.022783,1.038708,20000,0.301853,20.903404
9031,90.480071,95.355538,1.129843,0.369376,0.043126,0.948871,20000,0.301853,14.106216
9032,139.98814,190.226196,1.267137,0.140629,0.040798,0.735904,20000,0.301853,0.625288
9033,171.118431,160.555093,1.045903,0.251649,0.011458,1.065793,20000,0.301853,24.453044
9034,189.868398,165.031332,0.203779,0.549134,0.002146,1.150499,20000,0.301853,32.815703
9035,110.115636,130.992247,0.527969,0.128463,0.020297,0.840627,20000,0.301853,0.18522
9036,103.308493,103.727514,0.436354,0.503606,0.003842,0.99596,20000,0.301853,13.497632
9037,74.9366,96.901589,0.555526,0.329918,0.068779,0.773327,20000,0.301853,2.068804
9038,111.539513,123.60581,0.499445,0.222892,0.07925,0.902381,20000,0.301853,4.104861
9039,170.304524,170.225309,1.640504,0.272317,0.039921,1.000465,20000,0.301853,28.63638
9040,245.452573,191.051528,1.898124,0.438195,0.068156,1.284745,20000,0.301853,96.604218
9041,119.461697,154.733088,0.688338,0.275716,0.036331,0.77205,20000,0.301853,2.443554
9042,117.420579,162.438206,1.25515,0.383943,0.027606,0.722863,20000,0.301853,8.704107
9043,90.836926,102.073673,1.474769,0.508283,0.076317,0.889915,20000,0.301853,21.861046
9044,214.209665,181.450572,1.125907,0.231871,0.078427,1.18054,20000,0.301853,51.754189
9045,55.851954,61.705444,0.482691,0.400927,0.046134,0.905138,20000,0.301853,4.445162
9046,98.521368,84.288876,1.000442,0.216999,0.060657,1.168854,20000,0.301853,20.825992
9047,48.98901,59.687398,1.968391,0.170787,0.008267,0.82076,20000,0.301853,1.64791
9048,112.446109,88.823215,1.503099,0.337423,0.051956,1.265954,20000,0.301853,35.338268
9049,224.40897,182.731266,1.015181,0.296144,0.075972,1.228082,20000,0.301853,60.409594
9050,164.103049,192.041031,1.463571,0.347743,0.02551,0.854521,20000,0.301853,19.351339
9051,85.859753,73.683887,0.428065,0.142084,0.006962,1.165245,20000,0.301853,12.536299
9052,119.73777,142.56454,0.988478,0.184215,0.019645,0.839885,20000,0.301853,2.518599
9053,66.007237,69.747331,0.960027,0.219801,0.008168,0.946377,20000,0.301853,4.337409
9054,81.452351,79.811271,0.964591,0.476974,0.078505,1.020562,20000,0.301853,18.19575
9055,119.468315,115.564735,1.50394,0.48624,0.066268,1.033778,20000,0.301853,34.825425
9056,138.557234,166.653018,1.261262,0.244881,0.023364,0.831411,20000,0.301853,7.300522
9057,67.706375,78.137392,0.243985,0.418589,0.049886,0.866504,20000,0.301853,2.411459
9058,116.75942,147.543901,1.894542,0.206669,0.007413,0.791354,20000,0.301853,4.522792
9059,153.201758,128.336126,0.87692,0.169496,0.055595,1.193754,20000,0.301853,31.669053
9060,166.444111,166.295264,0.573142,0.448209,0.036416,1.000895,20000,0.301853,24.24963
9061,100.362522,78.184238,1.079734,0.599147,0.028385,1.283667,20000,0.301853,36.264219
9062,152.697895,130.416355,1.585147,0.2648,0.009078,1.170849,20000,0.301853,33.376006
9063,203.502301,162.643757,0.265569,0.179895,0.017099,1.251215,20000,0.301853,41.555773
9064,139.955515,156.83984,0.633526,0.590123,0.015238,0.892347,20000,0.301853,19.793733
9065,71.031031,63.519949,0.173879,0.300824,0.05114,1.118248,20000,0.301853,8.827123
9066,117.484898,165.325514,0.916135,0.196341,0.047735,0.710628,20000,0.301853,0.627861
9067,61.89229,52.773022,0.099148,0.266156,0.073425,1.172802,20000,0.301853,9.536109
9068,78.360631,61.29042,1.685926,0.541741,0.001626,1.278514,20000,0.301853,28.939784
9069,118.423506,155.080173,0.35319,0.288513,0.039253,0.763628,20000,0.301853,0.678845
9070,208.826721,168.562312,1.121909,0.137996,0.035061,1.23887,20000,0.301853,47.575559
9071,209.215195,195.881376,1.452454,0.4424,0.034548,1.068071,20000,0.301853,54.227557
9072,149.335431,183.637648,0.524943,0.246091,0.002131,0.813207,20000,0.301853,1.796848
9073,41.833897,52.455674,1.134296,0.266137,0.043907,0.797509,20000,0.301853,2.077127
9074,196.15175,199.137883,0.369203,0.335275,0.054985,0.985005,20000,0.301853,16.205581
9075,173.335707,147.637044,0.56321,0.536154,0.036109,1.174066,20000,0.301853,41.435984
9076,85.998943,68.550172,1.407179,0.544118,0.057601,1.25454,20000,0.301853,32.155068
9077,69.578092,60.296615,1.662881,0.531104,0.079129,1.15393,20000,0.301853,25.574572
9078,138.334043,181.350393,1.274129,0.236839,0.044106,0.7628,20000,0.301853,4.878429
9079,170.890678,187.150227,1.017319,0.408228,0.064319,0.91312,20000,0.301853,25.979087
9080,125.77046,117.873615,0.270641,0.536578,0.039349,1.066994,20000,0.301853,18.358406
9081,99.939863,119.971383,0.156009,0.190657,0.010758,0.833031,20000,0.301853,0.02499
9082,77.30741,64.388561,1.168006,0.206384,0.073449,1.200639,20000,0.301853,19.085866
9083,94.488776,125.020053,0.209415,0.420975,0.045173,0.755789,20000,0.301853,0.792417
9084,71.287103,87.044629,0.615684,0.50992,0.018509,0.818972,20000,0.301853,6.588791
9085,91.132627,84.311333,1.634693,0.4366,0.071963,1.080906,20000,0.301853,27.474506
9086,60.707801,67.709436,0.322883,0.102624,0.046158,0.896593,20000,0.301853,0.088667
9087,210.921165,192.728154,0.865236,0.199617,0.051802,1.094397,20000,0.301853,31.495188
9088,77.403774,79.730097,0.72589,0.519386,0.019954,0.970823,20000,0.301853,12.902659
9089,123.038501,117.794217,0.31382,0.272265,0.066974,1.044521,20000,0.301853,11.683562
9090,163.540635,187.661726,0.962255,0.262463,0.044931,0.871465,20000,0.301853,10.703532
9091,81.665751,67.977911,1.506558,0.352518,0.020928,1.201357,20000,0.301853,22.364766
9092,86.722148,83.298064,0.983273,0.290363,0.006691,1.041106,20000,0.301853,11.905177
9093,105.550975,123.676745,1.913393,0.292814,0.029539,0.853442,20000,0.301853,12.441756
9094,170.173399,154.345859,1.111576,0.407235,0.020189,1.102546,20000,0.301853,37.689453
9095,54.437499,56.767447,1.356257,0.374258,0.057194,0.958956,20000,0.301853,9.936898
9096,146.980226,175.793425,0.06089,0.451322,0.078496,0.836096,20000,0.301853,0.448204
9097,153.154143,139.243655,0.706162,0.294267,0.021291,1.0999,20000,0.301853,23.600682
9098,173.504164,144.856988,0.556447,0.238735,0.022166,1.197762,20000,0.301853,32.379166
9099,74.872008,87.867717,0.552999,0.384091,0.023986,0.852099,20000,0.301853,4.500846
9100,95.858078,99.338118,1.299506,0.204017,0.067333,0.964968,20000,0.301853,11.358604
9101,88.226906,85.671773,0.951038,0.415308,0.061065,1.029825,20000,0.336286,17.079043
9102,73.235273,57.905189,0.384485,0.388407,0.036805,1.264745,20000,0.336286,17.287923
9103,132.753222,186.736631,1.88126,0.196518,0.035502,0.710912,20000,0.336286,3.244147
9104,126.380662,157.559588,0.652047,0.513072,0.031671,0.802113,20000,0.336286,11.534779
9105,210.555421,169.987028,1.196655,0.460302,0.057538,1.238656,20000,0.336286,67.863251
9106,66.577872,94.530145,0.58298,0.213345,0.068815,0.704303,20000,0.336286,0.116758
9107,137.925357,164.381087,0.231907,0.206407,0.045403,0.839059,20000,0.336286,0.311022
9108,197.038064,186.523025,0.427022,0.557425,0.061745,1.056374,20000,0.336286,35.760449
9109,111.39671,120.239272,1.143927,0.464225,0.025182,0.926459,20000,0.336286,19.805534
9110,80.993684,69.63069,0.891326,0.23497,0.021381,1.163189,20000,0.336286,14.952838
9111,105.996888,104.169437,0.445671,0.436552,0.014136,1.017543,20000,0.336286,13.547982
9112,106.04351,83.274247,0.35432,0.121981,0.003221,1.273425,20000,0.336286,22.870701
9113,69.993788,75.643524,0.859752,0.539266,0.01036,0.925311,20000,0.336286,11.87321
9114,121.839962,118.695053,1.843039,0.425128,0.017477,1.026496,20000,0.336286,30.506008
9115,42.362932,50.158389,0.499517,0.110715,0.059276,0.844583,20000,0.336286,0.053282
9116,158.669489,152.688625,0.994009,0.483607,0.051851,1.03917,20000,0.336286,35.745328
9117,147.661495,171.152242,1.38851,0.525184,0.025072,0.862749,20000,0.336286,29.740262
9118,157.793732,149.145333,0.974156,0.349401,0.009113,1.057986,20000,0.336286,25.65305
9119,60.48188,54.407042,0.957874,0.38438,0.04022,1.111655,20000,0.336286,13.2286
9120,128.880698,113.998618,0.166786,0.127959,0.010602,1.130546,20000,0.336286,15.101526
9121,121.87159,120.058511,0.424485,0.589193,0.04779,1.015102,20000,0.336286,20.019504
9122,107.328402,90.995619,0.726757,0.219665,0.076509,1.17949,20000,0.336286,22.284623
9123,99.778757,103.054467,1.641871,0.211905,0.006381,0.968214,20000,0.336286,9.82266
9124,132.171585,116.328439,0.917808,0.159761,0.040518,1.136193,20000,0.336286,21.304062
9125,86.632994,75.76519,0.580243,0.394722,0.008353,1.143441,20000,0.336286,16.183406
9126,78.920171,67.131152,1.528801,0.54953,0.040095,1.175612,20000,0.336286,27.730841
9127,135.581005,162.389847,1.000166,0.468884,0.054774,0.834911,20000,0.336286,18.330471
9128,75.343582,66.493419,1.711208,0.382307,0.009543,1.133098,20000,0.336286,19.364021
9129,189.534359,161.874429,1.258726,0.533228,0.073524,1.170873,20000,0.336286,63.58929
9130,91.858764,107.51968,0.08229,0.356306,0.064812,0.854344,20000,0.336286,0.311437
9131,153.269195,160.27325,0.804825,0.329001,0.036355,0.956299,20000,0.336286,16.692944
9132,117.065589,144.301021,1.221472,0.219815,0.043235,0.81126,20000,0.336286,4.828929
9133,159.996307,152.085165,0.20642,0.377153,0.013834,1.052018,20000,0.336286,15.164002
9134,143.003408,175.320063,1.346993,0.335139,0.057424,0.815671,20000,0.336286,15.24921
9135,73.524212,63.059197,1.34296,0.47264,0.015549,1.165955,20000,0.336286,21.120069
9136,124.960432,146.11326,0.145897,0.35238,0.071852,0.85523,20000,0.336286,1.281974
9137,107.952653,99.542342,0.202871,0.473213,0.072862,1.08449,20000,0.336286,14.456396
9138,152.605368,177.354132,1.495701,0.13084,0.041345,0.860456,20000,0.336286,4.683622
9139,58.834871,62.03605,0.830854,0.590973,0.023447,0.948398,20000,0.336286,11.757009
9140,43.653408,55.028874,1.941995,0.167261,0.05775,0.793282,20000,0.336286,2.123255
9141,144.679335,178.357006,1.362151,0.222074,0.071414,0.811178,20000,0.336286,8.559036
9142,177.004969,196.721154,1.363638,0.296586,0.060089,0.899776,20000,0.336286,22.40179
9143,62.54066,83.37356,1.310075,0.225552,0.010465,0.750126,20000,0.336286,1.367349
9144,139.625898,132.811013,0.542522,0.330607,0.005286,1.051313,20000,0.336286,17.021777
9145,63.215067,76.60456,1.983228,0.155654,0.039507,0.825213,20000,0.336286,2.798322
9146,150.406774,195.445177,1.753788,0.592759,0.056616,0.76956,20000,0.336286,37.049906
9147,106.945857,89.648769,1.47578,0.445628,0.015042,1.192943,20000,0.336286,31.614499
9148,119.997006,124.543155,0.596743,0.597687,0.076773,0.963497,20000,0.336286,22.258631
9149,125.191117,111.965175,0.70336,0.135111,0.000414,1.118125,20000,0.336286,14.341998
9150,107.216846,93.398216,1.749047,0.278757,0.038372,1.147954,20000,0.336286,26.333077
9151,171.413614,154.224103,0.382896,0.132579,0.031972,1.111458,20000,0.336286,19.680228
9152,168.541104,191.284037,1.036925,0.212858,0.030118,0.881104,20000,0.336286,8.120985
9153,80.96632,89.201363,1.27819,0.40991,0.025062,0.90768,20000,0.336286,12.783667
9154,153.260542,170.745869,0.070404,0.228864,0.065061,0.897594,20000,0.336286,0.183433
9155,185.720169,155.408223,1.099428,0.120386,0.003588,1.195047,20000,0.336286,31.928191
9156,57.553261,62.350663,1.437378,0.440027,0.024146,0.923058,20000,0.336286,10.889212
9157,113.327617,88.141945,0.086346,0.29896,0.015501,1.28574,20000,0.336286,25.336846
9158,123.581777,174.939669,0.465022,0.312972,0.02574,0.706425,20000,0.336286,0.750662
9159,135.716206,141.62442,0.273714,0.113086,0.070715,0.958283,20000,0.336286,1.939035
9160,150.640289,194.652858,0.444321,0.459357,0.060242,0.773892,20000,0.336286,6.620976
9161,116.669043,120.125468,0.46218,0.224206,0.010863,0.971227,20000,0.336286,5.791941
9162,190.590373,149.565112,0.942296,0.391781,0.073999,1.274297,20000,0.336286,57.596998
9163,166.888914,181.063172,0.29651,0.183382,0.002895,0.921717,20000,0.336286,2.054695
9164,207.262913,179.171861,0.734168,0.597517,0.037169,1.156783,20000,0.336286,57.066414
9165,72.88071,96.329243,1.746359,0.401876,0.05591,0.756579,20000,0.336286,10.430068
9166,125.40458,128.892055,1.469885,0.144655,0.054437,0.972943,20000,0.336286,12.134525
9167,47.589497,61.261222,0.987418,0.278706,0.0652,0.776829,20000,0.336286,2.09144
9168,116.758963,134.958521,0.62102,0.335396,0.017254,0.865147,20000,0.336286,6.343104
9169,209.658795,166.213791,1.669689,0.54942,0.033047,1.26138,20000,0.336286,82.683534
9170,62.17086,78.004644,0.398494,0.52421,0.06769,0.797015,20000,0.336286,3.57194
9171,162.901614,172.26501,0.200466,0.210514,0.029477,0.945645,20000,0.336286,3.07737
9172,128.954403,137.228824,1.352578,0.129422,0.072025,0.939703,20000,0.336286,9.908224
9173,88.493999,97.126987,1.317845,0.376386,0.032815,0.911116,20000,0.336286,12.974554
9174,115.543246,92.296946,1.292787,0.40822,0.024905,1.251864,20000,0.336286,33.842742
9175,88.873684,119.729206,1.989314,0.523736,0.071434,0.742289,20000,0.336286,20.634595
9176,132.247029,171.048584,0.709765,0.179874,0.079686,0.773155,20000,0.336286,0.931414
9177,54.164157,69.666852,1.623085,0.126669,0.032431,0.777474,20000,0.336286,0.495604
9178,152.603214,126.272511,0.698378,0.205981,0.045555,1.208523,20000,0.336286,31.318557
9179,96.164888,80.474915,1.930967,0.239634,0.005371,1.194967,20000,0.336286,21.435235
9180,193.079846,183.551042,1.296973,0.385366,0.05741,1.051914,20000,0.336286,44.262919
9181,131.736189,167.002088,1.690663,0.423258,0.028753,0.78883,20000,0.336286,20.138904
9182,90.920395,120.092412,0.85705,0.427979,0.05501,0.757087,20000,0.336286,6.975848
9183,89.162129,71.643988,1.196781,0.162704,0.008552,1.244517,20000,0.336286,18.888226
9184,132.054526,131.879265,1.785246,0.558875,0.022133,1.001329,20000,0.336286,41.234753
9185,75.631163,105.198896,1.336664,0.373942,0.012693,0.718935,20000,0.336286,5.360959
9186,139.18051,194.142571,0.42297,0.144636,0.010629,0.716898,20000,0.336286,0.001228
9187,61.359052,56.131784,0.235774,0.342633,0.066922,1.093125,20000,0.336286,7.607798
9188,65.773333,57.150894,0.954736,0.286743,0.035834,1.150871,20000,0.336286,13.298273
9189,171.998936,181.771,0.073822,0.243171,0.017633,0.94624,20000,0.336286,1.347432
9190,152.686598,161.565843,0.18038,0.132179,0.072302,0.945043,20000,0.336286,1.080703
9191,101.63116,103.945711,1.217887,0.371307,0.022755,0.977733,20000,0.336286,16.839484
9192,106.004688,93.38813,1.069316,0.445454,0.059631,1.135098,20000,0.336286,27.803983
9193,91.946942,73.037787,1.445661,0.26484,0.008606,1.258896,20000,0.336286,22.771122
9194,119.134417,117.619651,1.611386,0.568552,0.063715,1.012879,20000,0.336286,37.989901
9195,69.936182,77.862424,1.854328,0.57088,0.017951,0.898202,20000,0.336286,19.396629
9196,95.139892,119.217339,0.889355,0.27427,0.071803,0.798037,20000,0.336286,4.183165
9197,113.874573,154.705814,0.718581,0.535019,0.070725,0.736072,20000,0.336286,10.585075
9198,54.280786,59.067398,0.483291,0.513999,0.055035,0.918964,20000,0.336286,6.354056
9199,140.238584,181.98885,0.073289,0.166722,0.013255,0.770589,20000,0.336286,0.0
9200,236.652442,193.060674,1.241242,0.449697,0.036211,1.225793,20000,0.336286,72.513564
9201,158.201854,160.190363,0.540316,0.557949,0.025963,0.987587,20000,0.295556,25.264651
9202,126.832694,113.619407,1.82784,0.557628,0.003107,1.116294,20000,0.295556,41.940008
9203,80.725004,106.077192,0.823236,0.444158,0.070296,0.761002,20000,0.295556,6.87124
9204,113.519585,122.805328,0.922189,0.283374,0.059026,0.924386,20000,0.295556,11.241866
9205,131.061367,186.275806,0.304988,0.360605,0.034985,0.703588,20000,0.295556,0.547496
9206,241.458114,186.313956,0.490981,0.556661,0.026895,1.295974,20000,0.295556,68.599035
9207,130.128187,134.857584,1.367727,0.15129,0.009556,0.96493,20000,0.295556,7.840243
9208,95.661639,129.75219,1.155947,0.350035,0.070806,0.737264,20000,0.295556,6.797822
9209,83.370999,78.463214,0.286599,0.599336,0.072416,1.062549,20000,0.295556,13.979887
9210,178.434415,182.508524,1.142699,0.531665,0.066023,0.977677,20000,0.295556,44.312774
9211,74.993797,74.815062,1.793665,0.108273,0.040645,1.002389,20000,0.295556,7.353119
9212,252.656396,198.920853,1.154628,0.164904,0.035423,1.270135,20000,0.295556,62.269412
9213,56.18848,59.635501,1.794245,0.462082,0.008933,0.942199,20000,0.295556,13.249262
9214,161.51851,125.921823,0.407831,0.490612,0.055825,1.282689,20000,0.295556,42.590247
9215,139.223768,173.654475,0.610061,0.102963,0.011565,0.801729,20000,0.295556,0.018976
9216,71.814811,73.431068,1.084081,0.568704,0.028344,0.977989,20000,0.295556,16.905698
9217,161.531187,193.272817,1.353724,0.225229,0.059448,0.835768,20000,0.295556,10.794843
9218,201.127456,190.567907,0.06896,0.128124,0.031249,1.055411,20000,0.295556,11.12336
9219,117.09008,98.091036,1.647596,0.476127,0.044814,1.193688,20000,0.295556,39.92525
9220,155.582373,150.007933,0.783649,0.125978,0.079824,1.037161,20000,0.295556,16.372888
9221,69.946339,72.845768,1.641954,0.374599,0.054406,0.960198,20000,0.295556,14.790834
9222,87.45971,115.458102,1.59566,0.227713,0.07456,0.757502,20000,0.295556,5.073295
9223,54.253827,53.873722,0.944935,0.540856,0.061117,1.007055,20000,0.295556,12.496351
9224,87.592363,80.179382,0.723183,0.428361,0.05827,1.092455,20000,0.295556,18.166131
9225,123.4986,161.409898,1.151651,0.503582,0.067633,0.765124,20000,0.295556,17.581026
9226,139.176665,126.641361,1.564532,0.515075,0.051457,1.098983,20000,0.295556,45.189924
9227,106.428769,107.959794,1.242749,0.583167,0.019946,0.985819,20000,0.295556,27.448267
9228,175.48743,135.145383,1.113833,0.233888,0.011275,1.298509,20000,0.295556,44.222481
9229,113.746269,112.129769,1.521759,0.294853,0.009376,1.014416,20000,0.295556,17.857748
9230,150.061285,173.627101,0.240163,0.597829,0.029339,0.864273,20000,0.295556,9.693637
9231,88.487797,89.602229,0.13274,0.183266,0.042098,0.987562,20000,0.295556,2.05985
9232,129.217741,133.041792,0.134206,0.366508,0.048611,0.971257,20000,0.295556,5.521826
9233,135.851557,190.556866,0.216287,0.373118,0.002519,0.712919,20000,0.295556,0.220177
9234,68.167394,71.232076,1.164999,0.319774,0.054574,0.956976,20000,0.295556,9.781784
9235,53.510865,65.260063,1.611213,0.118605,0.078997,0.819963,20000,0.295556,1.731538
9236,59.818143,53.149237,1.58804,0.164257,0.041776,1.125475,20000,0.295556,11.351741
9237,117.189921,130.500828,0.355678,0.499147,0.037394,0.898001,20000,0.295556,9.62625
9238,108.093698,105.839632,0.742358,0.116946,0.04299,1.021297,20000,0.295556,7.588921
9239,220.34039,179.911071,0.297559,0.514407,0.055843,1.224718,20000,0.295556,50.157794
9240,78.87051,110.068278,1.550228,0.415522,0.047961,0.71656,20000,0.295556,9.042488
9241,110.340533,112.069033,1.594088,0.458017,0.022481,0.984576,20000,0.295556,25.205261
9242,154.253555,129.547512,0.56336,0.307093,0.001049,1.19071,20000,0.295556,28.938688
9243,38.461177,50.444053,1.461263,0.578559,0.077901,0.762452,20000,0.295556,8.567573
9244,120.884434,123.838486,1.95599,0.184171,0.002349,0.976146,20000,0.295556,11.50962
9245,212.573968,174.57102,0.441313,0.472931,0.067494,1.217693,20000,0.295556,50.625132
9246,135.164123,139.420651,0.093676,0.139087,0.072079,0.96947,20000,0.295556,1.046599
9247,244.168544,194.989419,0.567203,0.324742,0.038095,1.252214,20000,0.295556,57.538544
9248,153.001792,118.890594,0.713197,0.210226,0.072237,1.286913,20000,0.295556,40.573382
9249,162.269009,143.568104,0.61781,0.385936,0.045139,1.130258,20000,0.295556,31.740986
9250,63.063672,58.248728,0.397927,0.20676,0.003913,1.082662,20000,0.295556,6.239455
9251,133.449332,149.515093,1.58452,0.37081,0.003178,0.892548,20000,0.295556,19.015307
9252,184.578242,145.406803,1.085731,0.279706,0.01035,1.269392,20000,0.295556,45.420203
9253,116.624243,123.434919,1.20428,0.22177,0.019347,0.944824,20000,0.295556,9.539834
9254,136.863124,115.086945,0.648702,0.511222,0.031976,1.189215,20000,0.295556,34.479997
9255,70.644703,56.519738,0.733822,0.580341,0.05937,1.249912,20000,0.295556,22.058781
9256,132.003291,104.138761,0.234584,0.447873,0.052386,1.267571,20000,0.295556,30.88433
9257,101.891692,85.819287,1.373831,0.106401,0.045759,1.187282,20000,0.295556,21.343525
9258,163.165325,173.860297,1.827142,0.381212,0.010695,0.938485,20000,0.295556,30.351821
9259,180.237136,181.28762,1.951813,0.390187,0.043406,0.994205,20000,0.295556,44.491497
9260,192.43511,176.610924,0.198707,0.548778,0.072832,1.089599,20000,0.295556,28.684537
9261,179.966049,174.901271,1.809611,0.571476,0.008637,1.028958,20000,0.295556,56.835733
9262,140.672235,131.306626,0.766601,0.169845,0.062235,1.071326,20000,0.295556,17.996607
9263,111.551021,132.154285,0.367855,0.303563,0.070538,0.844097,20000,0.295556,2.576279
9264,105.32542,86.618531,0.76011,0.512547,0.048585,1.215969,20000,0.295556,29.713597
9265,82.282467,85.250134,0.225507,0.402903,0.002977,0.965189,20000,0.295556,5.038602
9266,82.236153,95.062385,1.583315,0.429111,0.001709,0.865076,20000,0.295556,13.280092
9267,76.241776,87.61474,1.282464,0.458042,0.064824,0.870193,20000,0.295556,13.635417
9268,60.594306,72.84133,1.251394,0.207653,0.011609,0.831867,20000,0.295556,2.052998
9269,170.146962,154.176149,1.593483,0.462745,0.042017,1.103588,20000,0.295556,50.443898
9270,115.866488,109.918655,0.100106,0.348722,0.040428,1.054111,20000,0.295556,8.740769
9271,71.434215,82.131978,1.154703,0.384871,0.014003,0.869749,20000,0.295556,8.381037
9272,94.052053,115.961097,0.121174,0.281421,0.015967,0.811066,20000,0.295556,0.068204
9273,150.158581,125.296618,1.529286,0.169934,0.022713,1.198425,20000,0.295556,31.379692
9274,170.436761,168.308279,0.823608,0.43977,0.014462,1.012646,20000,0.295556,29.064366
9275,132.597238,113.331171,0.859722,0.291549,0.055718,1.169998,20000,0.295556,28.940718
9276,146.380952,198.92007,1.726771,0.564494,0.002171,0.735878,20000,0.295556,28.407232
9277,136.754974,179.777448,1.637988,0.519557,0.027274,0.76069,20000,0.295556,24.83695
9278,81.305259,102.973309,1.446979,0.224336,0.067763,0.789576,20000,0.295556,4.570834
9279,106.771428,119.986922,0.641607,0.398452,0.007804,0.889859,20000,0.295556,8.635081
9280,169.146888,156.662902,1.031572,0.204698,0.075756,1.079687,20000,0.295556,28.668115
9281,55.61866,59.128529,1.339857,0.308793,0.004429,0.94064,20000,0.295556,6.717271
9282,102.534933,117.879088,0.400828,0.148381,0.055937,0.869831,20000,0.295556,0.537719
9283,170.975884,158.44861,0.238843,0.455414,0.001828,1.079062,20000,0.295556,21.81373
9284,74.293155,66.746782,0.642368,0.246715,0.073155,1.11306,20000,0.295556,12.464015
9285,144.15646,197.807111,1.284173,0.407524,0.04153,0.728773,20000,0.295556,13.212662
9286,102.375683,122.528861,0.290931,0.269329,0.019727,0.835523,20000,0.295556,0.954304
9287,113.179389,135.90015,0.707697,0.594575,0.073254,0.832813,20000,0.295556,16.595943
9288,62.61814,66.402742,1.553436,0.388596,0.042901,0.943005,20000,0.295556,12.19272
9289,150.618324,124.190533,0.27346,0.399853,0.029638,1.2128,20000,0.295556,29.730173
9290,128.149394,105.320455,1.382561,0.268931,0.046094,1.216757,20000,0.295556,33.058934
9291,183.748943,187.268008,1.653649,0.286721,0.055651,0.981208,20000,0.295556,32.949864
9292,72.837619,56.790216,0.57231,0.534611,0.053819,1.282573,20000,0.295556,21.409691
9293,98.288022,125.218034,0.383702,0.268571,0.0334,0.784935,20000,0.295556,0.723611
9294,82.342389,90.147618,1.800411,0.453845,0.053947,0.913417,20000,0.295556,19.651557
9295,66.242232,62.626305,0.531072,0.438442,0.061047,1.057738,20000,0.295556,11.287756
9296,152.56715,198.041497,1.43014,0.240584,0.063536,0.77038,20000,0.295556,8.090505
9297,114.747274,144.104214,1.296668,0.45201,0.070595,0.79628,20000,0.295556,16.952989
9298,95.34985,88.579913,0.500994,0.397191,0.032008,1.076427,20000,0.295556,14.743425
9299,163.537642,161.999114,0.303906,0.167761,0.005616,1.009497,20000,0.295556,6.956942
9300,65.658386,64.399708,1.171299,0.27509,0.041313,1.019545,20000,0.295556,9.991014
9301,62.100164,86.097656,0.397737,0.380719,0.004938,0.721276,20000,0.326425,0.749183
9302,156.472553,124.589319,0.695561,0.55853,0.009955,1.255907,20000,0.326425,45.114666
9303,125.168017,130.998509,0.469016,0.420837,0.006375,0.955492,20000,0.326425,11.770963
9304,231.075534,199.401318,0.585873,0.280165,0.018343,1.158847,20000,0.326425,39.715631
9305,103.052086,79.537697,1.103883,0.436319,0.013272,1.295638,20000,0.326425,31.086963
9306,125.689736,154.785873,1.935335,0.414603,0.002076,0.812023,20000,0.326425,18.836993
9307,127.489376,116.258276,1.99843,0.55933,0.023614,1.096605,20000,0.326425,46.262816
9308,125.986775,160.81539,1.164447,0.415832,0.052231,0.783425,20000,0.326425,13.857992
9309,40.281066,52.592366,1.378653,0.418543,0.054381,0.765911,20000,0.326425,5.01814
9310,128.249641,158.54422,0.444721,0.590538,0.032848,0.80892,20000,0.326425,11.037633
9311,156.264484,155.310066,1.80817,0.41139,0.04608,1.006145,20000,0.326425,40.343291
9312,72.439372,75.401323,0.153694,0.491933,0.030372,0.960718,20000,0.326425,4.542898
9313,176.127889,190.476833,1.647275,0.354876,0.045765,0.924668,20000,0.326425,30.852157
9314,226.033045,192.492966,0.661897,0.283831,0.075252,1.174241,20000,0.326425,47.933994
9315,129.75485,183.045122,0.928766,0.456807,0.027187,0.708868,20000,0.326425,9.343935
9316,173.21538,187.579881,1.714027,0.434297,0.007647,0.923422,20000,0.326425,33.930145
9317,87.166348,78.680378,0.644237,0.258043,0.079215,1.107854,20000,0.326425,14.677957
9318,114.318876,158.660144,1.312753,0.544873,0.027974,0.720527,20000,0.326425,16.898335
9319,69.974708,59.050964,1.887171,0.363373,0.022206,1.184988,20000,0.326425,20.281172
9320,52.149811,51.986477,1.231831,0.560268,0.002064,1.003142,20000,0.326425,12.404083
9321,158.837338,134.046375,0.199905,0.191227,0.006117,1.184943,20000,0.326425,24.925163
9322,130.132936,154.161463,0.818314,0.11165,0.018518,0.844134,20000,0.326425,0.382202
9323,102.917471,108.23964,0.121666,0.581697,0.079825,0.95083,20000,0.326425,6.434049
9324,84.623718,116.849311,1.117639,0.566349,0.022831,0.724212,20000,0.326425,11.748212
9325,234.676506,184.707533,0.104431,0.313751,0.06247,1.27053,20000,0.326425,51.323084
9326,125.324887,123.214255,0.463399,0.393071,0.050819,1.01713,20000,0.326425,15.613467
9327,108.713559,95.679666,0.636992,0.34911,0.005614,1.136224,20000,0.326425,19.228429
9328,83.110683,113.952981,0.89364,0.319657,0.049943,0.729342,20000,0.326425,2.903994
9329,156.507643,123.975696,0.450323,0.454141,0.006298,1.262406,20000,0.326425,38.403815
9330,109.862035,130.274935,0.31562,0.399529,0.060311,0.843309,20000,0.326425,4.01549
9331,242.068363,189.08578,1.967535,0.533397,0.023465,1.280204,20000,0.326425,94.446666
9332,126.45208,125.21143,0.667956,0.212514,0.022377,1.009908,20000,0.326425,10.283579
9333,142.569801,112.395553,1.171626,0.397724,0.015603,1.268465,20000,0.326425,41.313078
9334,100.028254,97.560898,1.77,0.519331,0.062228,1.02529,20000,0.326425,32.502254
9335,157.813,131.764846,1.423953,0.171943,0.034327,1.197687,20000,0.326425,34.213049
9336,60.199152,53.592931,1.163752,0.142604,0.032533,1.123267,20000,0.326425,9.355821
9337,151.051921,159.064763,0.483478,0.352944,0.079771,0.949625,20000,0.326425,13.914993
9338,133.235384,161.137864,0.156466,0.309776,0.031324,0.826841,20000,0.326425,0.507479
9339,136.397439,147.444288,1.365819,0.245415,0.038131,0.925078,20000,0.326425,14.161332
9340,113.067492,127.450781,1.593909,0.199422,0.029784,0.887146,20000,0.326425,7.955616
9341,109.02467,112.573216,0.368006,0.490627,0.023289,0.968478,20000,0.326425,11.810806
9342,132.672332,143.670402,0.342352,0.387879,0.051565,0.923449,20000,0.326425,8.510526
9343,86.967888,76.065734,1.12741,0.25356,0.045375,1.143325,20000,0.326425,17.704374
9344,121.938503,133.348962,1.409803,0.596616,0.017589,0.914432,20000,0.326425,30.972935
9345,154.264558,130.379238,0.69775,0.230816,0.035191,1.183199,20000,0.326425,29.274424
9346,96.131874,132.074075,0.565,0.517159,0.063617,0.727863,20000,0.326425,5.751565
9347,69.121914,74.243676,0.506825,0.16198,0.039596,0.931014,20000,0.326425,1.762725
9348,62.55757,80.648929,0.834005,0.363267,0.005426,0.775678,20000,0.326425,2.901061
9349,225.366629,197.445588,1.891774,0.398602,0.070384,1.141411,20000,0.326425,74.083237
9350,184.854297,182.853478,1.462765,0.393568,0.005754,1.010942,20000,0.326425,36.012154
9351,123.555906,131.808701,0.411753,0.3346,0.059631,0.937388,20000,0.326425,8.430267
9352,167.430764,144.797012,0.916565,0.405832,0.001027,1.156314,20000,0.326425,37.670874
9353,98.99125,139.921874,0.596862,0.483374,0.001595,0.707475,20000,0.326425,4.258928
9354,62.250599,78.627197,1.79536,0.126824,0.038516,0.791718,20000,0.326425,1.058243
9355,166.344984,193.407929,0.473797,0.146303,0.065992,0.860073,20000,0.326425,1.04898
9356,63.659327,84.650363,1.890763,0.515132,0.070559,0.752027,20000,0.326425,14.419713
9357,99.192491,93.259358,0.867729,0.144889,0.009719,1.06362,20000,0.326425,9.272069
9358,170.521765,189.503894,0.647802,0.455202,0.058568,0.899833,20000,0.326425,19.991442
9359,115.950858,138.250028,1.730555,0.305748,0.07406,0.838704,20000,0.326425,16.00693
9360,74.337716,68.354799,1.023158,0.585108,0.005103,1.087527,20000,0.326425,20.235505
9361,54.773339,54.525705,1.554037,0.236144,0.017656,1.004542,20000,0.326425,7.278973
9362,191.65684,189.227821,1.827288,0.200694,0.001642,1.012836,20000,0.326425,22.468796
9363,81.95154,69.774823,0.256014,0.20243,0.034229,1.174514,20000,0.326425,12.886966
9364,160.481209,186.383908,0.936682,0.426787,0.02985,0.861025,20000,0.326425,18.400251
9365,130.19147,125.426149,0.984906,0.427069,0.025153,1.037993,20000,0.326425,25.706842
9366,90.195596,102.296062,0.591329,0.530047,0.021692,0.881711,20000,0.326425,10.503681
9367,159.920247,130.233743,0.257855,0.552643,0.025224,1.227948,20000,0.326425,35.506935
9368,213.300954,179.706206,0.959378,0.112576,0.069879,1.186943,20000,0.326425,45.623324
9369,54.175077,54.2928,1.345007,0.167914,0.049814,0.997832,20000,0.326425,6.012234
9370,119.306351,120.217606,1.090832,0.589759,0.076442,0.99242,20000,0.326425,32.872046
9371,197.025724,171.258628,1.702439,0.290943,0.045891,1.150457,20000,0.326425,50.747461
9372,225.479364,184.226337,0.887914,0.315117,0.053656,1.223926,20000,0.326425,56.220237
9373,177.804559,165.535703,1.588194,0.480514,0.051284,1.074116,20000,0.326425,53.922609
9374,187.622274,179.788586,0.064534,0.20757,0.056242,1.043572,20000,0.326425,9.575625
9375,214.076387,198.050086,1.189908,0.580336,0.023359,1.08092,20000,0.326425,60.995703
9376,65.900097,51.339115,1.546409,0.516789,0.009411,1.283624,20000,0.326425,23.039554
9377,67.805513,58.200984,0.467573,0.490345,0.024891,1.165023,20000,0.326425,14.363551
9378,160.736864,192.848434,1.064207,0.554463,0.000715,0.833488,20000,0.326425,24.485264
9379,137.42662,114.169984,0.201911,0.400373,0.074655,1.203702,20000,0.326425,26.288282
9380,48.190001,54.919415,0.446193,0.538649,0.024243,0.877467,20000,0.326425,4.572367
9381,72.602239,76.900063,1.087784,0.2584,0.076206,0.944112,20000,0.326425,8.827361
9382,104.681545,134.897631,0.450166,0.499433,0.038103,0.776007,20000,0.326425,5.506847
9383,115.206306,107.711486,1.880592,0.59012,0.015893,1.069582,20000,0.326425,39.584401
9384,201.168964,164.239488,1.99543,0.401579,0.062875,1.224851,20000,0.326425,72.931504
9385,168.251864,191.910133,0.953331,0.361646,0.015844,0.876722,20000,0.326425,15.767724
9386,150.609993,152.050075,0.136475,0.107184,0.076386,0.990529,20000,0.326425,2.451285
9387,161.906235,178.160273,0.304548,0.305834,0.056004,0.908767,20000,0.326425,5.894885
9388,71.783626,80.40123,0.551145,0.586167,0.023556,0.892818,20000,0.326425,9.516454
9389,127.134339,97.843076,1.918372,0.465837,0.041486,1.29937,20000,0.326425,49.050586
9390,205.198564,194.318611,0.951783,0.539566,0.01002,1.05599,20000,0.326425,48.260644
9391,78.196425,96.302756,1.153618,0.290592,0.075678,0.811985,20000,0.326425,5.833843
9392,155.266046,196.611184,1.811818,0.299757,0.069877,0.789711,20000,0.326425,18.069447
9393,110.972975,117.446702,0.309885,0.242627,0.033634,0.944879,20000,0.326425,3.815393
9394,135.70688,116.268608,1.660168,0.118109,0.036355,1.167184,20000,0.326425,26.97693
9395,153.772925,169.822247,0.366921,0.552913,0.027072,0.905493,20000,0.326425,15.228281
9396,122.307013,104.913264,0.391456,0.157976,0.064557,1.165792,20000,0.326425,20.099033
9397,184.327927,173.150921,1.948239,0.489888,0.062648,1.064551,20000,0.326425,61.566438
9398,100.408629,136.371166,1.541239,0.358932,0.012209,0.736289,20000,0.326425,8.219414
9399,126.482633,160.107909,0.198008,0.466089,0.013984,0.789984,20000,0.326425,1.975505
9400,126.925185,102.060219,1.729649,0.259399,0.021996,1.24363,20000,0.326425,33.535674
9401,54.476545,75.401357,0.311276,0.466446,0.02302,0.722488,20000,0.299678,0.87533
9402,106.952434,126.016245,0.505465,0.542794,0.041044,0.848719,20000,0.299678,10.82282
9403,126.051747,117.924761,1.508636,0.124093,0.060836,1.068917,20000,0.299678,19.771086
9404,101.255207,130.750941,1.322481,0.512733,0.071645,0.774413,20000,0.299678,17.090945
9405,174.795645,153.885084,1.999308,0.401488,0.022118,1.135884,20000,0.299678,50.602824
9406,46.634044,66.572854,0.709679,0.538584,0.024964,0.700496,20000,0.299678,3.248799
9407,83.51658,68.458119,1.484163,0.540379,0.024873,1.219966,20000,0.299678,28.816746
9408,95.76011,82.307756,1.360103,0.45827,0.066767,1.16344,20000,0.299678,30.372356
9409,195.161223,159.758197,1.597259,0.30503,0.065163,1.221604,20000,0.299678,59.184599
9410,126.297518,97.538,1.998612,0.398279,0.012503,1.294854,20000,0.299678,43.361408
9411,72.486432,86.888196,1.057144,0.362863,0.072235,0.834249,20000,0.299678,7.728033
9412,40.46287,54.363237,1.410157,0.209869,0.065961,0.744306,20000,0.299678,1.30375
9413,95.315684,135.217228,0.656886,0.21891,0.041894,0.704908,20000,0.299678,0.258466
9414,125.080829,159.889208,0.968398,0.244334,0.024509,0.782297,20000,0.299678,3.124765
9415,81.756776,92.183994,1.722799,0.186629,0.00351,0.886887,20000,0.299678,4.530035
9416,79.138343,81.653703,0.767543,0.229662,0.005112,0.969195,20000,0.299678,5.387694
9417,107.110099,92.384869,1.68502,0.385788,0.018373,1.15939,20000,0.299678,29.649131
9418,75.017735,99.604582,1.331468,0.516711,0.004037,0.753155,20000,0.299678,10.296344
9419,174.079824,170.613433,0.607762,0.294917,0.011986,1.020317,20000,0.299678,18.358147
9420,140.907866,178.14399,1.16784,0.563457,0.06821,0.790977,20000,0.299678,25.35608
9421,176.027377,197.15096,1.8988,0.544221,0.064204,0.892856,20000,0.299678,52.635703
9422,82.193658,91.278903,1.864783,0.405008,0.065263,0.900467,20000,0.299678,18.332351
9423,231.613465,196.63825,0.516689,0.205029,0.034252,1.177866,20000,0.299678,39.723187
9424,146.995767,114.679397,0.096786,0.371975,0.003098,1.281798,20000,0.299678,32.473236
9425,118.023992,128.798558,1.175658,0.214544,0.066952,0.916346,20000,0.299678,10.604299
9426,197.745158,187.149353,0.144462,0.524586,0.022649,1.056617,20000,0.299678,21.160879
9427,135.550974,192.959405,1.82245,0.596823,0.031617,0.702484,20000,0.299678,29.538488
9428,159.936864,190.923936,0.631425,0.249135,0.008401,0.837699,20000,0.299678,3.599048
9429,85.449274,98.243113,1.498465,0.50979,0.05204,0.869774,20000,0.299678,18.892691
9430,110.075286,115.01358,0.781759,0.381091,0.05943,0.957063,20000,0.299678,14.687636
9431,49.894102,70.728021,0.845887,0.26832,0.031062,0.705436,20000,0.299678,0.617117
9432,96.646729,83.160635,1.952528,0.293697,0.005298,1.162169,20000,0.299678,22.945983
9433,130.544578,110.146327,0.133905,0.474294,0.012708,1.185192,20000,0.299678,22.369811
9434,224.953668,196.322338,1.254903,0.590634,0.078887,1.145838,20000,0.299678,79.018061
9435,36.5389,50.842117,0.387448,0.311974,0.049557,0.718674,20000,0.299678,0.194849
9436,239.04468,192.043123,1.45538,0.456817,0.071416,1.244745,20000,0.299678,83.843857
9437,156.86942,126.409147,0.842414,0.168891,0.042343,1.240966,20000,0.299678,35.525028
9438,73.380992,81.714399,0.893269,0.321356,0.014088,0.898018,20000,0.299678,6.029359
9439,100.095142,107.93378,1.65976,0.515158,0.023922,0.927375,20000,0.299678,24.484529
9440,63.531401,72.97181,0.573398,0.534717,0.021354,0.870629,20000,0.299678,7.361465
9441,165.705871,146.6601,1.250503,0.199382,0.026061,1.129863,20000,0.299678,28.439349
9442,129.344302,181.68,1.698588,0.392089,0.025402,0.711935,20000,0.299678,13.130442
9443,131.092004,116.793677,0.148914,0.191026,0.06922,1.122424,20000,0.299678,15.696031
9444,144.94136,153.936017,1.265251,0.456337,0.044198,0.941569,20000,0.299678,29.078485
9445,59.394247,51.711014,1.296427,0.137285,0.049781,1.14858,20000,0.299678,11.381315
9446,96.638435,125.027181,0.4082,0.559925,0.035544,0.772939,20000,0.299678,5.518207
9447,158.600992,123.359094,1.137355,0.552393,0.028047,1.285685,20000,0.299678,55.306664
9448,144.665061,165.079971,0.564297,0.281522,0.018336,0.876333,20000,0.299678,5.669459
9449,67.080553,52.791618,0.124775,0.432924,0.037243,1.270667,20000,0.299678,14.708205
9450,126.363554,172.969181,1.670582,0.330393,0.01582,0.730555,20000,0.299678,9.278061
9451,186.463492,186.60255,1.768158,0.363791,0.010301,0.999255,20000,0.299678,37.734446
9452,172.096255,174.858795,0.881276,0.474383,0.072968,0.984201,20000,0.299678,33.998075
9453,152.0543,193.199105,0.498453,0.3366,0.056005,0.787034,20000,0.299678,4.138747
9454,65.716639,85.484433,1.566993,0.136151,0.056814,0.768756,20000,0.299678,0.965927
9455,155.747852,187.347158,0.282364,0.555063,0.006001,0.831333,20000,0.299678,8.16435
9456,103.564654,123.696146,0.394387,0.587445,0.074421,0.83725,20000,0.299678,9.41509
9457,149.417949,195.534871,1.241241,0.18338,0.059481,0.76415,20000,0.299678,3.193426
9458,93.088936,85.173222,0.646693,0.176199,0.0776,1.092937,20000,0.299678,13.195716
9459,183.782582,146.979368,1.925727,0.449953,0.058148,1.250397,20000,0.299678,70.807191
9460,51.80007,51.111601,0.958835,0.427953,0.029409,1.01347,20000,0.299678,9.765492
9461,86.586249,78.171527,1.994911,0.276876,0.001589,1.107644,20000,0.299678,17.81156
9462,94.787715,102.938816,0.933119,0.168968,0.038591,0.920816,20000,0.299678,4.269542
9463,165.625833,150.672112,0.820104,0.361987,0.032211,1.099247,20000,0.299678,31.235972
9464,92.942782,78.827357,0.984692,0.244993,0.021551,1.179068,20000,0.299678,18.332675
9465,173.648204,133.659896,1.51789,0.250042,0.009816,1.29918,20000,0.299678,46.111462
9466,70.132565,69.272544,0.105754,0.531767,0.007233,1.012415,20000,0.299678,5.332791
9467,149.648228,124.092406,0.558565,0.568437,0.041989,1.205942,20000,0.299678,39.953047
9468,65.018105,63.540819,0.133367,0.445235,0.026833,1.023249,20000,0.299678,5.007337
9469,128.923638,159.334767,0.204652,0.15632,0.001796,0.809137,20000,0.299678,0.005537
9470,107.348909,136.627694,1.472405,0.44197,0.052548,0.785704,20000,0.299678,16.470683
9471,104.623135,80.603273,1.176648,0.250598,0.076714,1.298001,20000,0.299678,32.487129
9472,96.160662,108.789647,0.11601,0.535472,0.060161,0.883914,20000,0.299678,2.91738
9473,147.332912,152.211399,0.233143,0.549496,0.012997,0.967949,20000,0.299678,13.762781
9474,144.185069,138.394514,1.549265,0.482355,0.073173,1.041841,20000,0.299678,42.93606
9475,230.677803,188.174676,0.254127,0.25249,0.075672,1.225871,20000,0.299678,46.597287
9476,116.032491,151.629915,0.733867,0.466003,0.039596,0.765235,20000,0.299678,8.723524
9477,137.513523,120.741562,0.345206,0.405595,0.078025,1.138908,20000,0.299678,24.791399
9478,178.114688,171.961664,0.321499,0.380375,0.014249,1.035781,20000,0.299678,18.757306
9479,205.971278,192.192378,1.890057,0.153461,0.037719,1.071693,20000,0.299678,33.395892
9480,244.392372,196.068264,1.718646,0.408288,0.044569,1.246466,20000,0.299678,83.482434
9481,227.677422,177.847308,1.673806,0.155752,0.04899,1.280185,20000,0.299678,64.479619
9482,74.721639,77.436107,0.997322,0.261737,0.009632,0.964946,20000,0.299678,6.979901
9483,192.501363,165.999582,0.47882,0.356823,0.038693,1.15965,20000,0.299678,35.545986
9484,144.012437,121.768486,1.049157,0.366205,0.03566,1.182674,20000,0.299678,36.664129
9485,126.793291,164.095146,1.434658,0.106702,0.002566,0.772682,20000,0.299678,0.164348
9486,74.124631,95.912376,1.632041,0.566302,0.004437,0.772837,20000,0.299678,14.656234
9487,43.509331,59.105897,1.818555,0.42436,0.054714,0.736125,20000,0.299678,6.798684
9488,133.198127,175.947117,0.214267,0.421968,0.078726,0.757035,20000,0.299678,1.270467
9489,51.996544,68.970771,0.737503,0.564311,0.047223,0.753892,20000,0.299678,5.508863
9490,111.575782,152.635828,0.531784,0.595471,0.044715,0.730993,20000,0.299678,8.249636
9491,150.891248,171.94085,1.127075,0.581598,0.000416,0.877576,20000,0.299678,29.996075
9492,161.155098,172.700195,0.717957,0.435142,0.012607,0.933149,20000,0.299678,20.089352
9493,157.66772,131.416831,1.737026,0.374746,0.03203,1.199753,20000,0.299678,47.286141
9494,104.355759,88.72131,1.779907,0.379539,0.04852,1.17622,20000,0.299678,31.867156
9495,92.455798,74.12028,1.939812,0.540413,0.00107,1.247375,20000,0.299678,34.524229
9496,128.222239,165.200789,1.985043,0.41941,0.066932,0.77616,20000,0.299678,23.775401
9497,143.707221,129.376555,1.064538,0.554783,0.042192,1.110767,20000,0.299678,40.974083
9498,61.618817,74.24584,0.074249,0.120688,0.038596,0.82993,20000,0.299678,0.0
9499,62.245504,63.869347,0.059881,0.210045,0.040666,0.974576,20000,0.299678,0.692791
9500,87.737068,116.455124,1.60454,0.489708,0.076639,0.753398,20000,0.299678,16.827145
9501,60.701385,79.820942,0.346672,0.231854,0.038437,0.760469,20000,0.327464,0.099871
9502,166.994241,146.645742,0.526636,0.100326,0.019311,1.13876,20000,0.327464,22.057465
9503,95.207631,97.703723,1.002968,0.508951,0.034412,0.974452,20000,0.327464,19.559487
9504,122.828497,97.907646,0.424529,0.420123,0.017696,1.254534,20000,0.327464,28.939308
9505,58.8233,61.582302,1.731059,0.242691,0.067662,0.955198,20000,0.327464,9.380726
9506,68.135207,58.913307,1.731534,0.430334,0.04749,1.156533,20000,0.327464,21.834222
9507,127.914631,156.445947,1.916125,0.356285,0.004318,0.817628,20000,0.327464,15.997436
9508,47.83407,56.736321,1.88843,0.174504,0.037199,0.843094,20000,0.327464,2.709298
9509,67.650159,92.824716,0.535028,0.129108,0.029459,0.728795,20000,0.327464,0.001076
9510,170.508276,136.664175,1.962486,0.322852,0.062655,1.247644,20000,0.327464,57.381577
9511,100.115242,117.957829,0.341141,0.547636,0.039427,0.848738,20000,0.327464,6.958993
9512,149.744721,175.18768,0.354005,0.544193,0.04432,0.854767,20000,0.327464,11.211125
9513,203.683656,183.715035,0.551135,0.485085,0.063754,1.108693,20000,0.327464,43.067606
9514,54.10362,53.953488,0.591823,0.308589,0.069109,1.002783,20000,0.327464,6.309134
9515,113.030934,98.169408,1.326392,0.401822,0.038411,1.151387,20000,0.327464,30.29429
9516,119.658806,125.071388,0.79109,0.154165,0.013959,0.956724,20000,0.327464,4.844323
9517,56.278966,61.603757,0.725987,0.255488,0.079171,0.913564,20000,0.327464,4.062525
9518,90.047324,126.910516,1.834371,0.201723,0.053204,0.709534,20000,0.327464,2.787766
9519,146.267236,144.331064,1.098387,0.298426,0.02682,1.013415,20000,0.327464,20.936646
9520,145.335069,130.095746,0.740823,0.146284,0.012348,1.117139,20000,0.327464,17.867967
9521,66.254835,65.488351,1.244888,0.432078,0.003762,1.011704,20000,0.327464,13.291673
9522,109.079747,112.636301,0.666134,0.172147,0.020908,0.968424,20000,0.327464,5.293275
9523,166.669151,147.396582,0.526002,0.318319,0.029745,1.130753,20000,0.327464,27.432624
9524,95.486982,87.660066,1.452963,0.592936,0.039986,1.089287,20000,0.327464,32.034356
9525,164.353025,144.82572,0.789718,0.485691,0.040023,1.134833,20000,0.327464,39.851885
9526,125.825648,138.216918,1.417731,0.277412,0.025956,0.910349,20000,0.327464,13.474413
9527,189.789253,164.523141,0.715722,0.302405,0.067716,1.153572,20000,0.327464,38.207697
9528,103.541732,80.769765,1.390306,0.189212,0.011938,1.281937,20000,0.327464,24.998639
9529,202.560682,177.407326,1.23156,0.545392,0.07437,1.141783,20000,0.327464,67.456315
9530,186.016612,193.301355,0.075753,0.570546,0.03592,0.962314,20000,0.327464,8.766451
9531,78.775298,101.196803,1.728264,0.10662,0.043507,0.778437,20000,0.327464,0.624806
9532,143.45076,128.149127,0.899419,0.45811,0.032544,1.119405,20000,0.327464,33.345349
9533,231.856948,189.145765,0.076759,0.148587,0.011194,1.225811,20000,0.327464,42.835555
9534,84.449897,114.492003,1.477198,0.331871,0.025773,0.737605,20000,0.327464,5.878955
9535,103.772085,102.432522,0.683259,0.380739,0.016568,1.013078,20000,0.327464,14.075669
9536,158.186545,193.295429,0.074049,0.132077,0.065887,0.818367,20000,0.327464,0.0
9537,71.446205,100.483047,1.676511,0.430133,0.01192,0.711027,20000,0.327464,7.798986
9538,57.582257,58.398898,0.584822,0.513409,0.023818,0.986016,20000,0.327464,8.897179
9539,144.144659,197.544464,1.935656,0.345558,0.029238,0.729682,20000,0.327464,14.856179
9540,147.197522,148.857069,1.331941,0.441905,0.072168,0.988851,20000,0.327464,34.839698
9541,207.651187,166.11649,1.037949,0.265335,0.020813,1.250034,20000,0.327464,50.258432
9542,133.77503,164.384314,1.767389,0.250958,0.019374,0.813794,20000,0.327464,9.233829
9543,111.568943,155.687982,0.151372,0.583405,0.058714,0.716619,20000,0.327464,0.973722
9544,137.615243,149.446334,0.567297,0.375251,0.065121,0.920834,20000,0.327464,13.036085
9545,195.482454,185.211151,0.924316,0.246262,0.062572,1.055457,20000,0.327464,29.803424
9546,63.247776,86.694401,0.403094,0.537594,0.019612,0.729549,20000,0.327464,2.493254
9547,138.496255,155.663082,0.182407,0.541058,0.079749,0.889718,20000,0.327464,7.263234
9548,146.531074,198.445026,0.066807,0.45428,0.010857,0.738396,20000,0.327464,0.028891
9549,183.684556,199.44714,0.270888,0.599631,0.059926,0.920969,20000,0.327464,17.744197
9550,146.31324,141.341904,0.122844,0.162313,0.025147,1.035172,20000,0.327464,6.659105
9551,66.318459,93.324329,0.413301,0.377661,0.033191,0.710623,20000,0.327464,0.766823
9552,100.834319,91.425097,1.460561,0.320116,0.072854,1.102917,20000,0.327464,24.935204
9553,79.667326,112.991411,0.183538,0.524699,0.040434,0.705074,20000,0.327464,0.597111
9554,113.648974,94.775034,0.963575,0.586873,0.037638,1.199145,20000,0.327464,35.78735
9555,128.635589,126.253175,1.300004,0.22999,0.073844,1.01887,20000,0.327464,20.78822
9556,176.535235,147.813543,1.264529,0.160442,0.073178,1.19431,20000,0.327464,42.757057
9557,106.980882,86.167351,0.412524,0.162315,0.046113,1.241548,20000,0.327464,22.457376
9558,149.747166,169.516124,1.556021,0.552849,0.043944,0.88338,20000,0.327464,38.058207
9559,47.91421,64.642678,1.801157,0.403904,0.054961,0.741216,20000,0.327464,6.750871
9560,177.722079,155.509617,1.05879,0.585652,0.07998,1.142837,20000,0.327464,57.789231
9561,240.358665,193.158246,1.118485,0.161478,0.075193,1.244361,20000,0.327464,63.575738
9562,71.951282,76.392678,1.797506,0.205147,0.071086,0.941861,20000,0.327464,10.327425
9563,164.714749,149.080544,0.428022,0.418461,0.069822,1.104871,20000,0.327464,28.464909
9564,142.135267,199.797342,0.666527,0.22078,0.068279,0.711397,20000,0.327464,0.633639
9565,66.378044,89.643204,0.056245,0.210873,0.059411,0.740469,20000,0.327464,0.0
9566,82.852837,117.152537,0.523358,0.429727,0.068431,0.707222,20000,0.327464,2.392079
9567,191.048698,163.421654,1.970157,0.409667,0.020807,1.169054,20000,0.327464,59.788476
9568,156.40587,133.753879,0.377208,0.159842,0.067235,1.169356,20000,0.327464,26.358012
9569,70.239869,87.516887,0.288578,0.520926,0.001014,0.802586,20000,0.327464,2.839764
9570,147.051966,177.94094,1.277503,0.496864,0.017746,0.826409,20000,0.327464,23.942807
9571,218.915783,169.166306,1.392056,0.231209,0.052368,1.294086,20000,0.327464,64.275887
9572,71.465883,66.769076,0.717276,0.413048,0.034468,1.070344,20000,0.327464,12.957004
9573,128.300737,109.54892,1.207913,0.56179,0.026757,1.171173,20000,0.327464,41.182227
9574,66.10213,66.34205,1.209583,0.384047,0.015566,0.996384,20000,0.327464,11.749435
9575,57.427566,78.401719,0.480962,0.130011,0.06635,0.732478,20000,0.327464,0.001462
9576,65.080177,71.082725,0.473058,0.182185,0.071602,0.915555,20000,0.327464,1.825745
9577,153.952932,124.758849,0.367041,0.513564,0.074162,1.234004,20000,0.327464,37.555815
9578,51.367298,61.025248,0.691469,0.197245,0.032706,0.841738,20000,0.327464,0.876579
9579,166.826312,145.877505,1.134778,0.475367,0.070193,1.143605,20000,0.327464,48.664393
9580,88.623541,102.100972,1.270122,0.104049,0.045779,0.867999,20000,0.327464,1.493824
9581,104.649059,93.881309,1.714591,0.331858,0.034968,1.114695,20000,0.327464,25.80905
9582,210.47815,185.234779,1.844203,0.1262,0.021678,1.136278,20000,0.327464,35.209662
9583,172.057921,153.94906,1.516973,0.470712,0.077862,1.117629,20000,0.327464,53.41639
9584,101.218437,83.018146,1.747013,0.443108,0.009627,1.219233,20000,0.327464,32.263882
9585,98.579473,98.307909,0.38103,0.224486,0.022645,1.002762,20000,0.327464,6.075798
9586,67.371292,55.17529,0.665484,0.424516,0.075773,1.221041,20000,0.327464,17.790054
9587,82.362453,67.121846,1.277968,0.236329,0.017429,1.227059,20000,0.327464,19.011497
9588,122.361472,152.387289,1.199543,0.479375,0.001842,0.802964,20000,0.327464,15.908289
9589,102.617786,80.015565,0.671051,0.309082,0.033066,1.282473,20000,0.327464,26.173053
9590,93.325524,118.59774,1.784005,0.358531,0.020659,0.786908,20000,0.327464,10.854154
9591,84.381471,99.235088,1.018578,0.303837,0.007684,0.850319,20000,0.327464,5.602322
9592,186.539086,162.173636,1.614021,0.123807,0.022324,1.150243,20000,0.327464,31.980624
9593,85.137518,78.547916,1.476276,0.246551,0.075997,1.083893,20000,0.327464,18.480226
9594,140.893955,120.329019,0.832476,0.282225,0.030596,1.170906,20000,0.327464,28.110156
9595,157.09434,154.754663,1.320778,0.515507,0.063179,1.015119,20000,0.327464,42.024239
9596,180.887862,162.084839,1.482025,0.530847,0.066856,1.116007,20000,0.327464,59.69369
9597,75.864147,73.629613,1.584447,0.132635,0.025842,1.030348,20000,0.327464,7.890238
9598,165.699466,153.128896,1.829283,0.43689,0.021235,1.082091,20000,0.327464,45.24841
9599,68.050424,81.179734,0.55928,0.143727,0.069514,0.838269,20000,0.327464,0.365812
9600,228.282052,186.2429,1.210953,0.179826,0.040334,1.225722,20000,0.327464,52.72858
9601,82.538737,81.976342,0.182361,0.313718,0.065054,1.00686,20000,0.300012,5.230251
9602,78.847309,103.179131,1.069124,0.10734,0.035962,0.764179,20000,0.300012,0.070768
9603,68.026328,73.971628,1.732533,0.130814,0.000487,0.919627,20000,0.300012,2.505123
9604,97.436641,85.522923,0.406863,0.558406,0.043154,1.139304,20000,0.300012,20.34736
9605,175.506243,145.595247,1.215132,0.304356,0.01962,1.205439,20000,0.300012,41.455395
9606,162.70348,138.125912,0.05802,0.15943,0.049291,1.177936,20000,0.300012,24.947677
9607,64.552322,53.512479,1.210225,0.37188,0.033687,1.206304,20000,0.300012,17.585093
9608,128.815734,103.101705,0.795874,0.598418,0.058588,1.249405,20000,0.300012,41.137636
9609,158.507363,123.755023,1.950739,0.230198,0.029503,1.280816,20000,0.300012,45.58759
9610,147.969656,167.231027,0.999664,0.319483,0.073673,0.884822,20000,0.300012,15.339794
9611,177.593378,168.600032,0.861304,0.24847,0.041688,1.053341,20000,0.300012,24.054209
9612,81.260002,72.601728,1.609882,0.452911,0.02621,1.119257,20000,0.300012,23.722347
9613,73.104774,90.480878,1.126324,0.122818,0.022252,0.807958,20000,0.300012,0.342277
9614,57.750776,70.528775,1.362792,0.371667,0.000518,0.818826,20000,0.300012,5.763438
9615,65.914503,51.945639,1.314001,0.157068,0.065368,1.268913,20000,0.300012,18.388984
9616,170.817472,168.880124,0.697424,0.269984,0.075322,1.011472,20000,0.300012,20.710669
9617,85.230554,80.177108,0.561764,0.262029,0.073058,1.063029,20000,0.300012,11.30057
9618,110.738972,115.717821,0.090665,0.223166,0.011794,0.956974,20000,0.300012,1.219912
9619,144.766392,144.791278,1.241842,0.486333,0.010229,0.999828,20000,0.300012,30.784797
9620,65.898843,93.655586,0.563321,0.106273,0.070777,0.70363,20000,0.300012,0.0
9621,84.326806,82.431069,1.933037,0.10615,0.001314,1.022998,20000,0.300012,5.931478
9622,110.268162,123.170937,1.301036,0.42709,0.050241,0.895245,20000,0.300012,19.151489
9623,72.257037,67.645542,0.255636,0.519797,0.072471,1.068171,20000,0.300012,10.627965
9624,45.279471,55.179707,1.678186,0.385546,0.067265,0.820582,20000,0.300012,7.576046
9625,112.732884,100.887541,1.904363,0.406931,0.014801,1.117411,20000,0.300012,31.316081
9626,172.608526,156.444796,1.451159,0.1524,0.052328,1.103319,20000,0.300012,29.914572
9627,42.438055,55.852882,1.64919,0.101249,0.034675,0.759819,20000,0.300012,0.110287
9628,86.760111,113.246949,1.582785,0.182809,0.033501,0.766114,20000,0.300012,2.077088
9629,150.258388,139.692337,1.809916,0.416136,0.003712,1.075638,20000,0.300012,37.721303
9630,119.133812,138.743835,1.507588,0.550783,0.073825,0.85866,20000,0.300012,29.399879
9631,98.944516,98.10733,1.639487,0.490963,0.011376,1.008533,20000,0.300012,25.58702
9632,202.715949,198.776872,0.45539,0.28084,0.006029,1.019817,20000,0.300012,17.600034
9633,120.712418,167.391029,1.163637,0.133619,0.012059,0.72114,20000,0.300012,0.090642
9634,110.005829,149.185746,1.181642,0.304644,0.063074,0.737375,20000,0.300012,5.937876
9635,57.040468,55.664506,0.236467,0.565968,0.064487,1.024719,20000,0.300012,7.334613
9636,175.980934,197.595189,0.287321,0.404174,0.001152,0.890613,20000,0.300012,7.673118
9637,141.099485,187.06361,0.098277,0.129425,0.026482,0.754286,20000,0.300012,0.0
9638,200.752568,161.996042,0.510186,0.522236,0.057896,1.239244,20000,0.300012,52.959254
9639,90.406257,88.04445,1.898847,0.310974,0.054457,1.026825,20000,0.300012,20.518704
9640,88.041158,93.446327,0.872467,0.283436,0.015993,0.942158,20000,0.300012,7.485868
9641,162.075799,169.08485,0.345448,0.112938,0.025583,0.958547,20000,0.300012,2.156145
9642,105.724528,108.610794,0.278627,0.425846,0.029273,0.973426,20000,0.300012,8.646832
9643,179.623937,152.238437,0.816704,0.440126,0.028219,1.179886,20000,0.300012,44.852088
9644,84.847771,88.548813,0.698345,0.42709,0.074625,0.958203,20000,0.300012,12.508974
9645,138.277387,164.263141,1.222254,0.591755,0.035264,0.841804,20000,0.300012,28.897739
9646,99.66208,106.718821,1.183389,0.275426,0.008903,0.933875,20000,0.300012,9.42072
9647,101.485379,82.038477,1.580135,0.145337,0.078681,1.237046,20000,0.300012,29.234926
9648,132.400416,150.902965,0.202318,0.472858,0.014617,0.877388,20000,0.300012,5.062957
9649,189.40057,199.171886,1.916192,0.297899,0.057787,0.95094,20000,0.300012,35.711659
9650,154.973484,178.785783,1.576508,0.165553,0.008775,0.866811,20000,0.300012,5.625572
9651,183.914161,154.502586,0.424065,0.117166,0.055746,1.190363,20000,0.300012,33.083412
9652,42.332658,59.186709,0.75651,0.167142,0.079839,0.715239,20000,0.300012,0.082604
9653,84.472871,76.984002,1.330325,0.37764,0.023284,1.097278,20000,0.300012,19.253686
9654,69.268934,59.640612,0.965042,0.299805,0.076574,1.161439,20000,0.300012,16.143759
9655,128.499973,151.703501,1.609839,0.524901,0.067848,0.847047,20000,0.300012,31.135201
9656,88.218998,76.574821,0.528243,0.308193,0.052866,1.152063,20000,0.300012,16.282096
9657,161.857376,143.007282,1.284123,0.366064,0.018726,1.131812,20000,0.300012,38.200333
9658,107.324078,135.164151,1.027248,0.58164,0.041507,0.794028,20000,0.300012,18.264084
9659,159.196084,136.783808,1.167604,0.224707,0.007544,1.163852,20000,0.300012,29.132896
9660,138.889924,117.039941,1.682531,0.237499,0.031772,1.186688,20000,0.300012,33.24095
9661,109.338549,108.586674,1.632562,0.555002,0.034638,1.006924,20000,0.300012,32.4459
9662,164.445667,180.063656,0.242408,0.137111,0.064868,0.913264,20000,0.300012,0.759183
9663,155.640642,158.29609,0.701604,0.429193,0.038281,0.983225,20000,0.300012,23.505366
9664,46.889902,50.419419,1.456872,0.499447,0.050935,0.929997,20000,0.300012,11.193073
9665,109.307677,127.421721,1.547992,0.461223,0.041414,0.857842,20000,0.300012,21.50277
9666,206.240832,164.69338,0.256853,0.161254,0.055791,1.252272,20000,0.300012,43.898414
9667,71.404196,92.183544,1.206911,0.306119,0.045694,0.774587,20000,0.300012,4.496305
9668,172.264838,147.614181,1.706165,0.586434,0.072564,1.166994,20000,0.300012,68.034064
9669,130.329311,140.105415,0.373781,0.201402,0.059503,0.930223,20000,0.300012,3.760771
9670,45.959757,50.70473,1.859939,0.459463,0.072186,0.90642,20000,0.300012,11.952497
9671,58.979529,51.713678,0.713944,0.594072,0.018323,1.140502,20000,0.300012,15.475244
9672,96.856196,103.211191,1.222906,0.198647,0.005292,0.938427,20000,0.300012,6.148215
9673,171.248305,146.397601,0.879537,0.331009,0.002105,1.169748,20000,0.300012,34.698035
9674,151.474594,135.801402,0.942979,0.118426,0.030478,1.115413,20000,0.300012,20.489732
9675,205.40913,176.968646,0.163065,0.5715,0.024652,1.160709,20000,0.300012,35.912091
9676,138.116967,158.656984,0.902899,0.136774,0.00141,0.870538,20000,0.300012,1.411462
9677,112.129918,154.152749,0.175406,0.539117,0.059346,0.727395,20000,0.300012,1.156955
9678,97.648932,81.739574,0.627307,0.267964,0.012896,1.194635,20000,0.300012,18.60631
9679,112.206334,127.948822,1.237481,0.269825,0.011795,0.876963,20000,0.300012,8.303503
9680,60.042698,51.751963,1.862299,0.381075,0.01994,1.160201,20000,0.300012,16.903993
9681,210.466427,194.302425,1.290913,0.117001,0.033651,1.08319,20000,0.300012,27.057537
9682,141.186494,138.143749,0.426084,0.403769,0.005565,1.022026,20000,0.300012,16.219564
9683,67.195407,74.567496,0.735008,0.230575,0.072573,0.901135,20000,0.300012,3.87796
9684,120.515157,108.428645,0.221406,0.257454,0.034664,1.11147,20000,0.300012,14.297185
9685,53.986242,58.215797,0.163452,0.114639,0.039286,0.927347,20000,0.300012,0.075127
9686,183.939286,145.601174,0.741669,0.444848,0.016315,1.263309,20000,0.300012,50.366858
9687,95.500016,101.997725,0.576262,0.526826,0.072,0.936296,20000,0.300012,14.293985
9688,180.68967,148.118426,1.280001,0.393919,0.024182,1.2199,20000,0.300012,50.919195
9689,79.092029,93.514001,1.210392,0.287699,0.00172,0.845777,20000,0.300012,5.266007
9690,77.208851,64.945635,0.763961,0.496055,0.027906,1.188823,20000,0.300012,20.002174
9691,57.76633,64.581746,1.33421,0.540876,0.053366,0.894468,20000,0.300012,13.35258
9692,170.873698,144.644055,1.013706,0.305483,0.068382,1.181339,20000,0.300012,41.547719
9693,138.235376,138.027925,1.242473,0.466406,0.06822,1.001503,20000,0.300012,33.032102
9694,175.161585,176.172378,0.808044,0.128317,0.040712,0.994262,20000,0.300012,10.432397
9695,174.369521,187.410031,1.840414,0.214122,0.05104,0.930417,20000,0.300012,22.054818
9696,154.468294,144.374836,1.061132,0.589629,0.013889,1.069911,20000,0.300012,41.586737
9697,56.072924,59.435447,1.697039,0.138293,0.024307,0.943426,20000,0.300012,3.604676
9698,124.475881,131.888029,1.761284,0.166607,0.008644,0.9438,20000,0.300012,8.665823
9699,74.622215,79.75897,0.588655,0.50544,0.02512,0.935597,20000,0.300012,10.000201
9700,141.426813,131.040439,0.787804,0.591814,0.04756,1.079261,20000,0.300012,35.939202
9701,188.188524,146.942327,0.910803,0.408624,0.075292,1.280697,20000,0.321214,58.545986
9702,173.883012,192.16547,0.924093,0.280784,0.065471,0.904861,20000,0.321214,15.601474
9703,133.349838,172.241186,1.554736,0.20101,0.018637,0.774204,20000,0.321214,3.669819
9704,120.357673,154.091521,0.983641,0.542465,0.020911,0.781079,20000,0.321214,16.082957
9705,161.626583,185.292437,1.646366,0.549877,0.072401,0.872278,20000,0.321214,43.760082
9706,52.176824,51.954666,0.727078,0.49327,0.075009,1.004276,20000,0.321214,10.174095
9707,85.706461,116.203933,1.763469,0.599325,0.009681,0.737552,20000,0.321214,18.584396
9708,138.535507,174.705513,0.413994,0.533554,0.009287,0.792966,20000,0.321214,7.759341
9709,125.075168,122.042634,1.806384,0.272182,0.019972,1.024848,20000,0.321214,21.494813
9710,134.836757,158.986152,1.040573,0.266128,0.011731,0.848104,20000,0.321214,7.08644
9711,169.78001,198.610438,1.350315,0.543019,0.051997,0.854839,20000,0.321214,35.081836
9712,118.268537,91.111283,1.697276,0.521897,0.078966,1.298067,20000,0.321214,49.092361
9713,220.333541,176.526715,1.574281,0.145378,0.029067,1.24816,20000,0.321214,52.031864
9714,122.810496,104.107562,0.44188,0.27624,0.020239,1.17965,20000,0.321214,21.150193
9715,171.50188,155.709594,1.689073,0.4222,0.057668,1.101421,20000,0.321214,50.585348
9716,72.262909,67.951522,0.975318,0.58955,0.075505,1.063448,20000,0.321214,20.719286
9717,165.132597,191.591492,1.262558,0.316553,0.021084,0.861899,20000,0.321214,15.799276
9718,123.545601,149.405161,1.269587,0.497,0.04053,0.826917,20000,0.321214,20.839712
9719,181.373767,154.448415,1.343857,0.353004,0.050261,1.174332,20000,0.321214,49.551051
9720,209.046746,182.835494,1.575901,0.183259,0.040238,1.14336,20000,0.321214,42.261508
9721,140.259797,195.382103,0.637899,0.261601,0.040918,0.717874,20000,0.321214,1.116587
9722,111.891414,109.868564,1.688593,0.375872,0.028962,1.018412,20000,0.321214,24.550159
9723,163.515975,195.741422,0.865189,0.360034,0.07078,0.835367,20000,0.321214,14.251187
9724,132.802661,150.828396,0.209212,0.371932,0.075384,0.880488,20000,0.321214,3.589816
9725,84.137036,119.523617,0.502117,0.5828,0.079213,0.703936,20000,0.321214,5.306477
9726,111.259963,121.003025,1.349241,0.338113,0.048426,0.919481,20000,0.321214,16.410311
9727,134.320163,190.716782,0.56138,0.256838,0.053344,0.704291,20000,0.321214,0.603851
9728,246.40946,194.147899,0.837541,0.165041,0.018142,1.269184,20000,0.321214,55.996394
9729,170.685262,155.9923,1.96516,0.312388,0.019586,1.09419,20000,0.321214,39.756161
9730,109.525231,156.241952,0.577173,0.173268,0.012313,0.700998,20000,0.321214,0.020109
9731,196.789163,190.483531,0.893824,0.433383,0.066412,1.033103,20000,0.321214,40.180247
9732,110.353001,91.208545,1.831002,0.268201,0.067794,1.209898,20000,0.321214,33.482702
9733,119.707755,126.543608,1.150531,0.335777,0.057371,0.94598,20000,0.321214,17.825277
9734,119.849447,137.91298,1.51011,0.31584,0.040068,0.869022,20000,0.321214,14.382568
9735,153.335201,185.904622,0.458189,0.205373,0.06895,0.824806,20000,0.321214,1.39753
9736,173.358024,160.066478,0.12566,0.240913,0.03226,1.083038,20000,0.321214,15.143718
9737,95.995163,92.902902,1.5822,0.186603,0.055629,1.033285,20000,0.321214,15.049824
9738,75.84624,63.041589,1.39531,0.408274,0.079027,1.203114,20000,0.321214,24.328561
9739,147.475572,161.827785,0.778389,0.201439,0.03017,0.911312,20000,0.321214,6.302551
9740,232.636907,191.640997,1.318598,0.591711,0.079172,1.21392,20000,0.321214,89.143101
9741,64.874664,91.055693,0.994232,0.214134,0.022564,0.712472,20000,0.321214,0.472345
9742,97.171419,90.728145,0.773801,0.160191,0.016654,1.071017,20000,0.321214,10.017309
9743,78.562581,77.706693,0.163717,0.447944,0.02466,1.011014,20000,0.321214,6.225063
9744,161.446572,150.701942,1.405447,0.539713,0.025248,1.071297,20000,0.321214,46.108249
9745,89.883641,88.05391,1.160587,0.482845,0.074614,1.02078,20000,0.321214,22.337465
9746,51.172947,64.481176,1.693531,0.204302,0.011087,0.793611,20000,0.321214,1.757943
9747,175.235198,171.04295,1.106164,0.589274,0.038072,1.02451,20000,0.321214,47.128548
9748,77.287119,90.754931,1.335926,0.10062,0.017598,0.851602,20000,0.321214,0.564364
9749,82.65555,114.076956,0.384015,0.139036,0.047534,0.72456,20000,0.321214,5.3e-05
9750,93.294382,90.05348,0.933538,0.595681,0.002685,1.035989,20000,0.321214,22.548979
9751,146.238991,167.873309,1.750771,0.597173,0.007881,0.871127,20000,0.321214,39.593197
9752,182.063793,158.291202,1.988285,0.132905,0.006419,1.150183,20000,0.321214,29.781962
9753,144.959701,118.445473,0.962622,0.445761,0.072135,1.223852,20000,0.321214,42.917523
9754,100.512554,129.979541,1.393406,0.276312,0.054751,0.773295,20000,0.321214,6.619667
9755,216.798026,174.321818,0.068889,0.432642,0.071223,1.243665,20000,0.321214,43.530061
9756,121.567242,118.270752,1.189895,0.536535,0.039616,1.027872,20000,0.321214,31.707152
9757,132.270418,131.004212,0.262831,0.251607,0.033846,1.009665,20000,0.321214,8.160278
9758,131.972251,112.301235,0.565963,0.292648,0.024316,1.175163,20000,0.321214,24.395595
9759,110.237728,139.610283,1.638384,0.593782,0.020337,0.78961,20000,0.321214,25.013942
9760,97.904121,104.542304,1.152999,0.398426,0.052452,0.936502,20000,0.321214,16.801925
9761,123.896899,161.156167,0.845113,0.378025,0.019064,0.7688,20000,0.321214,6.642536
9762,76.448878,67.311229,1.920162,0.239458,0.027731,1.135752,20000,0.321214,16.70322
9763,98.991106,131.172853,0.546408,0.136,0.023514,0.754662,20000,0.321214,0.010967
9764,107.669751,116.2118,0.721076,0.104857,0.031557,0.926496,20000,0.321214,1.678473
9765,216.098555,186.080362,0.543796,0.45521,0.002407,1.161318,20000,0.321214,44.387739
9766,135.91436,111.460783,1.673602,0.303879,0.019983,1.219392,20000,0.321214,36.480954
9767,68.561835,69.112061,1.218845,0.218812,0.004185,0.992039,20000,0.321214,6.515063
9768,74.996689,59.09739,1.956319,0.136613,0.031362,1.269036,20000,0.321214,19.792765
9769,123.732778,151.432801,0.986433,0.298367,0.010098,0.81708,20000,0.321214,6.412525
9770,84.517534,104.4633,1.95763,0.432977,0.049239,0.809064,20000,0.321214,16.383716
9771,140.438226,172.411606,0.219888,0.598685,0.075418,0.814552,20000,0.321214,6.43605
9772,137.647337,121.14152,0.712771,0.112134,0.043003,1.136252,20000,0.321214,20.368719
9773,159.681511,141.191965,0.078205,0.333135,0.070489,1.130953,20000,0.321214,19.802593
9774,190.086371,193.589265,0.181495,0.141481,0.063996,0.981906,20000,0.321214,4.035159
9775,138.329924,190.643681,1.711075,0.257979,0.067734,0.725594,20000,0.321214,8.600956
9776,176.974083,170.014987,0.196322,0.144747,0.015424,1.040932,20000,0.321214,9.22185
9777,54.442456,52.881656,0.68416,0.564827,0.056711,1.029515,20000,0.321214,11.460291
9778,47.644224,52.653267,1.209374,0.316151,0.025462,0.904867,20000,0.321214,5.234329
9779,146.933232,187.939485,0.463434,0.410839,0.078081,0.781811,20000,0.321214,5.920136
9780,98.000984,114.710665,1.906724,0.537641,0.024826,0.854332,20000,0.321214,25.653054
9781,116.450788,93.993729,0.876121,0.226962,0.058369,1.238921,20000,0.321214,28.284381
9782,172.121771,170.660252,0.758722,0.579738,0.014211,1.008564,20000,0.321214,36.113127
9783,114.709821,108.5587,1.890652,0.348382,0.073688,1.056662,20000,0.321214,31.286001
9784,148.942855,135.780108,0.167468,0.3631,0.065116,1.096942,20000,0.321214,17.847104
9785,159.346473,131.127583,1.049148,0.435395,0.077169,1.215202,20000,0.321214,48.195096
9786,127.813991,100.520367,1.815516,0.31041,0.006795,1.271523,20000,0.321214,36.809645
9787,76.322948,107.292193,1.761644,0.362088,0.007057,0.711356,20000,0.321214,6.249664
9788,243.768233,193.480249,0.316715,0.45826,0.032153,1.259913,20000,0.321214,57.604638
9789,179.228776,190.416145,1.88307,0.559431,0.065202,0.941248,20000,0.321214,57.240081
9790,76.432355,108.582341,0.895495,0.202303,0.049805,0.703911,20000,0.321214,0.408299
9791,189.344548,166.910154,1.369884,0.149063,0.02814,1.13441,20000,0.321214,32.114384
9792,202.270022,197.845145,0.363088,0.309924,0.046625,1.022365,20000,0.321214,18.87944
9793,202.047338,192.498171,0.431515,0.158823,0.049447,1.049607,20000,0.321214,16.698479
9794,217.272567,176.954971,0.644568,0.559181,0.067867,1.227841,20000,0.321214,63.651211
9795,139.81146,153.688408,0.345339,0.224738,0.059537,0.909707,20000,0.321214,3.415865
9796,200.001039,198.201051,0.864577,0.535989,0.013174,1.009082,20000,0.321214,40.836889
9797,125.778528,128.070878,1.205838,0.452814,0.053174,0.982101,20000,0.321214,27.12471
9798,139.385676,147.459877,0.276905,0.150664,0.072194,0.945245,20000,0.321214,2.325531
9799,152.612791,155.186125,1.531303,0.104003,0.016174,0.983418,20000,0.321214,8.40168
9800,212.159543,194.07145,1.480052,0.469535,0.033773,1.093203,20000,0.321214,59.649464
9801,170.164146,172.115252,1.922568,0.318635,0.079858,0.988664,20000,0.296273,40.823293
9802,127.338347,136.509751,1.034278,0.10026,0.061896,0.932815,20000,0.296273,4.93736
9803,161.356427,157.937752,1.921742,0.445041,0.021671,1.021646,20000,0.296273,42.836859
9804,183.617717,146.469676,0.26142,0.513424,0.052828,1.253623,20000,0.296273,43.783284
9805,136.941473,147.034864,1.803529,0.224714,0.007721,0.931354,20000,0.296273,13.305144
9806,73.571751,101.033812,0.923641,0.247962,0.011778,0.728189,20000,0.296273,1.0124
9807,102.28664,89.994779,1.794674,0.447479,0.045074,1.136584,20000,0.296273,32.6249
9808,89.158362,69.128215,0.537737,0.189271,0.044044,1.289754,20000,0.296273,21.79316
9809,63.898064,64.280037,0.560519,0.182694,0.035688,0.994058,20000,0.296273,3.855459
9810,120.416793,159.170267,0.558275,0.356248,0.050351,0.756528,20000,0.296273,3.2004
9811,169.983368,149.851729,0.953702,0.425876,0.032211,1.134344,20000,0.296273,40.021234
9812,83.947661,90.275027,0.200038,0.578522,0.077592,0.92991,20000,0.296273,6.541403
9813,142.016698,124.720572,0.617035,0.596304,0.00173,1.138679,20000,0.296273,33.843049
9814,84.808125,75.448453,1.524631,0.379176,0.057494,1.124054,20000,0.296273,23.407529
9815,116.523124,102.073398,1.719007,0.346617,0.060445,1.141562,20000,0.296273,33.25746
9816,85.980294,87.81981,0.640605,0.413836,0.023244,0.979054,20000,0.296273,11.1863
9817,217.598653,169.605226,1.786322,0.331718,0.068077,1.282971,20000,0.296273,77.155855
9818,184.556404,168.896225,1.948472,0.483336,0.012061,1.092721,20000,0.296273,57.332616
9819,113.885214,106.6002,0.918338,0.16433,0.010623,1.06834,20000,0.296273,11.873331
9820,134.19217,163.925516,1.414632,0.141701,0.059813,0.818617,20000,0.296273,3.545315
9821,129.031777,160.290299,0.538703,0.599261,0.037716,0.804988,20000,0.296273,12.950983
9822,148.111321,188.51006,0.087763,0.303821,0.062345,0.785695,20000,0.296273,0.018962
9823,101.420988,133.046489,1.389183,0.522197,0.022935,0.762297,20000,0.296273,15.624004
9824,110.071229,135.151554,0.596254,0.582605,0.056168,0.814428,20000,0.296273,12.803921
9825,72.274013,92.553563,0.209625,0.346094,0.022919,0.780889,20000,0.296273,0.329931
9826,245.749181,193.701003,0.830602,0.187971,0.072165,1.268704,20000,0.296273,64.069078
9827,204.54754,174.430449,0.303082,0.433104,0.007224,1.17266,20000,0.296273,37.003383
9828,104.346443,126.101333,1.110671,0.293332,0.051598,0.827481,20000,0.296273,7.652643
9829,144.867167,174.196906,0.157995,0.350401,0.057312,0.831629,20000,0.296273,1.069931
9830,129.099092,112.052704,0.222802,0.294912,0.053484,1.152128,20000,0.296273,19.237206
9831,54.552106,66.270701,0.922187,0.158588,0.031915,0.823171,20000,0.296273,0.651344
9832,106.45135,139.161188,0.255601,0.449792,0.029751,0.76495,20000,0.296273,1.684812
9833,169.846052,183.61778,1.76043,0.269037,0.025207,0.924998,20000,0.296273,21.791467
9834,154.472008,119.995443,1.867579,0.558654,0.011401,1.287316,20000,0.296273,62.139875
9835,87.720918,92.539569,0.76447,0.46116,0.022704,0.947929,20000,0.296273,12.52599
9836,128.491632,112.544889,0.943126,0.544795,0.028081,1.141692,20000,0.296273,36.059199
9837,157.033014,146.168428,1.379572,0.398719,0.059747,1.074329,20000,0.296273,39.015038
9838,84.658433,73.740788,1.29525,0.230145,0.060223,1.148054,20000,0.296273,18.562706
9839,55.589443,51.839284,1.532489,0.539534,0.017718,1.072342,20000,0.296273,16.162942
9840,151.382964,172.551983,1.36937,0.400699,0.04261,0.877318,20000,0.296273,22.786691
9841,154.517337,121.036659,0.474793,0.465164,0.004409,1.276616,20000,0.296273,39.077768
9842,186.003269,172.179737,0.182506,0.279919,0.052687,1.080285,20000,0.296273,18.264008
9843,102.698978,117.118401,0.664128,0.503364,0.048165,0.876882,20000,0.296273,12.830307
9844,112.156321,104.270864,1.282081,0.122118,0.064826,1.075625,20000,0.296273,17.134479
9845,139.034103,147.63333,0.759691,0.399562,0.039522,0.941753,20000,0.296273,17.802113
9846,49.678469,54.554094,0.937167,0.310378,0.058911,0.910628,20000,0.296273,5.09834
9847,45.280798,53.550971,1.020679,0.215852,0.06641,0.845564,20000,0.296273,2.19703
9848,47.596803,60.133149,0.849046,0.522472,0.011382,0.791524,20000,0.296273,5.277461
9849,174.130771,154.645127,0.368841,0.552259,0.051794,1.126002,20000,0.296273,34.450345
9850,94.816911,123.476012,0.658562,0.424653,0.051145,0.767897,20000,0.296273,5.49053
9851,200.259602,192.853882,1.984629,0.259005,0.015945,1.038401,20000,0.296273,34.492447
9852,105.389608,114.178372,0.213967,0.597806,0.044397,0.923026,20000,0.296273,8.369198
9853,86.267659,117.895254,0.28615,0.454679,0.059511,0.731731,20000,0.296273,1.27824
9854,63.397436,68.957172,1.951384,0.302401,0.064887,0.919374,20000,0.296273,11.813195
9855,183.44541,177.300054,0.110224,0.320054,0.027925,1.034661,20000,0.296273,11.379038
9856,192.036683,173.237434,0.248996,0.457201,0.079087,1.108517,20000,0.296273,29.922213
9857,165.397182,182.831975,1.678315,0.383643,0.079043,0.90464,20000,0.296273,34.326216
9858,170.493128,142.362678,1.623432,0.462422,0.026669,1.197597,20000,0.296273,55.579752
9859,192.176144,193.416323,0.370423,0.365826,0.025436,0.993588,20000,0.296273,17.184015
9860,56.280049,54.64903,1.899902,0.109933,0.057117,1.029845,20000,0.296273,7.987996
9861,185.900509,153.560414,0.18848,0.148096,0.063203,1.210602,20000,0.296273,34.232574
9862,85.339117,92.371069,1.85131,0.359019,0.076436,0.923873,20000,0.296273,19.214573
9863,70.717568,78.807479,1.515694,0.246126,0.03869,0.897346,20000,0.296273,7.360387
9864,151.084487,191.251533,1.809452,0.511974,0.033616,0.789978,20000,0.296273,32.249487
9865,234.966105,184.024775,1.256704,0.374392,0.025164,1.276818,20000,0.296273,69.317492
9866,149.901606,122.998201,1.439497,0.448284,0.01548,1.21873,20000,0.296273,45.263203
9867,184.713417,193.353245,1.59697,0.233183,0.079046,0.955316,20000,0.296273,28.587495
9868,66.54605,61.329273,1.739977,0.240537,0.033439,1.085062,20000,0.296273,12.860493
9869,61.199489,61.664696,0.39939,0.5747,0.03288,0.992456,20000,0.296273,8.780515
9870,141.545625,140.473385,0.055097,0.24011,0.018558,1.007633,20000,0.296273,3.802793
9871,55.107585,71.717555,1.074251,0.158404,0.042338,0.768397,20000,0.296273,0.398716
9872,77.31009,64.632574,0.605424,0.398944,0.044254,1.196147,20000,0.296273,17.825508
9873,85.952285,109.790497,1.278405,0.288542,0.006389,0.782875,20000,0.296273,4.306494
9874,125.96678,124.65882,0.598901,0.218135,0.038006,1.010492,20000,0.296273,10.46011
9875,139.35067,109.437815,1.27533,0.413084,0.070346,1.273332,20000,0.296273,46.407887
9876,136.301914,188.88827,1.517379,0.422367,0.062859,0.721601,20000,0.296273,16.596338
9877,170.703546,142.530363,1.319228,0.357473,0.00106,1.197664,20000,0.296273,42.102557
9878,161.567157,167.558942,1.953845,0.485941,0.011406,0.964241,20000,0.296273,41.819711
9879,220.769413,188.540021,0.070868,0.138537,0.004589,1.170942,20000,0.296273,32.268517
9880,157.47527,190.605702,1.982252,0.204099,0.057818,0.826183,20000,0.296273,13.031145
9881,134.180968,110.769135,1.291005,0.345847,0.064879,1.211357,20000,0.296273,38.918189
9882,63.676021,77.865897,0.157931,0.163973,0.052952,0.817765,20000,0.296273,0.002175
9883,52.006847,63.417422,0.38532,0.536008,0.066254,0.820072,20000,0.296273,3.575498
9884,127.858249,169.618718,1.463325,0.560221,0.079846,0.753798,20000,0.296273,27.007262
9885,80.686718,69.964801,1.795152,0.211996,0.037666,1.153247,20000,0.296273,18.2295
9886,128.878133,106.543866,0.512808,0.309746,0.061953,1.209625,20000,0.296273,28.195925
9887,82.352753,116.145995,1.586629,0.131279,0.02958,0.709045,20000,0.296273,0.235618
9888,93.162469,131.093142,0.781623,0.471364,0.024981,0.710659,20000,0.296273,5.681968
9889,159.8127,155.883747,1.512967,0.597181,0.002938,1.025204,20000,0.296273,47.089706
9890,105.845777,150.365824,0.973666,0.435296,0.066682,0.703922,20000,0.296273,7.509911
9891,163.462225,128.211612,0.140598,0.437649,0.004761,1.274941,20000,0.296273,36.073631
9892,140.136631,139.573452,0.431113,0.131205,0.050942,1.004035,20000,0.296273,6.750463
9893,128.28819,128.331332,0.58351,0.31163,0.074227,0.999664,20000,0.296273,14.889215
9894,64.421833,75.191226,0.786816,0.248429,0.021887,0.856773,20000,0.296273,2.460146
9895,216.786005,193.447952,0.935077,0.592141,0.057464,1.120643,20000,0.296273,62.221635
9896,194.379449,152.868631,1.455737,0.116075,0.06007,1.271546,20000,0.296273,54.292787
9897,131.87941,107.027344,1.05356,0.395024,0.012085,1.232203,20000,0.296273,34.717899
9898,63.457627,74.224403,0.743062,0.136475,0.006776,0.854943,20000,0.296273,0.391237
9899,50.159073,60.129555,0.645955,0.129544,0.024633,0.834183,20000,0.296273,0.13796
9900,100.111641,85.783373,1.564344,0.334669,0.067711,1.167028,20000,0.296273,28.766382
9901,72.881817,95.977815,1.158001,0.547647,0.056898,0.759361,20000,0.319184,11.384398
9902,137.630477,141.206623,0.935294,0.376809,0.017767,0.974674,20000,0.319184,19.078122
9903,45.971834,56.81234,0.433972,0.33103,0.011678,0.809187,20000,0.319184,1.034338
9904,65.235864,59.654203,0.921557,0.50276,0.042872,1.093567,20000,0.319184,16.284228
9905,72.258281,90.672326,0.23013,0.229784,0.035715,0.796917,20000,0.319184,0.080112
9906,166.581727,176.980951,1.376587,0.318671,0.073347,0.941241,20000,0.319184,27.250445
9907,244.024254,192.521951,0.674076,0.192835,0.066952,1.267514,20000,0.319184,60.589633
9908,43.918556,61.940801,0.687269,0.570303,0.033888,0.709041,20000,0.319184,3.57134
9909,81.081869,106.976346,1.036993,0.142519,0.058704,0.757942,20000,0.319184,0.403253
9910,156.246001,128.325927,1.982875,0.248523,0.029412,1.217572,20000,0.319184,41.733808
9911,128.977316,115.618723,1.262786,0.416863,0.028842,1.11554,20000,0.319184,32.052403
9912,102.899334,83.444028,0.407317,0.195053,0.019166,1.233154,20000,0.319184,20.459363
9913,74.236787,82.093918,1.331285,0.57237,0.030118,0.904291,20000,0.319184,18.28786
9914,73.194145,87.871795,0.427624,0.394497,0.037236,0.832965,20000,0.319184,3.209629
9915,81.328922,69.362824,0.80266,0.212607,0.044669,1.172515,20000,0.319184,15.544874
9916,57.738782,80.551192,1.340765,0.55343,0.047762,0.716796,20000,0.319184,9.134333
9917,194.721872,154.669461,1.509902,0.1912,0.001388,1.258955,20000,0.319184,43.845541
9918,148.30608,142.676904,0.113936,0.221209,0.026032,1.039454,20000,0.319184,7.996331
9919,124.280991,129.247343,1.204874,0.108829,0.061496,0.961575,20000,0.319184,8.250616
9920,61.16921,56.740816,0.591206,0.245862,0.03182,1.078046,20000,0.319184,7.632527
9921,74.944105,80.967297,0.442973,0.330879,0.01422,0.92561,20000,0.319184,4.453864
9922,75.143625,80.908199,0.593685,0.496653,0.012041,0.928752,20000,0.319184,9.435102
9923,187.899398,155.378199,1.521425,0.499709,0.059835,1.209303,20000,0.319184,68.435808
9924,203.081997,166.20661,0.335181,0.350558,0.045909,1.221865,20000,0.319184,42.096498
9925,106.471603,84.27415,1.059591,0.54482,0.051579,1.263396,20000,0.319184,36.353885
9926,173.643559,134.334222,1.300699,0.422592,0.07039,1.292623,20000,0.319184,60.825617
9927,121.276656,169.698259,1.909522,0.264704,0.010879,0.714661,20000,0.319184,5.424184
9928,70.74164,79.233935,1.394141,0.345568,0.040536,0.89282,20000,0.319184,9.495117
9929,187.581335,167.331849,1.78558,0.531313,0.021036,1.121014,20000,0.319184,62.974423
9930,52.159994,56.718652,0.131271,0.451456,0.041204,0.919627,20000,0.319184,1.812169
9931,122.969023,165.398388,1.333481,0.511036,0.057217,0.743472,20000,0.319184,19.371559
9932,169.106854,176.863226,1.264612,0.188687,0.000549,0.956145,20000,0.319184,11.267529
9933,84.265129,77.136841,1.942893,0.143689,0.037374,1.092411,20000,0.319184,14.315267
9934,221.821895,172.187083,0.790331,0.112279,0.046339,1.288261,20000,0.319184,55.602508
9935,88.664963,89.820969,0.382462,0.228886,0.014744,0.98713,20000,0.319184,4.705153
9936,133.373178,139.185088,1.833595,0.514613,0.074847,0.958243,20000,0.319184,40.711336
9937,120.643709,118.548292,1.315183,0.573047,0.050006,1.017676,20000,0.319184,34.424233
9938,75.433106,69.47458,1.568416,0.284496,0.056877,1.085766,20000,0.319184,17.075105
9939,151.329988,194.42177,0.257097,0.418731,0.050815,0.778359,20000,0.319184,2.38586
9940,214.178391,199.552171,0.782194,0.413571,0.007659,1.073295,20000,0.319184,37.852361
9941,120.275914,113.13697,0.711879,0.587813,0.041835,1.0631,20000,0.319184,28.523472
9942,126.820749,132.379147,1.430211,0.198465,0.012293,0.958012,20000,0.319184,10.652576
9943,54.914263,53.221448,0.605404,0.187101,0.069498,1.031807,20000,0.319184,5.346161
9944,81.975724,112.541638,0.876713,0.469906,0.020022,0.728404,20000,0.319184,6.105388
9945,166.582538,168.44593,0.958038,0.455302,0.071433,0.988938,20000,0.319184,33.566754
9946,104.828993,81.701655,1.636789,0.386177,0.030158,1.283071,20000,0.319184,33.952041
9947,68.671003,95.612913,0.288974,0.295095,0.010936,0.718219,20000,0.319184,0.097203
9948,60.450781,70.581433,0.378837,0.568215,0.039023,0.856469,20000,0.319184,5.204691
9949,142.988747,152.004617,1.142829,0.393376,0.028834,0.940687,20000,0.319184,22.799357
9950,71.92158,81.095874,0.370524,0.479359,0.026283,0.886871,20000,0.319184,5.229225
9951,153.111826,152.653446,0.146581,0.204232,0.029747,1.003003,20000,0.319184,5.233777
9952,95.059134,133.218038,0.669325,0.489093,0.014571,0.713561,20000,0.319184,5.25346
9953,167.535772,177.228803,1.36292,0.151224,0.058352,0.945308,20000,0.319184,13.845419
9954,103.072502,85.395889,0.183995,0.447393,0.065209,1.206996,20000,0.319184,19.856774
9955,143.57627,118.713936,1.332075,0.18299,0.014709,1.209431,20000,0.319184,29.28205
9956,118.423116,115.909154,0.428618,0.32429,0.028172,1.021689,20000,0.319184,11.729637
9957,173.451393,164.842691,1.619333,0.356345,0.026625,1.052224,20000,0.319184,37.987162
9958,93.812367,104.847456,0.493014,0.547056,0.078482,0.894751,20000,0.319184,11.479559
9959,108.276648,89.419774,1.632404,0.502984,0.051351,1.21088,20000,0.319184,39.679472
9960,48.635874,65.775734,1.074017,0.149656,0.017471,0.73942,20000,0.319184,0.115981
9961,190.633211,190.231848,0.163914,0.544456,0.066557,1.00211,20000,0.319184,18.173851
9962,142.57392,117.318091,0.61469,0.308027,0.06346,1.215277,20000,0.319184,32.664481
9963,122.208551,104.827857,0.733744,0.23642,0.051303,1.165802,20000,0.319184,23.228815
9964,146.440904,113.948538,1.397943,0.448174,0.005914,1.285149,20000,0.319184,47.479259
9965,187.722037,177.530801,1.049912,0.268279,0.074497,1.057405,20000,0.319184,32.530729
9966,168.172911,199.928333,1.081389,0.440936,0.049073,0.841166,20000,0.319184,23.00567
9967,86.613558,75.022424,1.412538,0.453454,0.07294,1.154502,20000,0.319184,27.63733
9968,88.239376,77.244536,0.437846,0.254243,0.023257,1.142338,20000,0.319184,13.186753
9969,135.859706,113.077568,0.836261,0.499828,0.039747,1.201474,20000,0.319184,37.937507
9970,184.051727,174.679312,0.434584,0.533638,0.073693,1.053655,20000,0.319184,32.779535
9971,73.725596,68.521536,0.873513,0.243451,0.071376,1.075948,20000,0.319184,12.162104
9972,164.089838,188.802062,0.924386,0.37484,0.037645,0.86911,20000,0.319184,16.247517
9973,98.790466,85.855324,1.954138,0.136214,0.028997,1.150662,20000,0.319184,19.007078
9974,80.299533,97.463195,1.635778,0.12217,0.064092,0.823896,20000,0.319184,2.282278
9975,89.764221,90.396261,1.036047,0.439811,0.031453,0.993008,20000,0.319184,16.477852
9976,178.083306,147.675978,1.151523,0.572559,0.006953,1.205906,20000,0.319184,57.261739
9977,60.506024,60.900426,1.166178,0.442506,0.018429,0.993524,20000,0.319184,11.640972
9978,141.200826,152.493088,1.628793,0.572566,0.00763,0.925949,20000,0.319184,36.946292
9979,250.752269,197.638872,1.778694,0.378133,0.076513,1.26874,20000,0.319184,91.763018
9980,62.045865,53.94704,1.511844,0.43803,0.072504,1.150125,20000,0.319184,19.760924
9981,49.734955,57.719795,0.983391,0.571768,0.059179,0.861662,20000,0.319184,9.264992
9982,71.004451,77.305504,1.279718,0.349461,0.003149,0.918492,20000,0.319184,8.677493
9983,55.617153,52.913594,1.742325,0.321062,0.020121,1.051094,20000,0.319184,11.584208
9984,139.389031,162.895779,1.319436,0.106396,0.079498,0.855695,20000,0.319184,3.81546
9985,64.208286,83.301113,1.484111,0.321752,0.074529,0.770797,20000,0.319184,6.361967
9986,71.029898,61.882356,1.753215,0.414699,0.074502,1.147821,20000,0.319184,23.500621
9987,130.046761,155.475173,0.576122,0.227171,0.000378,0.836447,20000,0.319184,1.928505
9988,172.125539,151.40332,1.028586,0.270665,0.072824,1.136868,20000,0.319184,37.417594
9989,82.23614,91.190153,0.525751,0.495496,0.073815,0.901809,20000,0.319184,9.400537
9990,105.887208,89.979608,0.20071,0.159537,0.04879,1.176791,20000,0.319184,16.817824
9991,108.808667,112.851944,0.524678,0.441511,0.067268,0.964172,20000,0.319184,14.118486
9992,163.049108,187.80569,1.114376,0.256179,0.079918,0.86818,20000,0.319184,13.999074
9993,87.169369,109.210205,0.740693,0.206366,0.018292,0.79818,20000,0.319184,1.01903
9994,64.703015,88.992304,0.722434,0.508172,0.0075,0.727063,20000,0.319184,4.34367
9995,154.612868,183.330948,0.274317,0.270901,0.019569,0.843354,20000,0.319184,1.399128
9996,165.4913,173.488861,1.284269,0.428591,0.076902,0.953902,20000,0.319184,35.316703
9997,106.10769,114.179008,1.330193,0.48922,0.064973,0.92931,20000,0.319184,24.314431
9998,67.423108,60.880521,1.957239,0.462472,0.060755,1.107466,20000,0.319184,22.950455
9999,78.990216,88.697278,1.783858,0.238555,0.025947,0.89056,20000,0.319184,7.851403
10000,92.761887,93.547071,1.348275,0.208286,0.004654,0.991607,20000,0.319184,8.953209
